area_type,availability,location,size,total_sqft,bath,balcony,price,bhk,price_per_sqft,price_per_squrt
Super built-up  Area,20-May,1st Block Jayanagar,4 BHK,2850.0,4,1,428.0,4,15017.54,15017.54
Super built-up  Area,18-Jun,1st Block Jayanagar,3 BHK,1630.0,3,2,194.0,3,11901.84,11901.84
Super built-up  Area,Ready To Move,1st Block Jayanagar,3 BHK,1875.0,2,3,235.0,3,12533.33,12533.33
Built-up  Area,15-Dec,1st Block Jayanagar,3 BHK,1200.0,2,0,130.0,3,10833.33,10833.33
Super built-up  Area,18-Jun,1st Block Jayanagar,2 BHK,1235.0,2,2,148.0,2,11983.81,11983.81
Super built-up  Area,20-May,1st Block Jayanagar,4 BHK,2750.0,4,0,413.0,4,15018.18,15018.18
Super built-up  Area,20-May,1st Block Jayanagar,4 BHK,2450.0,4,2,368.0,4,15020.41,15020.41
Super built-up  Area,Ready To Move,1st Phase JP Nagar,3 BHK,1875.0,3,1,167.0,3,8906.67,8906.67
Built-up  Area,Ready To Move,1st Phase JP Nagar,5 Bedroom,1500.0,5,1,85.0,5,5666.67,5666.67
Super built-up  Area,Ready To Move,1st Phase JP Nagar,3 BHK,2065.0,4,1,210.0,3,10169.49,10169.49
Super built-up  Area,Ready To Move,1st Phase JP Nagar,3 BHK,2059.0,3,2,225.0,3,10927.63,10927.63
Super built-up  Area,Ready To Move,1st Phase JP Nagar,2 BHK,1394.0,2,1,100.0,2,7173.6,7173.6
Super built-up  Area,18-May,1st Phase JP Nagar,2 BHK,1077.0,2,2,93.0,2,8635.1,8635.1
Plot  Area,Ready To Move,1st Phase JP Nagar,2 Bedroom,1566.0,2,0,180.0,2,11494.25,11494.25
Built-up  Area,Ready To Move,1st Phase JP Nagar,1 BHK,840.0,2,2,50.0,1,5952.38,5952.38
Super built-up  Area,18-May,1st Phase JP Nagar,3 BHK,1590.0,3,3,131.0,3,8238.99,8238.99
Super built-up  Area,Ready To Move,1st Phase JP Nagar,3 BHK,2180.0,3,2,210.0,3,9633.03,9633.03
Super built-up  Area,Ready To Move,1st Phase JP Nagar,2 BHK,1180.0,2,2,88.5,2,7500.0,7500.0
Super built-up  Area,Ready To Move,1st Phase JP Nagar,2 BHK,1200.0,2,1,86.0,2,7166.67,7166.67
Built-up  Area,Ready To Move,1st Phase JP Nagar,2 BHK,1394.0,2,2,85.0,2,6097.56,6097.56
Super built-up  Area,18-May,1st Phase JP Nagar,3 BHK,2077.0,3,3,175.0,3,8425.61,8425.61
Super built-up  Area,Ready To Move,1st Phase JP Nagar,2 BHK,1205.0,2,1,85.0,2,7053.94,7053.94
Super built-up  Area,Ready To Move,1st Phase JP Nagar,2 BHK,900.0,2,1,75.0,2,8333.33,8333.33
Super built-up  Area,Ready To Move,2nd Phase Judicial Layout,3 BHK,1450.0,2,1,50.75,3,3500.0,3500.0
Super built-up  Area,Ready To Move,2nd Phase Judicial Layout,2 BHK,1150.0,2,1,40.25,2,3500.0,3500.0
Super built-up  Area,Ready To Move,2nd Phase Judicial Layout,3 BHK,1350.0,2,2,47.25,3,3500.0,3500.0
Super built-up  Area,Ready To Move,2nd Phase Judicial Layout,3 BHK,1350.0,2,2,47.25,3,3500.0,3500.0
Super built-up  Area,22-Jun,2nd Phase Judicial Layout,2 BHK,900.0,2,2,41.0,2,4555.56,4555.56
Super built-up  Area,Ready To Move,2nd Phase Judicial Layout,3 BHK,1681.0,3,3,69.0,3,4104.7,4104.7
Super built-up  Area,Ready To Move,2nd Phase Judicial Layout,3 BHK,1350.0,2,2,47.25,3,3500.0,3500.0
Super built-up  Area,Ready To Move,2nd Phase Judicial Layout,2 BHK,1150.0,2,1,40.25,2,3500.0,3500.0
Plot  Area,Ready To Move,2nd Stage Nagarbhavi,4 Bedroom,1500.0,4,2,220.0,4,14666.67,14666.67
Plot  Area,Ready To Move,2nd Stage Nagarbhavi,4 Bedroom,1350.0,4,1,200.0,4,14814.81,14814.81
Plot  Area,Ready To Move,2nd Stage Nagarbhavi,4 Bedroom,1200.0,4,1,225.0,4,18750.0,18750.0
Plot  Area,Ready To Move,2nd Stage Nagarbhavi,4 Bedroom,1500.0,3,2,230.0,4,15333.33,15333.33
Super built-up  Area,Ready To Move,5th Block Hbr Layout,2 BHK,1206.0,2,2,56.0,2,4643.45,4643.45
Super built-up  Area,Ready To Move,5th Block Hbr Layout,3 BHK,1270.0,2,2,70.0,3,5511.81,5511.81
Super built-up  Area,Ready To Move,5th Block Hbr Layout,2 BHK,1312.0,2,3,69.0,2,5259.15,5259.15
Super built-up  Area,Ready To Move,5th Block Hbr Layout,2 BHK,1100.0,2,2,48.0,2,4363.64,4363.64
Built-up  Area,Ready To Move,5th Block Hbr Layout,5 Bedroom,3600.0,5,3,130.0,5,3611.11,3611.11
Built-up  Area,Ready To Move,5th Block Hbr Layout,6 BHK,5100.0,5,3,300.0,6,5882.35,5882.35
Super built-up  Area,Ready To Move,5th Phase JP Nagar,2 BHK,1075.0,2,2,60.0,2,5581.4,5581.4
Built-up  Area,Ready To Move,5th Phase JP Nagar,2 BHK,1150.0,3,3,52.5,2,4565.22,4565.22
Built-up  Area,Ready To Move,5th Phase JP Nagar,2 BHK,1256.0,2,1,62.8,2,5000.0,5000.0
Super built-up  Area,Ready To Move,5th Phase JP Nagar,2 BHK,1207.0,2,2,63.0,2,5219.55,5219.55
Built-up  Area,Ready To Move,5th Phase JP Nagar,3 BHK,1725.0,2,2,100.0,3,5797.1,5797.1
Super built-up  Area,Ready To Move,5th Phase JP Nagar,2 BHK,1440.0,2,2,60.0,2,4166.67,4166.67
Built-up  Area,Ready To Move,5th Phase JP Nagar,3 BHK,1700.0,2,3,100.0,3,5882.35,5882.35
Super built-up  Area,Ready To Move,5th Phase JP Nagar,5 BHK,2500.0,5,1,110.0,5,4400.0,4400.0
Built-up  Area,Ready To Move,5th Phase JP Nagar,1 BHK,600.0,1,1,30.0,1,5000.0,5000.0
Super built-up  Area,Ready To Move,5th Phase JP Nagar,2 BHK,1390.0,2,2,65.0,2,4676.26,4676.26
Built-up  Area,Ready To Move,5th Phase JP Nagar,2 BHK,1256.0,2,1,62.8,2,5000.0,5000.0
Super built-up  Area,Ready To Move,5th Phase JP Nagar,2 BHK,1000.0,2,0,48.0,2,4800.0,4800.0
Super built-up  Area,Ready To Move,5th Phase JP Nagar,3 BHK,1350.0,2,1,75.0,3,5555.56,5555.56
Super built-up  Area,Ready To Move,5th Phase JP Nagar,1 BHK,552.0,1,1,23.5,1,4257.25,4257.25
Super built-up  Area,Ready To Move,5th Phase JP Nagar,2 BHK,1200.0,2,2,51.0,2,4250.0,4250.0
Built-up  Area,Ready To Move,5th Phase JP Nagar,2 BHK,1030.0,2,2,57.0,2,5533.98,5533.98
Super built-up  Area,Ready To Move,5th Phase JP Nagar,2 BHK,1200.0,2,1,68.0,2,5666.67,5666.67
Built-up  Area,Ready To Move,5th Phase JP Nagar,2 BHK,1190.0,2,2,61.8,2,5193.28,5193.28
Super built-up  Area,Ready To Move,5th Phase JP Nagar,5 BHK,4000.0,5,2,170.0,5,4250.0,4250.0
Super built-up  Area,Ready To Move,5th Phase JP Nagar,2 BHK,1080.0,2,1,53.0,2,4907.41,4907.41
Super built-up  Area,Ready To Move,5th Phase JP Nagar,2 BHK,1041.0,2,2,54.0,2,5187.32,5187.32
Super built-up  Area,Ready To Move,5th Phase JP Nagar,2 BHK,812.0,2,1,42.0,2,5172.41,5172.41
Built-up  Area,Ready To Move,5th Phase JP Nagar,2 BHK,1010.0,2,2,57.0,2,5643.56,5643.56
Super built-up  Area,Ready To Move,5th Phase JP Nagar,2 BHK,1075.0,2,2,60.0,2,5581.4,5581.4
Super built-up  Area,Ready To Move,6th Phase JP Nagar,2 BHK,1192.0,2,2,74.0,2,6208.05,6208.05
Super built-up  Area,Ready To Move,6th Phase JP Nagar,2 BHK,1180.0,2,3,80.0,2,6779.66,6779.66
Super built-up  Area,Ready To Move,6th Phase JP Nagar,4 BHK,3245.0,4,1,250.0,4,7704.16,7704.16
Built-up  Area,Ready To Move,6th Phase JP Nagar,3 BHK,1645.0,3,3,100.0,3,6079.03,6079.03
Built-up  Area,Ready To Move,6th Phase JP Nagar,2 BHK,1140.0,2,2,65.0,2,5701.75,5701.75
Super built-up  Area,Ready To Move,6th Phase JP Nagar,3 BHK,2040.0,3,1,200.0,3,9803.92,9803.92
Super built-up  Area,Ready To Move,6th Phase JP Nagar,2 BHK,1213.0,2,1,63.0,2,5193.73,5193.73
Built-up  Area,Ready To Move,6th Phase JP Nagar,2 BHK,1216.0,2,2,60.0,2,4934.21,4934.21
Super built-up  Area,Ready To Move,6th Phase JP Nagar,2 BHK,1460.0,2,1,80.0,2,5479.45,5479.45
Super built-up  Area,Ready To Move,6th Phase JP Nagar,3 BHK,2003.0,3,3,200.0,3,9985.02,9985.02
Super built-up  Area,Ready To Move,6th Phase JP Nagar,3 BHK,1810.0,3,3,131.0,3,7237.57,7237.57
Super built-up  Area,Ready To Move,6th Phase JP Nagar,3 BHK,1515.0,2,2,135.0,3,8910.89,8910.89
Super built-up  Area,Ready To Move,6th Phase JP Nagar,2 BHK,1192.0,2,3,75.0,2,6291.95,6291.95
Super built-up  Area,Ready To Move,6th Phase JP Nagar,2 BHK,1280.0,2,1,88.0,2,6875.0,6875.0
Built-up  Area,Ready To Move,7th Phase JP Nagar,2 BHK,1080.0,2,2,72.0,2,6666.67,6666.67
Super built-up  Area,Ready To Move,7th Phase JP Nagar,2 BHK,1270.0,2,2,93.0,2,7322.83,7322.83
Built-up  Area,Ready To Move,7th Phase JP Nagar,3 BHK,1420.0,2,1,100.0,3,7042.25,7042.25
Built-up  Area,Ready To Move,7th Phase JP Nagar,3 BHK,1850.0,3,1,150.0,3,8108.11,8108.11
Built-up  Area,Ready To Move,7th Phase JP Nagar,2 BHK,1245.0,2,1,94.0,2,7550.2,7550.2
Super built-up  Area,Ready To Move,7th Phase JP Nagar,2 BHK,1175.0,2,1,82.0,2,6978.72,6978.72
Super built-up  Area,Ready To Move,7th Phase JP Nagar,3 BHK,1400.0,2,1,95.0,3,6785.71,6785.71
Super built-up  Area,19-Dec,7th Phase JP Nagar,3 BHK,2225.0,3,1,160.0,3,7191.01,7191.01
Built-up  Area,Ready To Move,7th Phase JP Nagar,2 BHK,1050.0,2,1,71.0,2,6761.9,6761.9
Super built-up  Area,Ready To Move,7th Phase JP Nagar,2 BHK,1100.0,2,0,46.0,2,4181.82,4181.82
Built-up  Area,Ready To Move,7th Phase JP Nagar,2 BHK,918.0,2,1,50.49,2,5500.0,5500.0
Super built-up  Area,Ready To Move,7th Phase JP Nagar,3 BHK,1450.0,2,1,100.0,3,6896.55,6896.55
Super built-up  Area,Ready To Move,7th Phase JP Nagar,2 BHK,1190.0,2,1,49.98,2,4200.0,4200.0
Super built-up  Area,Ready To Move,7th Phase JP Nagar,3 BHK,1420.0,2,2,96.0,3,6760.56,6760.56
Super built-up  Area,Ready To Move,7th Phase JP Nagar,3 BHK,1680.0,3,2,120.0,3,7142.86,7142.86
Super built-up  Area,Ready To Move,7th Phase JP Nagar,2 BHK,980.0,2,2,69.0,2,7040.82,7040.82
Super built-up  Area,Ready To Move,7th Phase JP Nagar,2 BHK,1180.0,2,2,72.0,2,6101.69,6101.69
Built-up  Area,Ready To Move,7th Phase JP Nagar,3 BHK,1400.0,3,1,115.0,3,8214.29,8214.29
Super built-up  Area,Ready To Move,7th Phase JP Nagar,2 BHK,1270.0,2,1,83.0,2,6535.43,6535.43
Super built-up  Area,19-Dec,7th Phase JP Nagar,4 BHK,2503.0,4,0,188.0,4,7510.99,7510.99
Super built-up  Area,Ready To Move,7th Phase JP Nagar,3 BHK,2200.0,3,2,190.0,3,8636.36,8636.36
Super built-up  Area,Ready To Move,7th Phase JP Nagar,3 BHK,1575.0,2,2,110.0,3,6984.13,6984.13
Super built-up  Area,Ready To Move,7th Phase JP Nagar,3 BHK,1850.0,3,2,140.0,3,7567.57,7567.57
Built-up  Area,Ready To Move,7th Phase JP Nagar,3 BHK,1575.0,2,2,120.0,3,7619.05,7619.05
Super built-up  Area,Ready To Move,7th Phase JP Nagar,3 BHK,1850.0,3,2,150.0,3,8108.11,8108.11
Super built-up  Area,Ready To Move,7th Phase JP Nagar,3 BHK,1680.0,3,2,120.0,3,7142.86,7142.86
Super built-up  Area,Ready To Move,7th Phase JP Nagar,2 BHK,1175.0,2,2,82.5,2,7021.28,7021.28
Super built-up  Area,Ready To Move,7th Phase JP Nagar,2 BHK,1215.0,2,2,90.0,2,7407.41,7407.41
Super built-up  Area,Ready To Move,7th Phase JP Nagar,2 BHK,1050.0,2,1,75.0,2,7142.86,7142.86
Super built-up  Area,Ready To Move,7th Phase JP Nagar,3 BHK,1300.0,3,2,89.13,3,6856.15,6856.15
Super built-up  Area,Ready To Move,7th Phase JP Nagar,2 BHK,1130.0,2,2,73.0,2,6460.18,6460.18
Super built-up  Area,Ready To Move,7th Phase JP Nagar,3 BHK,1450.0,3,2,100.0,3,6896.55,6896.55
Super built-up  Area,Ready To Move,7th Phase JP Nagar,2 BHK,1050.0,2,1,50.0,2,4761.9,4761.9
Super built-up  Area,Ready To Move,7th Phase JP Nagar,2 BHK,1275.0,2,1,87.0,2,6823.53,6823.53
Super built-up  Area,Ready To Move,7th Phase JP Nagar,3 BHK,1650.0,3,2,110.0,3,6666.67,6666.67
Built-up  Area,Ready To Move,7th Phase JP Nagar,2 BHK,850.0,2,2,42.0,2,4941.18,4941.18
Built-up  Area,Ready To Move,7th Phase JP Nagar,3 BHK,1680.0,3,2,117.0,3,6964.29,6964.29
Super built-up  Area,Ready To Move,7th Phase JP Nagar,3 BHK,1850.0,3,1,150.0,3,8108.11,8108.11
Super built-up  Area,Ready To Move,7th Phase JP Nagar,2 BHK,1236.0,2,2,61.33,2,4961.97,4961.97
Super built-up  Area,Ready To Move,7th Phase JP Nagar,2 BHK,1000.0,2,2,53.0,2,5300.0,5300.0
Super built-up  Area,Ready To Move,7th Phase JP Nagar,3 BHK,1680.0,3,2,125.0,3,7440.48,7440.48
Super built-up  Area,Ready To Move,7th Phase JP Nagar,3 BHK,1675.0,2,2,135.0,3,8059.7,8059.7
Super built-up  Area,19-Jan,7th Phase JP Nagar,2 BHK,1187.0,2,1,59.0,2,4970.51,4970.51
Super built-up  Area,Ready To Move,7th Phase JP Nagar,3 BHK,1850.0,3,2,155.0,3,8378.38,8378.38
Built-up  Area,Ready To Move,7th Phase JP Nagar,2 BHK,1000.0,2,1,61.0,2,6100.0,6100.0
Super built-up  Area,Ready To Move,7th Phase JP Nagar,3 BHK,1460.0,2,2,100.0,3,6849.32,6849.32
Super built-up  Area,Ready To Move,7th Phase JP Nagar,3 BHK,1650.0,3,3,110.0,3,6666.67,6666.67
Super built-up  Area,Ready To Move,7th Phase JP Nagar,2 BHK,1200.0,2,2,62.5,2,5208.33,5208.33
Super built-up  Area,Ready To Move,7th Phase JP Nagar,2 BHK,1000.0,2,1,70.65,2,7065.0,7065.0
Super built-up  Area,Ready To Move,7th Phase JP Nagar,2 BHK,1080.0,2,2,75.0,2,6944.44,6944.44
Super built-up  Area,Ready To Move,7th Phase JP Nagar,3 BHK,1680.0,3,3,125.0,3,7440.48,7440.48
Super built-up  Area,Ready To Move,7th Phase JP Nagar,3 BHK,1460.0,2,1,97.0,3,6643.84,6643.84
Built-up  Area,Ready To Move,7th Phase JP Nagar,2 BHK,1120.0,2,2,65.0,2,5803.57,5803.57
Super built-up  Area,Ready To Move,7th Phase JP Nagar,2 BHK,1100.0,3,1,60.0,2,5454.55,5454.55
Super built-up  Area,Ready To Move,7th Phase JP Nagar,3 BHK,1790.0,3,3,120.0,3,6703.91,6703.91
Super built-up  Area,Ready To Move,7th Phase JP Nagar,3 BHK,1680.0,3,2,117.0,3,6964.29,6964.29
Super built-up  Area,Ready To Move,7th Phase JP Nagar,2 BHK,1050.0,2,1,77.0,2,7333.33,7333.33
Super built-up  Area,Ready To Move,7th Phase JP Nagar,2 BHK,1050.0,2,1,75.0,2,7142.86,7142.86
Super built-up  Area,Ready To Move,7th Phase JP Nagar,2 BHK,1040.0,2,1,75.0,2,7211.54,7211.54
Super built-up  Area,Ready To Move,7th Phase JP Nagar,3 BHK,1400.0,2,1,95.0,3,6785.71,6785.71
Super built-up  Area,Ready To Move,7th Phase JP Nagar,3 BHK,1800.0,3,2,130.0,3,7222.22,7222.22
Super built-up  Area,Ready To Move,7th Phase JP Nagar,2 BHK,1050.0,2,0,68.0,2,6476.19,6476.19
Built-up  Area,Ready To Move,7th Phase JP Nagar,2 BHK,1000.0,2,2,60.0,2,6000.0,6000.0
Super built-up  Area,Ready To Move,7th Phase JP Nagar,3 BHK,1680.0,3,2,125.0,3,7440.48,7440.48
Super built-up  Area,Ready To Move,7th Phase JP Nagar,2 BHK,1050.0,2,1,77.47,2,7378.1,7378.1
Super built-up  Area,Ready To Move,7th Phase JP Nagar,2 BHK,1270.0,2,1,80.0,2,6299.21,6299.21
Super built-up  Area,Ready To Move,7th Phase JP Nagar,3 BHK,1680.0,3,2,122.0,3,7261.9,7261.9
Super built-up  Area,Ready To Move,7th Phase JP Nagar,2 BHK,1130.0,2,2,85.0,2,7522.12,7522.12
Super built-up  Area,Ready To Move,7th Phase JP Nagar,3 BHK,1680.0,3,3,130.0,3,7738.1,7738.1
Built-up  Area,Ready To Move,7th Phase JP Nagar,2 BHK,980.0,2,1,77.44,2,7902.04,7902.04
Super built-up  Area,Ready To Move,7th Phase JP Nagar,3 BHK,1680.0,3,2,112.0,3,6666.67,6666.67
Super built-up  Area,Ready To Move,7th Phase JP Nagar,3 BHK,2095.0,3,2,150.0,3,7159.9,7159.9
Super built-up  Area,19-Dec,7th Phase JP Nagar,3 BHK,1976.0,3,1,145.0,3,7338.06,7338.06
Super built-up  Area,Ready To Move,7th Phase JP Nagar,3 BHK,1600.0,2,2,110.0,3,6875.0,6875.0
Super built-up  Area,Ready To Move,7th Phase JP Nagar,3 BHK,1765.0,3,2,118.0,3,6685.55,6685.55
Built-up  Area,Ready To Move,7th Phase JP Nagar,3 BHK,1275.0,2,2,88.0,3,6901.96,6901.96
Super built-up  Area,Ready To Move,7th Phase JP Nagar,3 BHK,1450.0,2,1,102.0,3,7034.48,7034.48
Super built-up  Area,Ready To Move,7th Phase JP Nagar,3 BHK,1575.0,2,2,110.0,3,6984.13,6984.13
Super built-up  Area,Ready To Move,7th Phase JP Nagar,1 BHK,750.0,1,2,47.0,1,6266.67,6266.67
Super built-up  Area,Ready To Move,7th Phase JP Nagar,2 BHK,990.0,2,2,50.0,2,5050.51,5050.51
Plot  Area,Ready To Move,7th Phase JP Nagar,1 Bedroom,1000.0,1,1,60.0,1,6000.0,6000.0
Super built-up  Area,Ready To Move,7th Phase JP Nagar,3 BHK,1430.0,2,1,102.0,3,7132.87,7132.87
Super built-up  Area,Ready To Move,7th Phase JP Nagar,2 BHK,1128.0,2,1,60.0,2,5319.15,5319.15
Built-up  Area,Ready To Move,7th Phase JP Nagar,2 BHK,1140.0,2,1,57.0,2,5000.0,5000.0
Super built-up  Area,Ready To Move,7th Phase JP Nagar,3 BHK,1420.0,3,2,90.0,3,6338.03,6338.03
Super built-up  Area,Ready To Move,7th Phase JP Nagar,2 BHK,1530.0,2,1,108.0,2,7058.82,7058.82
Super built-up  Area,19-Mar,8th Phase JP Nagar,2 BHK,1073.5,2,0,54.005,2,5030.74,5030.74
Super built-up  Area,18-May,8th Phase JP Nagar,1 BHK,451.0,1,0,29.9,1,6629.71,6629.71
Super built-up  Area,Ready To Move,8th Phase JP Nagar,2 BHK,1062.0,2,1,42.47,2,3999.06,3999.06
Super built-up  Area,20-Mar,8th Phase JP Nagar,3 BHK,1455.0,3,2,73.31,3,5038.49,5038.49
Super built-up  Area,Ready To Move,8th Phase JP Nagar,2 BHK,871.0,2,2,55.0,2,6314.58,6314.58
Super built-up  Area,Ready To Move,8th Phase JP Nagar,2 BHK,1098.0,2,1,43.91,2,3999.09,3999.09
Super built-up  Area,Ready To Move,8th Phase JP Nagar,3 BHK,1800.0,3,1,80.0,3,4444.44,4444.44
Built-up  Area,Ready To Move,8th Phase JP Nagar,4 Bedroom,2700.0,4,2,130.0,4,4814.81,4814.81
Super built-up  Area,18-Oct,8th Phase JP Nagar,2 BHK,1080.0,2,2,38.0,2,3518.52,3518.52
Super built-up  Area,18-Jan,8th Phase JP Nagar,2 BHK,1059.0,2,2,34.5,2,3257.79,3257.79
Super built-up  Area,18-Jun,8th Phase JP Nagar,2 BHK,1080.0,2,2,35.0,2,3240.74,3240.74
Super built-up  Area,Ready To Move,8th Phase JP Nagar,2 BHK,1062.0,2,1,42.47,2,3999.06,3999.06
Super built-up  Area,18-Jul,8th Phase JP Nagar,1 BHK,500.0,1,1,31.0,1,6200.0,6200.0
Super built-up  Area,18-Jun,8th Phase JP Nagar,2 BHK,1100.0,2,2,35.0,2,3181.82,3181.82
Super built-up  Area,Ready To Move,8th Phase JP Nagar,4 BHK,2100.0,4,3,92.0,4,4380.95,4380.95
Super built-up  Area,Ready To Move,8th Phase JP Nagar,2 BHK,1035.0,2,1,39.33,2,3800.0,3800.0
Super built-up  Area,Ready To Move,8th Phase JP Nagar,2 BHK,909.0,2,1,40.9,2,4499.45,4499.45
Super built-up  Area,19-Mar,8th Phase JP Nagar,3 BHK,1431.5,3,0,72.02,3,5031.09,5031.09
Built-up  Area,Ready To Move,8th Phase JP Nagar,3 Bedroom,1900.0,4,1,90.0,3,4736.84,4736.84
Super built-up  Area,18-Jul,8th Phase JP Nagar,1 BHK,500.0,1,1,30.0,1,6000.0,6000.0
Super built-up  Area,18-Jun,8th Phase JP Nagar,2 BHK,1125.0,2,2,36.94,2,3283.56,3283.56
Super built-up  Area,Ready To Move,8th Phase JP Nagar,2 BHK,1100.0,2,3,35.0,2,3181.82,3181.82
Super built-up  Area,Ready To Move,8th Phase JP Nagar,2 BHK,1089.0,2,1,43.55,2,3999.08,3999.08
Super built-up  Area,Ready To Move,8th Phase JP Nagar,3 BHK,1504.0,2,2,83.0,3,5518.62,5518.62
Built-up  Area,Ready To Move,8th Phase JP Nagar,4 Bedroom,2600.0,4,2,115.0,4,4423.08,4423.08
Super built-up  Area,Ready To Move,8th Phase JP Nagar,2 BHK,1089.0,2,1,43.55,2,3999.08,3999.08
Super built-up  Area,Ready To Move,8th Phase JP Nagar,2 BHK,1513.0,2,3,62.0,2,4097.82,4097.82
Built-up  Area,Ready To Move,8th Phase JP Nagar,2 BHK,1298.0,2,1,59.0,2,4545.45,4545.45
Built-up  Area,Ready To Move,8th Phase JP Nagar,2 BHK,1006.0,2,0,44.0,2,4373.76,4373.76
Carpet  Area,18-Jul,8th Phase JP Nagar,1 BHK,500.0,1,1,33.0,1,6600.0,6600.0
Super built-up  Area,Ready To Move,8th Phase JP Nagar,2 BHK,1160.0,2,1,95.0,2,8189.66,8189.66
Super built-up  Area,18-Mar,8th Phase JP Nagar,2 BHK,1245.0,2,1,59.0,2,4738.96,4738.96
Super built-up  Area,Ready To Move,8th Phase JP Nagar,2 BHK,1510.0,2,3,80.0,2,5298.01,5298.01
Super built-up  Area,Ready To Move,8th Phase JP Nagar,3 BHK,3300.0,3,2,165.0,3,5000.0,5000.0
Built-up  Area,Ready To Move,8th Phase JP Nagar,5 Bedroom,1730.0,5,2,75.0,5,4335.26,4335.26
Super built-up  Area,18-Jun,8th Phase JP Nagar,2 BHK,1046.0,2,1,48.0,2,4588.91,4588.91
Super built-up  Area,19-Mar,8th Phase JP Nagar,3 BHK,1408.0,3,2,80.0,3,5681.82,5681.82
Super built-up  Area,Ready To Move,9th Phase JP Nagar,2 BHK,1005.0,2,1,50.0,2,4975.12,4975.12
Super built-up  Area,21-Sep,9th Phase JP Nagar,2 BHK,1100.0,2,1,65.0,2,5909.09,5909.09
Super built-up  Area,18-Jun,9th Phase JP Nagar,2 BHK,1080.0,2,2,37.0,2,3425.93,3425.93
Built-up  Area,Ready To Move,9th Phase JP Nagar,2 BHK,1035.0,2,1,45.0,2,4347.83,4347.83
Built-up  Area,Ready To Move,9th Phase JP Nagar,4 BHK,5000.0,4,3,290.0,4,5800.0,5800.0
Built-up  Area,Ready To Move,9th Phase JP Nagar,2 BHK,1164.0,2,1,56.0,2,4811.0,4811.0
Super built-up  Area,Ready To Move,9th Phase JP Nagar,2 BHK,1005.0,2,1,42.0,2,4179.1,4179.1
Super built-up  Area,19-Dec,9th Phase JP Nagar,2 BHK,1127.0,2,1,50.0,2,4436.56,4436.56
Super built-up  Area,Ready To Move,9th Phase JP Nagar,2 BHK,1005.0,2,1,43.0,2,4278.61,4278.61
Built-up  Area,Ready To Move,9th Phase JP Nagar,2 BHK,835.0,2,0,37.0,2,4431.14,4431.14
Super built-up  Area,18-Jul,9th Phase JP Nagar,2 BHK,1050.0,2,2,39.0,2,3714.29,3714.29
Super built-up  Area,Ready To Move,9th Phase JP Nagar,2 BHK,660.0,2,0,27.0,2,4090.91,4090.91
Built-up  Area,Ready To Move,9th Phase JP Nagar,1 BHK,600.0,1,0,20.0,1,3333.33,3333.33
Super built-up  Area,18-Mar,9th Phase JP Nagar,2 BHK,1466.0,2,2,71.0,2,4843.11,4843.11
Built-up  Area,Ready To Move,9th Phase JP Nagar,3 BHK,1890.0,2,1,93.0,3,4920.63,4920.63
Super built-up  Area,21-Sep,9th Phase JP Nagar,2 BHK,1079.0,2,1,60.0,2,5560.7,5560.7
Super built-up  Area,21-Sep,9th Phase JP Nagar,2 BHK,1480.0,2,1,80.0,2,5405.41,5405.41
Plot  Area,Ready To Move,9th Phase JP Nagar,2 Bedroom,1200.0,2,0,80.0,2,6666.67,6666.67
Super built-up  Area,Ready To Move,9th Phase JP Nagar,2 BHK,905.0,2,1,32.0,2,3535.91,3535.91
Super built-up  Area,21-Sep,9th Phase JP Nagar,2 BHK,1073.0,2,1,52.36,2,4879.78,4879.78
Super built-up  Area,Ready To Move,9th Phase JP Nagar,3 BHK,1719.3,2,2,88.0,3,5118.36,5118.36
Super built-up  Area,18-Mar,9th Phase JP Nagar,3 BHK,1780.0,3,2,88.0,3,4943.82,4943.82
Super built-up  Area,21-Sep,9th Phase JP Nagar,3 BHK,1522.0,3,2,90.0,3,5913.27,5913.27
Built-up  Area,Ready To Move,9th Phase JP Nagar,2 BHK,890.0,2,2,45.0,2,5056.18,5056.18
Built-up  Area,Ready To Move,9th Phase JP Nagar,4 BHK,5000.0,4,1,300.0,4,6000.0,6000.0
Super built-up  Area,18-Mar,9th Phase JP Nagar,2 BHK,1050.0,2,2,35.0,2,3333.33,3333.33
Super built-up  Area,Ready To Move,9th Phase JP Nagar,2 BHK,1331.95,2,2,69.0,2,5180.37,5180.37
Super built-up  Area,Ready To Move,AECS Layout,2 BHK,1100.0,2,3,45.0,2,4090.91,4090.91
Super built-up  Area,Ready To Move,AECS Layout,2 BHK,1028.0,2,1,42.0,2,4085.6,4085.6
Super built-up  Area,Ready To Move,AECS Layout,2 BHK,1199.0,2,2,65.0,2,5421.18,5421.18
Super built-up  Area,Ready To Move,AECS Layout,2 BHK,1080.0,2,2,55.0,2,5092.59,5092.59
Super built-up  Area,Ready To Move,AECS Layout,2 BHK,1123.0,2,2,64.0,2,5699.02,5699.02
Super built-up  Area,Ready To Move,AECS Layout,2 BHK,1308.0,2,1,60.0,2,4587.16,4587.16
Super built-up  Area,Ready To Move,AECS Layout,2 BHK,1005.0,2,1,55.0,2,5472.64,5472.64
Super built-up  Area,Ready To Move,Abbigere,2 BHK,985.0,2,1,40.39,2,4100.51,4100.51
Built-up  Area,Ready To Move,Abbigere,6 Bedroom,2200.0,6,2,68.0,6,3090.91,3090.91
Super built-up  Area,Ready To Move,Abbigere,1 BHK,765.0,2,2,30.0,1,3921.57,3921.57
Super built-up  Area,21-Dec,Abbigere,2 BHK,880.0,2,1,35.0,2,3977.27,3977.27
Super built-up  Area,Ready To Move,Abbigere,2 BHK,795.0,2,1,32.54,2,4093.08,4093.08
Super built-up  Area,Ready To Move,Abbigere,2 BHK,1005.0,2,1,39.59,2,3939.3,3939.3
Super built-up  Area,18-Jun,Abbigere,1 BHK,734.0,1,0,19.82,1,2700.27,2700.27
Super built-up  Area,Ready To Move,Abbigere,2 BHK,1020.0,2,1,41.82,2,4100.0,4100.0
Super built-up  Area,Ready To Move,Abbigere,2 BHK,985.0,2,1,40.39,2,4100.51,4100.51
Built-up  Area,Ready To Move,Abbigere,6 Bedroom,2500.0,6,0,81.0,6,3240.0,3240.0
Super built-up  Area,Ready To Move,Abbigere,2 BHK,795.0,2,1,32.54,2,4093.08,4093.08
Super built-up  Area,Ready To Move,Abbigere,2 BHK,1130.0,2,1,46.33,2,4100.0,4100.0
Super built-up  Area,Ready To Move,Abbigere,2 BHK,795.0,1,1,32.6,2,4100.63,4100.63
Built-up  Area,Ready To Move,Abbigere,8 Bedroom,3000.0,8,0,150.0,8,5000.0,5000.0
Super built-up  Area,Ready To Move,Abbigere,2 BHK,985.0,2,1,38.92,2,3951.27,3951.27
Super built-up  Area,Ready To Move,Abbigere,2 BHK,1000.0,2,1,41.0,2,4100.0,4100.0
Super built-up  Area,Ready To Move,Abbigere,2 BHK,995.0,2,1,40.8,2,4100.5,4100.5
Super built-up  Area,Ready To Move,Abbigere,2 BHK,1020.0,2,1,40.8,2,4000.0,4000.0
Super built-up  Area,Ready To Move,Akshaya Nagar,2 BHK,1388.0,2,3,57.0,2,4106.63,4106.63
Super built-up  Area,Ready To Move,Akshaya Nagar,2 BHK,1070.0,2,1,54.0,2,5046.73,5046.73
Built-up  Area,Ready To Move,Akshaya Nagar,2 BHK,1280.0,2,1,58.0,2,4531.25,4531.25
Built-up  Area,Ready To Move,Akshaya Nagar,3 BHK,1662.0,3,3,85.1,3,5120.34,5120.34
Super built-up  Area,Ready To Move,Akshaya Nagar,3 BHK,1897.0,3,2,120.0,3,6325.78,6325.78
Super built-up  Area,Ready To Move,Akshaya Nagar,3 BHK,1410.0,2,2,75.0,3,5319.15,5319.15
Super built-up  Area,18-Mar,Akshaya Nagar,3 BHK,1360.0,2,2,85.0,3,6250.0,6250.0
Super built-up  Area,Ready To Move,Akshaya Nagar,3 BHK,1410.0,2,2,80.0,3,5673.76,5673.76
Built-up  Area,Ready To Move,Akshaya Nagar,3 BHK,1662.0,3,2,85.0,3,5114.32,5114.32
Built-up  Area,Ready To Move,Akshaya Nagar,3 BHK,1662.0,3,2,85.5,3,5144.4,5144.4
Built-up  Area,Ready To Move,Akshaya Nagar,2 BHK,1280.0,2,1,60.0,2,4687.5,4687.5
Built-up  Area,Ready To Move,Akshaya Nagar,3 BHK,1666.0,3,1,95.0,3,5702.28,5702.28
Super built-up  Area,Ready To Move,Akshaya Nagar,3 BHK,1575.0,3,1,90.0,3,5714.29,5714.29
Super built-up  Area,Ready To Move,Akshaya Nagar,3 BHK,1430.0,2,2,75.0,3,5244.76,5244.76
Built-up  Area,Ready To Move,Akshaya Nagar,3 BHK,1419.0,2,3,73.0,3,5144.47,5144.47
Super built-up  Area,Ready To Move,Akshaya Nagar,2 BHK,1280.0,2,1,60.0,2,4687.5,4687.5
Super built-up  Area,Ready To Move,Akshaya Nagar,2 BHK,1200.0,2,1,50.0,2,4166.67,4166.67
Super built-up  Area,18-May,Akshaya Nagar,2 BHK,1092.0,2,1,60.0,2,5494.51,5494.51
Super built-up  Area,Ready To Move,Akshaya Nagar,3 BHK,1690.0,3,2,85.0,3,5029.59,5029.59
Super built-up  Area,Ready To Move,Akshaya Nagar,3 BHK,1897.0,4,2,93.0,3,4902.48,4902.48
Super built-up  Area,Ready To Move,Akshaya Nagar,3 BHK,1884.0,3,3,98.0,3,5201.7,5201.7
Super built-up  Area,Ready To Move,Akshaya Nagar,2 BHK,1314.0,2,2,68.8,2,5235.92,5235.92
Super built-up  Area,Ready To Move,Akshaya Nagar,3 BHK,1690.0,3,2,85.0,3,5029.59,5029.59
Super built-up  Area,Ready To Move,Akshaya Nagar,2 BHK,1265.0,2,3,67.0,2,5296.44,5296.44
Super built-up  Area,Ready To Move,Akshaya Nagar,2 BHK,1126.0,2,1,55.0,2,4884.55,4884.55
Super built-up  Area,Ready To Move,Akshaya Nagar,3 BHK,1662.0,3,1,90.0,3,5415.16,5415.16
Super built-up  Area,Ready To Move,Akshaya Nagar,3 BHK,1420.0,2,2,75.0,3,5281.69,5281.69
Super built-up  Area,Ready To Move,Akshaya Nagar,3 BHK,1412.0,2,3,88.0,3,6232.29,6232.29
Built-up  Area,Ready To Move,Akshaya Nagar,3 BHK,1434.0,3,3,84.0,3,5857.74,5857.74
Super built-up  Area,Ready To Move,Akshaya Nagar,3 BHK,1890.0,4,2,100.0,3,5291.01,5291.01
Super built-up  Area,Ready To Move,Akshaya Nagar,3 BHK,1419.0,2,3,87.0,3,6131.08,6131.08
Super built-up  Area,Ready To Move,Akshaya Nagar,2 BHK,1300.0,2,1,54.0,2,4153.85,4153.85
Super built-up  Area,Ready To Move,Akshaya Nagar,3 BHK,1690.0,3,2,85.0,3,5029.59,5029.59
Super built-up  Area,Ready To Move,Akshaya Nagar,2 BHK,1113.0,2,1,52.0,2,4672.06,4672.06
Super built-up  Area,Ready To Move,Akshaya Nagar,3 BHK,1820.0,4,2,95.0,3,5219.78,5219.78
Super built-up  Area,Ready To Move,Akshaya Nagar,2 BHK,1100.0,2,2,48.0,2,4363.64,4363.64
Super built-up  Area,Ready To Move,Akshaya Nagar,3 BHK,1896.0,3,2,102.0,3,5379.75,5379.75
Super built-up  Area,Ready To Move,Akshaya Nagar,2 BHK,1300.0,2,2,66.0,2,5076.92,5076.92
Super built-up  Area,Ready To Move,Akshaya Nagar,2 BHK,1225.0,2,0,68.0,2,5551.02,5551.02
Super built-up  Area,Ready To Move,Akshaya Nagar,2 BHK,1179.0,2,1,51.0,2,4325.7,4325.7
Super built-up  Area,Ready To Move,Akshaya Nagar,3 BHK,1421.0,2,2,73.0,3,5137.23,5137.23
Super built-up  Area,Ready To Move,Akshaya Nagar,3 BHK,1893.0,4,2,95.0,3,5018.49,5018.49
Built-up  Area,Ready To Move,Akshaya Nagar,2 BHK,900.0,2,1,45.0,2,5000.0,5000.0
Super built-up  Area,Ready To Move,Ambalipura,2 BHK,1105.0,2,1,75.0,2,6787.33,6787.33
Super built-up  Area,Ready To Move,Ambalipura,3 BHK,1800.0,3,3,110.0,3,6111.11,6111.11
Built-up  Area,Ready To Move,Ambalipura,2 BHK,1150.0,2,2,80.0,2,6956.52,6956.52
Super built-up  Area,Ready To Move,Ambalipura,2 BHK,1250.0,2,2,66.25,2,5300.0,5300.0
Super built-up  Area,Ready To Move,Ambalipura,2 BHK,1332.0,2,1,79.0,2,5930.93,5930.93
Super built-up  Area,Ready To Move,Ambalipura,3 BHK,1730.0,3,1,120.0,3,6936.42,6936.42
Super built-up  Area,Ready To Move,Ambalipura,2 BHK,1230.0,2,2,66.25,2,5386.18,5386.18
Super built-up  Area,Ready To Move,Ambalipura,2 BHK,1351.0,2,1,77.0,2,5699.48,5699.48
Super built-up  Area,Ready To Move,Ambalipura,2 BHK,1303.0,2,2,80.0,2,6139.68,6139.68
Super built-up  Area,Ready To Move,Ambalipura,3 BHK,1607.0,2,2,112.0,3,6969.51,6969.51
Super built-up  Area,Ready To Move,Ambalipura,1 BHK,770.0,1,2,43.82,1,5690.91,5690.91
Super built-up  Area,Ready To Move,Ambalipura,2 BHK,1700.0,2,2,76.0,2,4470.59,4470.59
Super built-up  Area,Ready To Move,Ambalipura,2 BHK,1060.0,2,1,58.5,2,5518.87,5518.87
Built-up  Area,Ready To Move,Ambalipura,3 BHK,1650.0,3,3,100.0,3,6060.61,6060.61
Super built-up  Area,Ready To Move,Ambalipura,3 BHK,1607.0,2,2,112.0,3,6969.51,6969.51
Super built-up  Area,Ready To Move,Ambalipura,2 BHK,1198.0,2,2,80.0,2,6677.8,6677.8
Super built-up  Area,Ready To Move,Ambedkar Nagar,3 BHK,1935.0,4,2,130.0,3,6718.35,6718.35
Super built-up  Area,Ready To Move,Ambedkar Nagar,2 BHK,1424.0,2,2,90.0,2,6320.22,6320.22
Super built-up  Area,Ready To Move,Ambedkar Nagar,3 BHK,2225.0,4,2,169.0,3,7595.51,7595.51
Super built-up  Area,Ready To Move,Ambedkar Nagar,3 BHK,1862.0,3,2,120.0,3,6444.68,6444.68
Super built-up  Area,Ready To Move,Ambedkar Nagar,3 BHK,1850.0,4,3,139.0,3,7513.51,7513.51
Super built-up  Area,Ready To Move,Ambedkar Nagar,3 BHK,1936.0,4,2,126.0,3,6508.26,6508.26
Super built-up  Area,Ready To Move,Ambedkar Nagar,3 BHK,1862.0,3,2,119.0,3,6390.98,6390.98
Super built-up  Area,Ready To Move,Ambedkar Nagar,2 BHK,1424.0,2,2,90.0,2,6320.22,6320.22
Super built-up  Area,Ready To Move,Ambedkar Nagar,3 BHK,2150.0,4,2,125.0,3,5813.95,5813.95
Built-up  Area,Ready To Move,Ambedkar Nagar,4 BHK,3530.0,4,2,290.0,4,8215.3,8215.3
Super built-up  Area,Ready To Move,Ambedkar Nagar,3 BHK,1856.0,3,1,120.0,3,6465.52,6465.52
Super built-up  Area,Ready To Move,Ambedkar Nagar,3 BHK,1852.0,3,2,130.0,3,7019.44,7019.44
Super built-up  Area,Ready To Move,Ambedkar Nagar,3 BHK,1850.0,4,2,120.0,3,6486.49,6486.49
Super built-up  Area,Ready To Move,Ambedkar Nagar,2 BHK,1367.0,2,2,86.0,2,6291.15,6291.15
Plot  Area,18-Dec,Ambedkar Nagar,4 Bedroom,3565.0,4,3,255.0,4,7152.88,7152.88
Super built-up  Area,Ready To Move,Ambedkar Nagar,2 BHK,1409.0,2,2,95.0,2,6742.37,6742.37
Super built-up  Area,Ready To Move,Ambedkar Nagar,3 BHK,1950.0,4,2,120.0,3,6153.85,6153.85
Super built-up  Area,Ready To Move,Ambedkar Nagar,3 BHK,1921.0,4,3,129.0,3,6715.25,6715.25
Super built-up  Area,Ready To Move,Ambedkar Nagar,3 BHK,1920.0,4,2,121.0,3,6302.08,6302.08
Super built-up  Area,Ready To Move,Ambedkar Nagar,3 BHK,1935.0,4,2,125.0,3,6459.95,6459.95
Super built-up  Area,Ready To Move,Ambedkar Nagar,3 BHK,1852.0,4,2,122.0,3,6587.47,6587.47
Super built-up  Area,Ready To Move,Ambedkar Nagar,3 BHK,1950.0,4,2,120.0,3,6153.85,6153.85
Super built-up  Area,Ready To Move,Ambedkar Nagar,3 BHK,1852.0,3,2,125.0,3,6749.46,6749.46
Super built-up  Area,Ready To Move,Ambedkar Nagar,3 BHK,1850.0,4,2,121.0,3,6540.54,6540.54
Super built-up  Area,Ready To Move,Ambedkar Nagar,2 BHK,1425.0,2,1,94.0,2,6596.49,6596.49
Built-up  Area,Ready To Move,Ambedkar Nagar,3 BHK,2395.0,4,2,150.0,3,6263.05,6263.05
Super built-up  Area,Ready To Move,Amruthahalli,2 BHK,900.0,2,1,40.0,2,4444.44,4444.44
Super built-up  Area,Ready To Move,Amruthahalli,2 BHK,1200.0,2,2,55.0,2,4583.33,4583.33
Built-up  Area,Ready To Move,Amruthahalli,3 Bedroom,1900.0,3,1,135.0,3,7105.26,7105.26
Built-up  Area,Ready To Move,Amruthahalli,2 BHK,924.0,2,1,45.0,2,4870.13,4870.13
Carpet  Area,Ready To Move,Amruthahalli,2 BHK,900.0,2,1,60.0,2,6666.67,6666.67
Built-up  Area,Ready To Move,Amruthahalli,2 BHK,1100.0,2,1,45.0,2,4090.91,4090.91
Super built-up  Area,Ready To Move,Amruthahalli,2 BHK,1200.0,2,1,55.0,2,4583.33,4583.33
Super built-up  Area,Ready To Move,Amruthahalli,3 BHK,1450.0,2,1,85.0,3,5862.07,5862.07
Super built-up  Area,Ready To Move,Amruthahalli,2 BHK,1200.0,2,2,55.0,2,4583.33,4583.33
Super built-up  Area,Ready To Move,Amruthahalli,2 BHK,1250.0,2,2,79.0,2,6320.0,6320.0
Super built-up  Area,Ready To Move,Amruthahalli,2 BHK,1190.0,2,2,50.0,2,4201.68,4201.68
Super built-up  Area,Ready To Move,Amruthahalli,2 BHK,1202.0,2,1,65.0,2,5407.65,5407.65
Super built-up  Area,Ready To Move,Amruthahalli,2 BHK,1340.0,2,1,75.0,2,5597.01,5597.01
Super built-up  Area,Ready To Move,Amruthahalli,3 BHK,2650.0,4,0,175.0,3,6603.77,6603.77
Built-up  Area,Ready To Move,Amruthahalli,3 BHK,1450.0,2,1,90.0,3,6206.9,6206.9
Super built-up  Area,Ready To Move,Amruthahalli,2 BHK,1025.0,2,1,42.0,2,4097.56,4097.56
Built-up  Area,Ready To Move,Amruthahalli,1 BHK,485.0,1,1,19.5,1,4020.62,4020.62
Super built-up  Area,17-Jul,Anandapura,2 BHK,1167.0,2,1,43.76,2,3749.79,3749.79
Plot  Area,17-Dec,Anandapura,2 Bedroom,1000.0,2,1,55.0,2,5500.0,5500.0
Super built-up  Area,17-Jul,Anandapura,2 BHK,1141.0,2,1,42.79,2,3750.22,3750.22
Plot  Area,Ready To Move,Anandapura,2 Bedroom,1200.0,2,1,67.0,2,5583.33,5583.33
Plot  Area,Ready To Move,Anandapura,2 Bedroom,1200.0,2,1,58.0,2,4833.33,4833.33
Super built-up  Area,Ready To Move,Anandapura,2 BHK,1151.0,2,1,43.1,2,3744.57,3744.57
Super built-up  Area,Ready To Move,Anandapura,2 BHK,1141.0,2,1,42.75,2,3746.71,3746.71
Plot  Area,Ready To Move,Anandapura,2 Bedroom,900.0,2,0,48.0,2,5333.33,5333.33
Plot  Area,Ready To Move,Anandapura,4 Bedroom,1749.0,4,0,90.0,4,5145.8,5145.8
Super built-up  Area,Ready To Move,Anandapura,2 BHK,1151.0,2,1,42.9,2,3727.19,3727.19
Built-up  Area,Ready To Move,Anandapura,2 BHK,1250.0,2,2,45.0,2,3600.0,3600.0
Super built-up  Area,17-Jul,Anandapura,2 BHK,1151.0,2,1,43.16,2,3749.78,3749.78
Built-up  Area,Ready To Move,Anandapura,2 Bedroom,1200.0,2,0,58.0,2,4833.33,4833.33
Plot  Area,Ready To Move,Anandapura,3 Bedroom,1200.0,2,0,66.0,3,5500.0,5500.0
Plot  Area,Ready To Move,Anandapura,3 Bedroom,1415.0,2,1,74.0,3,5229.68,5229.68
Super built-up  Area,Ready To Move,Anandapura,2 BHK,1200.0,2,1,50.0,2,4166.67,4166.67
Super built-up  Area,Ready To Move,Anandapura,2 BHK,1141.0,2,1,50.0,2,4382.12,4382.12
Super built-up  Area,18-Jun,Ananth Nagar,1 BHK,500.0,1,1,14.0,1,2800.0,2800.0
Super built-up  Area,Ready To Move,Ananth Nagar,2 BHK,1100.0,2,2,31.5,2,2863.64,2863.64
Super built-up  Area,18-May,Ananth Nagar,2 BHK,982.0,2,2,24.55,2,2500.0,2500.0
Super built-up  Area,18-Jun,Ananth Nagar,1 BHK,500.0,2,2,14.0,1,2800.0,2800.0
Super built-up  Area,18-Aug,Ananth Nagar,2 BHK,900.0,2,2,22.5,2,2500.0,2500.0
Super built-up  Area,Ready To Move,Ananth Nagar,2 BHK,908.0,2,1,26.0,2,2863.44,2863.44
Super built-up  Area,Ready To Move,Ananth Nagar,2 BHK,870.0,2,2,36.0,2,4137.93,4137.93
Super built-up  Area,Ready To Move,Ananth Nagar,2 BHK,937.0,2,1,35.0,2,3735.33,3735.33
Built-up  Area,Ready To Move,Ananth Nagar,2 BHK,960.0,2,3,37.0,2,3854.17,3854.17
Super built-up  Area,18-Aug,Ananth Nagar,1 BHK,500.0,1,1,14.0,1,2800.0,2800.0
Super built-up  Area,18-Apr,Ananth Nagar,2 BHK,1000.0,2,1,29.7,2,2970.0,2970.0
Built-up  Area,Ready To Move,Ananth Nagar,2 BHK,850.0,2,1,25.99,2,3057.65,3057.65
Super built-up  Area,Ready To Move,Ananth Nagar,2 BHK,902.0,2,1,25.26,2,2800.44,2800.44
Built-up  Area,Ready To Move,Ananth Nagar,3 BHK,1470.0,3,2,54.0,3,3673.47,3673.47
Built-up  Area,Ready To Move,Ananth Nagar,2 BHK,810.0,2,1,25.5,2,3148.15,3148.15
Super built-up  Area,Ready To Move,Ananth Nagar,2 BHK,890.0,2,1,27.0,2,3033.71,3033.71
Super built-up  Area,18-Aug,Ananth Nagar,2 BHK,1200.0,2,1,36.0,2,3000.0,3000.0
Super built-up  Area,Ready To Move,Ananth Nagar,3 BHK,1319.0,3,1,42.0,3,3184.23,3184.23
Super built-up  Area,18-Aug,Ananth Nagar,2 BHK,1000.0,2,3,25.0,2,2500.0,2500.0
Super built-up  Area,Ready To Move,Ananth Nagar,2 BHK,902.0,2,2,25.0,2,2771.62,2771.62
Super built-up  Area,Ready To Move,Ananth Nagar,2 BHK,930.0,2,1,25.99,2,2794.62,2794.62
Super built-up  Area,18-May,Ananth Nagar,2 BHK,1074.0,2,2,26.85,2,2500.0,2500.0
Super built-up  Area,18-Jun,Ananth Nagar,1 BHK,500.0,1,1,14.0,1,2800.0,2800.0
Super built-up  Area,Ready To Move,Ananth Nagar,2 BHK,1010.0,2,2,38.0,2,3762.38,3762.38
Super built-up  Area,18-May,Ananth Nagar,2 BHK,992.0,2,2,24.8,2,2500.0,2500.0
Super built-up  Area,Ready To Move,Anekal,2 BHK,656.0,2,1,22.0,2,3353.66,3353.66
Super built-up  Area,Ready To Move,Anekal,2 BHK,620.0,2,1,22.0,2,3548.39,3548.39
Super built-up  Area,Ready To Move,Anekal,1 BHK,600.0,1,1,16.5,1,2750.0,2750.0
Super built-up  Area,Ready To Move,Anekal,2 BHK,925.0,2,1,40.0,2,4324.32,4324.32
Super built-up  Area,19-Oct,Anekal,1 BHK,530.0,1,1,18.0,1,3396.23,3396.23
Plot  Area,Ready To Move,Anekal,3 Bedroom,1800.0,3,2,68.0,3,3777.78,3777.78
Built-up  Area,Ready To Move,Anekal,1 RK,351.0,1,1,16.0,1,4558.4,4558.4
Super built-up  Area,Ready To Move,Anekal,2 BHK,1035.0,2,2,38.3,2,3700.48,3700.48
Super built-up  Area,Ready To Move,Anekal,2 BHK,888.0,2,1,34.0,2,3828.83,3828.83
Plot  Area,Ready To Move,Anekal,4 Bedroom,1200.0,2,1,36.0,4,3000.0,3000.0
Super built-up  Area,Ready To Move,Anekal,2 BHK,766.0,2,2,28.0,2,3655.35,3655.35
Built-up  Area,Ready To Move,Anekal,3 BHK,967.0,2,1,45.0,3,4653.57,4653.57
Built-up  Area,Ready To Move,Anekal,2 BHK,620.0,1,1,23.5,2,3790.32,3790.32
Super built-up  Area,Ready To Move,Anekal,3 BHK,1150.0,3,2,45.0,3,3913.04,3913.04
Built-up  Area,Ready To Move,Anekal,1 BHK,400.0,1,1,11.5,1,2875.0,2875.0
Super built-up  Area,Ready To Move,Anekal,1 BHK,456.0,1,1,15.0,1,3289.47,3289.47
Plot  Area,Ready To Move,Anekal,3 Bedroom,2400.0,4,0,95.0,3,3958.33,3958.33
Built-up  Area,Ready To Move,Anekal,1 BHK,420.0,1,1,12.5,1,2976.19,2976.19
Super built-up  Area,Ready To Move,Anekal,2 BHK,614.0,1,1,28.0,2,4560.26,4560.26
Super built-up  Area,18-May,Anekal,2 BHK,1140.0,2,2,52.0,2,4561.4,4561.4
Super built-up  Area,18-Jan,Anekal,2 BHK,625.0,1,1,25.0,2,4000.0,4000.0
Built-up  Area,Ready To Move,Anjanapura,4 BHK,1850.0,4,2,86.0,4,4648.65,4648.65
Super built-up  Area,18-Jul,Anjanapura,2 BHK,1070.0,2,2,39.0,2,3644.86,3644.86
Plot  Area,18-Apr,Anjanapura,3 Bedroom,1500.0,3,1,121.0,3,8066.67,8066.67
Super built-up  Area,18-Aug,Anjanapura,2 BHK,1070.0,2,2,37.0,2,3457.94,3457.94
Super built-up  Area,Ready To Move,Anjanapura,2 BHK,950.0,2,1,40.0,2,4210.53,4210.53
Built-up  Area,Ready To Move,Anjanapura,3 BHK,1280.0,2,2,45.0,3,3515.62,3515.62
Super built-up  Area,Ready To Move,Anjanapura,2 BHK,710.0,2,0,25.0,2,3521.13,3521.13
Built-up  Area,Ready To Move,Anjanapura,2 BHK,950.0,2,0,32.0,2,3368.42,3368.42
Super built-up  Area,Ready To Move,Anjanapura,4 BHK,1800.0,4,2,55.0,4,3055.56,3055.56
Super built-up  Area,Ready To Move,Anjanapura,3 BHK,1843.0,3,1,87.54,3,4749.86,4749.86
Super built-up  Area,19-Dec,Anjanapura,2 BHK,1076.0,2,1,30.13,2,2800.19,2800.19
Built-up  Area,Ready To Move,Anjanapura,2 BHK,950.0,2,0,30.0,2,3157.89,3157.89
Super built-up  Area,Ready To Move,Ardendale,3 BHK,1750.0,3,2,100.0,3,5714.29,5714.29
Built-up  Area,Ready To Move,Ardendale,4 BHK,3198.0,4,3,200.0,4,6253.91,6253.91
Super built-up  Area,Ready To Move,Ardendale,4 BHK,2422.0,4,2,160.0,4,6606.11,6606.11
Super built-up  Area,Ready To Move,Ardendale,3 BHK,1750.0,3,3,100.0,3,5714.29,5714.29
Plot  Area,Ready To Move,Ardendale,4 Bedroom,3200.0,4,1,205.0,4,6406.25,6406.25
Super built-up  Area,Ready To Move,Ardendale,3 BHK,1728.0,3,2,95.0,3,5497.69,5497.69
Super built-up  Area,Ready To Move,Ardendale,4 BHK,2062.0,3,1,140.0,4,6789.52,6789.52
Super built-up  Area,Ready To Move,Ardendale,3 BHK,1732.46,3,2,92.0,3,5310.37,5310.37
Super built-up  Area,Ready To Move,Ardendale,4 BHK,2062.0,3,1,150.0,4,7274.49,7274.49
Super built-up  Area,Ready To Move,Ardendale,2 BHK,1224.0,2,2,70.0,2,5718.95,5718.95
Super built-up  Area,Ready To Move,Ardendale,3 BHK,1777.26,3,2,105.0,3,5907.97,5907.97
Super built-up  Area,Ready To Move,Ardendale,3 BHK,1650.0,3,3,82.0,3,4969.7,4969.7
Super built-up  Area,Ready To Move,Ardendale,4 BHK,2062.0,3,1,140.0,4,6789.52,6789.52
Built-up  Area,Ready To Move,Ardendale,3 BHK,1650.0,3,3,82.0,3,4969.7,4969.7
Super built-up  Area,Ready To Move,Ardendale,2 BHK,1224.0,2,2,67.0,2,5473.86,5473.86
Super built-up  Area,Ready To Move,Ardendale,3 BHK,1723.0,3,2,95.0,3,5513.64,5513.64
Super built-up  Area,Ready To Move,Ardendale,3 BHK,1777.26,3,2,89.0,3,5007.71,5007.71
Super built-up  Area,Ready To Move,Ardendale,3 BHK,1777.26,3,2,92.0,3,5176.51,5176.51
Super built-up  Area,Ready To Move,Arekere,3 BHK,2060.0,3,2,140.0,3,6796.12,6796.12
Built-up  Area,Ready To Move,Arekere,2 BHK,920.0,2,1,40.0,2,4347.83,4347.83
Built-up  Area,Ready To Move,Arekere,3 BHK,1740.0,2,1,95.0,3,5459.77,5459.77
Built-up  Area,Ready To Move,Arekere,2 BHK,1190.0,2,2,55.0,2,4621.85,4621.85
Built-up  Area,Ready To Move,Arekere,1 BHK,600.0,1,1,28.0,1,4666.67,4666.67
Super built-up  Area,18-Jul,Arekere,3 BHK,2072.0,3,2,108.0,3,5212.36,5212.36
Super built-up  Area,Ready To Move,Arekere,2 BHK,1100.0,2,2,55.0,2,5000.0,5000.0
Super built-up  Area,Ready To Move,Arekere,2 BHK,900.0,2,3,50.0,2,5555.56,5555.56
Super built-up  Area,Ready To Move,Arekere,2 BHK,1240.0,2,2,60.0,2,4838.71,4838.71
Super built-up  Area,Ready To Move,Arekere,2 BHK,900.0,2,1,44.5,2,4944.44,4944.44
Super built-up  Area,Ready To Move,Attibele,1 BHK,450.0,1,1,11.0,1,2444.44,2444.44
Built-up  Area,Ready To Move,Attibele,4 Bedroom,1600.0,4,0,52.8,4,3300.0,3300.0
Built-up  Area,Ready To Move,Attibele,2 BHK,656.0,2,1,25.0,2,3810.98,3810.98
Built-up  Area,Ready To Move,Attibele,1 BHK,400.0,1,1,11.0,1,2750.0,2750.0
Built-up  Area,Ready To Move,Attibele,1 BHK,400.0,1,1,12.0,1,3000.0,3000.0
Built-up  Area,Ready To Move,Attibele,1 BHK,400.0,1,1,14.0,1,3500.0,3500.0
Super built-up  Area,Ready To Move,Attibele,1 BHK,500.0,1,1,17.0,1,3400.0,3400.0
Plot  Area,Ready To Move,Attibele,4 Bedroom,2168.0,4,2,95.0,4,4381.92,4381.92
Built-up  Area,Ready To Move,Attibele,1 BHK,395.0,1,1,10.25,1,2594.94,2594.94
Built-up  Area,Ready To Move,Attibele,1 BHK,420.0,1,1,17.0,1,4047.62,4047.62
Built-up  Area,Ready To Move,Attibele,1 BHK,418.0,1,1,12.0,1,2870.81,2870.81
Built-up  Area,Ready To Move,Attibele,2 BHK,1200.0,2,2,42.0,2,3500.0,3500.0
Super built-up  Area,Ready To Move,Attibele,1 BHK,400.0,1,1,10.0,1,2500.0,2500.0
Super built-up  Area,Ready To Move,Attibele,2 BHK,695.0,1,1,25.0,2,3597.12,3597.12
Super built-up  Area,Ready To Move,Attibele,2 BHK,850.0,1,1,25.0,2,2941.18,2941.18
Built-up  Area,Ready To Move,Attibele,3 Bedroom,2400.0,3,3,120.0,3,5000.0,5000.0
Built-up  Area,Ready To Move,Attibele,1 BHK,450.0,1,1,12.5,1,2777.78,2777.78
Super built-up  Area,Ready To Move,Attibele,1 BHK,782.0,1,0,19.55,1,2500.0,2500.0
Super built-up  Area,Ready To Move,Attibele,2 BHK,656.0,2,1,25.0,2,3810.98,3810.98
Built-up  Area,Ready To Move,Attibele,1 BHK,400.0,1,1,11.5,1,2875.0,2875.0
Carpet  Area,Ready To Move,Attibele,1 BHK,460.0,1,1,13.0,1,2826.09,2826.09
Super built-up  Area,Ready To Move,Attibele,1 BHK,418.0,2,1,11.5,1,2751.2,2751.2
Plot  Area,18-Aug,Attibele,2 Bedroom,1000.0,2,1,42.0,2,4200.0,4200.0
Super built-up  Area,Ready To Move,Attibele,1 BHK,550.0,1,1,11.5,1,2090.91,2090.91
Built-up  Area,Ready To Move,Attibele,1 BHK,410.0,1,1,10.0,1,2439.02,2439.02
Plot  Area,Ready To Move,Attibele,3 Bedroom,1700.0,3,1,65.0,3,3823.53,3823.53
Super built-up  Area,Ready To Move,Attibele,1 BHK,400.0,1,1,10.25,1,2562.5,2562.5
Super built-up  Area,Ready To Move,Attibele,2 BHK,656.0,2,1,25.0,2,3810.98,3810.98
Plot  Area,Ready To Move,Attibele,3 Bedroom,1500.0,3,2,90.0,3,6000.0,6000.0
Built-up  Area,Ready To Move,Attibele,1 BHK,520.0,1,1,15.0,1,2884.62,2884.62
Super built-up  Area,Ready To Move,BEML Layout,2 BHK,1060.0,2,1,55.0,2,5188.68,5188.68
Built-up  Area,Ready To Move,BEML Layout,2 BHK,999.0,2,3,45.0,2,4504.5,4504.5
Plot  Area,Ready To Move,BEML Layout,5 Bedroom,2400.0,4,1,225.0,5,9375.0,9375.0
Super built-up  Area,Ready To Move,BEML Layout,2 BHK,1194.0,2,1,65.0,2,5443.89,5443.89
Super built-up  Area,Ready To Move,BEML Layout,2 BHK,1200.0,2,2,67.0,2,5583.33,5583.33
Plot  Area,Ready To Move,BEML Layout,2 Bedroom,2400.0,2,1,228.0,2,9500.0,9500.0
Super built-up  Area,Ready To Move,BEML Layout,2 BHK,1194.0,2,1,65.0,2,5443.89,5443.89
Carpet  Area,Ready To Move,BTM 2nd Stage,2 BHK,950.0,2,1,52.0,2,5473.68,5473.68
Built-up  Area,Ready To Move,BTM 2nd Stage,3 BHK,1850.0,3,1,170.0,3,9189.19,9189.19
Super built-up  Area,Ready To Move,BTM 2nd Stage,2 BHK,1200.0,2,2,80.0,2,6666.67,6666.67
Super built-up  Area,Ready To Move,BTM 2nd Stage,2 BHK,1274.0,2,2,70.0,2,5494.51,5494.51
Super built-up  Area,Ready To Move,BTM 2nd Stage,2 BHK,1070.0,2,1,48.0,2,4485.98,4485.98
Built-up  Area,Ready To Move,BTM 2nd Stage,2 BHK,1280.0,2,2,80.0,2,6250.0,6250.0
Built-up  Area,Ready To Move,BTM 2nd Stage,2 BHK,1100.0,2,2,70.0,2,6363.64,6363.64
Super built-up  Area,Ready To Move,BTM 2nd Stage,2 BHK,1000.0,2,2,58.0,2,5800.0,5800.0
Plot  Area,Ready To Move,BTM 2nd Stage,5 Bedroom,2990.0,5,3,416.0,5,13913.04,13913.04
Super built-up  Area,Ready To Move,BTM 2nd Stage,2 BHK,1265.0,2,2,55.0,2,4347.83,4347.83
Super built-up  Area,Ready To Move,BTM 2nd Stage,3 BHK,2200.0,3,3,220.0,3,10000.0,10000.0
Super built-up  Area,Ready To Move,BTM 2nd Stage,3 BHK,2780.0,4,1,325.0,3,11690.65,11690.65
Plot  Area,Ready To Move,BTM 2nd Stage,3 Bedroom,2400.0,2,0,360.0,3,15000.0,15000.0
Super built-up  Area,Ready To Move,BTM 2nd Stage,2 BHK,965.0,2,2,56.0,2,5803.11,5803.11
Super built-up  Area,Ready To Move,BTM 2nd Stage,2 BHK,1147.0,2,1,75.0,2,6538.8,6538.8
Built-up  Area,Ready To Move,BTM 2nd Stage,3 BHK,1750.0,3,3,172.0,3,9828.57,9828.57
Super built-up  Area,Ready To Move,BTM 2nd Stage,2 BHK,1400.0,2,3,90.0,2,6428.57,6428.57
Super built-up  Area,Ready To Move,BTM 2nd Stage,2 BHK,1200.0,2,2,70.0,2,5833.33,5833.33
Super built-up  Area,Ready To Move,BTM 2nd Stage,2 BHK,1100.0,2,2,47.0,2,4272.73,4272.73
Super built-up  Area,Ready To Move,BTM 2nd Stage,2 BHK,930.0,2,2,46.0,2,4946.24,4946.24
Super built-up  Area,Ready To Move,BTM 2nd Stage,3 BHK,2500.0,3,2,345.0,3,13800.0,13800.0
Super built-up  Area,Ready To Move,BTM Layout,2 BHK,1150.0,2,2,63.0,2,5478.26,5478.26
Built-up  Area,Ready To Move,BTM Layout,6 Bedroom,3300.0,6,3,165.0,6,5000.0,5000.0
Built-up  Area,Ready To Move,BTM Layout,3 BHK,1450.0,2,2,81.0,3,5586.21,5586.21
Super built-up  Area,Ready To Move,BTM Layout,3 BHK,1776.0,2,3,75.0,3,4222.97,4222.97
Super built-up  Area,Ready To Move,BTM Layout,3 BHK,1458.0,3,2,79.0,3,5418.38,5418.38
Built-up  Area,Ready To Move,BTM Layout,2 BHK,935.0,2,1,51.5,2,5508.02,5508.02
Super built-up  Area,Ready To Move,BTM Layout,2 BHK,1020.0,2,1,46.5,2,4558.82,4558.82
Super built-up  Area,Ready To Move,BTM Layout,3 BHK,1600.0,3,2,112.0,3,7000.0,7000.0
Built-up  Area,Ready To Move,BTM Layout,3 BHK,1300.0,2,1,75.0,3,5769.23,5769.23
Built-up  Area,Ready To Move,BTM Layout,3 BHK,1540.0,2,2,78.0,3,5064.94,5064.94
Super built-up  Area,Ready To Move,BTM Layout,1 BHK,450.0,1,1,20.0,1,4444.44,4444.44
Super built-up  Area,Ready To Move,BTM Layout,2 BHK,1196.0,2,2,56.81,2,4750.0,4750.0
Super built-up  Area,Ready To Move,BTM Layout,3 BHK,1470.0,2,2,99.0,3,6734.69,6734.69
Super built-up  Area,Ready To Move,Babusapalaya,3 BHK,1611.0,2,2,66.0,3,4096.83,4096.83
Super built-up  Area,Ready To Move,Babusapalaya,3 BHK,1675.0,3,3,75.0,3,4477.61,4477.61
Super built-up  Area,Ready To Move,Babusapalaya,2 BHK,1141.0,2,1,46.0,2,4031.55,4031.55
Built-up  Area,Ready To Move,Babusapalaya,2 BHK,1500.0,2,2,57.0,2,3800.0,3800.0
Super built-up  Area,Ready To Move,Babusapalaya,2 BHK,1050.0,2,3,45.0,2,4285.71,4285.71
Super built-up  Area,Ready To Move,Babusapalaya,2 BHK,1141.0,2,1,45.9,2,4022.79,4022.79
Super built-up  Area,Ready To Move,Babusapalaya,3 BHK,1230.0,3,3,53.0,3,4308.94,4308.94
Built-up  Area,Ready To Move,Babusapalaya,2 BHK,1105.0,2,1,40.0,2,3619.91,3619.91
Super built-up  Area,Ready To Move,Babusapalaya,3 BHK,1410.0,2,3,65.0,3,4609.93,4609.93
Super built-up  Area,Ready To Move,Babusapalaya,2 BHK,1450.0,2,1,55.99,2,3861.38,3861.38
Super built-up  Area,Ready To Move,Babusapalaya,2 BHK,1100.0,2,2,38.0,2,3454.55,3454.55
Super built-up  Area,Ready To Move,Babusapalaya,2 BHK,1061.0,2,1,33.84,2,3189.44,3189.44
Super built-up  Area,17-Aug,Babusapalaya,2 BHK,1061.0,2,1,38.95,2,3671.07,3671.07
Super built-up  Area,Ready To Move,Babusapalaya,2 BHK,1061.0,2,1,34.0,2,3204.52,3204.52
Super built-up  Area,Ready To Move,Babusapalaya,2 BHK,1245.0,2,2,58.0,2,4658.63,4658.63
Super built-up  Area,20-Jan,Badavala Nagar,3 BHK,1494.0,2,2,94.55,3,6328.65,6328.65
Super built-up  Area,20-Jan,Badavala Nagar,2 BHK,1274.0,2,1,81.0,2,6357.93,6357.93
Super built-up  Area,20-Jan,Badavala Nagar,3 BHK,1842.0,3,2,115.0,3,6243.21,6243.21
Super built-up  Area,Ready To Move,Badavala Nagar,3 BHK,1494.0,2,2,94.55,3,6328.65,6328.65
Super built-up  Area,20-Jan,Badavala Nagar,2 BHK,1274.0,2,1,81.0,2,6357.93,6357.93
Super built-up  Area,20-Jan,Badavala Nagar,3 BHK,1494.0,2,2,94.55,3,6328.65,6328.65
Super built-up  Area,20-Jan,Badavala Nagar,3 BHK,1842.0,3,2,115.0,3,6243.21,6243.21
Super built-up  Area,20-Jan,Badavala Nagar,3 BHK,1842.0,3,2,115.0,3,6243.21,6243.21
Super built-up  Area,20-Jan,Badavala Nagar,3 BHK,1842.0,3,2,115.0,3,6243.21,6243.21
Super built-up  Area,Ready To Move,Balagere,2 BHK,1210.0,2,1,80.9,2,6685.95,6685.95
Super built-up  Area,Ready To Move,Balagere,2 BHK,1210.0,2,1,72.0,2,5950.41,5950.41
Super built-up  Area,Ready To Move,Balagere,2 BHK,1205.0,2,1,78.5,2,6514.52,6514.52
Super built-up  Area,20-Jan,Balagere,1 BHK,790.5,1,0,41.9,1,5300.44,5300.44
Super built-up  Area,18-Jul,Balagere,2 BHK,1020.07,2,1,68.38,2,6703.46,6703.46
Super built-up  Area,18-Jul,Balagere,2 BHK,1205.47,2,1,81.0,2,6719.37,6719.37
Super built-up  Area,20-Jan,Balagere,2 BHK,1007.0,2,1,65.0,2,6454.82,6454.82
Super built-up  Area,18-Jul,Balagere,2 BHK,1210.0,2,1,74.0,2,6115.7,6115.7
Super built-up  Area,Ready To Move,Balagere,2 BHK,1210.0,2,1,83.0,2,6859.5,6859.5
Built-up  Area,17-May,Balagere,1 BHK,675.0,1,1,45.0,1,6666.67,6666.67
Super built-up  Area,Ready To Move,Balagere,1 BHK,656.0,1,1,43.0,1,6554.88,6554.88
Super built-up  Area,18-Dec,Balagere,2 BHK,1012.0,2,1,64.0,2,6324.11,6324.11
Super built-up  Area,Ready To Move,Balagere,2 BHK,1007.0,2,1,62.0,2,6156.9,6156.9
Built-up  Area,Ready To Move,Balagere,2 BHK,1007.0,2,1,67.0,2,6653.43,6653.43
Super built-up  Area,Ready To Move,Balagere,2 BHK,1007.0,2,1,66.0,2,6554.12,6554.12
Super built-up  Area,20-Jan,Balagere,1 BHK,645.0,1,1,34.18,1,5299.22,5299.22
Super built-up  Area,20-Jan,Balagere,1 BHK,790.5,1,0,42.295,1,5350.41,5350.41
Super built-up  Area,18-Apr,Balagere,2 BHK,1012.0,2,1,65.0,2,6422.92,6422.92
Super built-up  Area,20-Jan,Balagere,1 BHK,656.0,1,1,38.77,1,5910.06,5910.06
Super built-up  Area,18-May,Balagere,1 BHK,645.0,1,1,39.0,1,6046.51,6046.51
Built-up  Area,18-Jan,Balagere,1 BHK,645.0,1,1,41.0,1,6356.59,6356.59
Super built-up  Area,18-Nov,Balagere,2 BHK,1210.0,2,1,82.0,2,6776.86,6776.86
Super built-up  Area,20-Jan,Balagere,1 BHK,656.0,1,1,34.77,1,5300.3,5300.3
Super built-up  Area,20-Jan,Balagere,2 BHK,1205.0,2,1,73.87,2,6130.29,6130.29
Super built-up  Area,18-Mar,Balagere,2 BHK,1012.0,2,1,70.0,2,6917.0,6917.0
Super built-up  Area,18-Dec,Balagere,2 BHK,1007.0,2,1,68.0,2,6752.73,6752.73
Super built-up  Area,Ready To Move,Balagere,2 BHK,1205.0,2,1,79.0,2,6556.02,6556.02
Built-up  Area,Ready To Move,Balagere,2 BHK,1012.0,2,1,68.0,2,6719.37,6719.37
Super built-up  Area,Ready To Move,Banashankari,2 BHK,1077.0,2,2,37.64,2,3494.89,3494.89
Super built-up  Area,17-Oct,Banashankari,3 BHK,1470.0,2,1,88.64,3,6029.93,6029.93
Built-up  Area,Ready To Move,Banashankari,3 BHK,1300.0,2,2,75.0,3,5769.23,5769.23
Super built-up  Area,Ready To Move,Banashankari,3 BHK,1800.0,3,2,115.0,3,6388.89,6388.89
Built-up  Area,Ready To Move,Banashankari,2 BHK,1125.0,2,1,63.0,2,5600.0,5600.0
Super built-up  Area,18-May,Banashankari,2 BHK,1310.0,2,2,80.0,2,6106.87,6106.87
Super built-up  Area,18-Jul,Banashankari,3 BHK,2600.0,4,1,135.0,3,5192.31,5192.31
Super built-up  Area,Ready To Move,Banashankari,3 BHK,1900.0,2,1,170.0,3,8947.37,8947.37
Super built-up  Area,Ready To Move,Banashankari,2 BHK,1260.0,2,3,75.0,2,5952.38,5952.38
Super built-up  Area,Ready To Move,Banashankari,2 BHK,1170.0,2,2,46.79,2,3999.15,3999.15
Built-up  Area,Ready To Move,Banashankari,3 BHK,1350.0,2,0,83.0,3,6148.15,6148.15
Super built-up  Area,Ready To Move,Banashankari,2 BHK,1330.0,2,1,78.0,2,5864.66,5864.66
Super built-up  Area,Ready To Move,Banashankari,3 BHK,1400.0,2,1,78.0,3,5571.43,5571.43
Super built-up  Area,Ready To Move,Banashankari,3 BHK,1700.0,3,2,125.0,3,7352.94,7352.94
Super built-up  Area,Ready To Move,Banashankari,2 BHK,1020.0,2,2,40.79,2,3999.02,3999.02
Super built-up  Area,Ready To Move,Banashankari,2 BHK,1600.0,2,1,63.98,2,3998.75,3998.75
Super built-up  Area,Ready To Move,Banashankari,2 BHK,1041.0,2,1,36.44,2,3500.48,3500.48
Super built-up  Area,Ready To Move,Banashankari,1 BHK,2400.0,1,1,200.0,1,8333.33,8333.33
Super built-up  Area,Ready To Move,Banashankari,2 BHK,1390.0,2,2,86.0,2,6187.05,6187.05
Super built-up  Area,Ready To Move,Banashankari,2 BHK,1460.0,2,3,70.0,2,4794.52,4794.52
Super built-up  Area,Ready To Move,Banashankari,2 BHK,1200.0,2,1,60.0,2,5000.0,5000.0
Super built-up  Area,Ready To Move,Banashankari,2 BHK,1290.0,2,2,80.0,2,6201.55,6201.55
Built-up  Area,Ready To Move,Banashankari,2 BHK,1186.0,2,3,65.0,2,5480.61,5480.61
Super built-up  Area,Ready To Move,Banashankari,3 BHK,1650.0,3,2,101.0,3,6121.21,6121.21
Super built-up  Area,Ready To Move,Banashankari,2 BHK,1181.0,2,1,75.0,2,6350.55,6350.55
Super built-up  Area,Ready To Move,Banashankari,2 BHK,1105.0,2,2,90.0,2,8144.8,8144.8
Super built-up  Area,Ready To Move,Banashankari,1 BHK,720.0,1,1,60.0,1,8333.33,8333.33
Super built-up  Area,Ready To Move,Banashankari,2 BHK,1040.0,2,3,45.0,2,4326.92,4326.92
Super built-up  Area,Ready To Move,Banashankari,2 BHK,1330.0,2,2,77.0,2,5789.47,5789.47
Super built-up  Area,Ready To Move,Banashankari,2 BHK,1200.0,2,3,49.0,2,4083.33,4083.33
Super built-up  Area,Ready To Move,Banashankari,2 BHK,1185.0,2,2,67.0,2,5654.01,5654.01
Super built-up  Area,18-Jul,Banashankari,2 BHK,1000.0,2,1,50.0,2,5000.0,5000.0
Super built-up  Area,18-Aug,Banashankari,3 BHK,1650.0,3,2,90.75,3,5500.0,5500.0
Super built-up  Area,18-May,Banashankari,3 BHK,1650.0,3,2,101.0,3,6121.21,6121.21
Super built-up  Area,Ready To Move,Banashankari,2 BHK,1310.0,2,2,80.43,2,6139.69,6139.69
Built-up  Area,Ready To Move,Banashankari,2 BHK,600.0,1,0,27.0,2,4500.0,4500.0
Super built-up  Area,18-Apr,Banashankari,2 BHK,1430.0,2,2,87.8,2,6139.86,6139.86
Super built-up  Area,Ready To Move,Banashankari,2 BHK,1020.0,2,1,42.83,2,4199.02,4199.02
Built-up  Area,Ready To Move,Banashankari,3 BHK,1540.0,3,3,80.0,3,5194.81,5194.81
Super built-up  Area,Ready To Move,Banashankari,2 BHK,1195.0,2,1,35.84,2,2999.16,2999.16
Super built-up  Area,Ready To Move,Banashankari,3 BHK,1683.0,3,2,115.0,3,6833.04,6833.04
Built-up  Area,Ready To Move,Banashankari,3 BHK,1800.0,3,2,125.0,3,6944.44,6944.44
Super built-up  Area,Ready To Move,Banashankari,2 BHK,1175.0,2,1,41.13,2,3500.43,3500.43
Super built-up  Area,Ready To Move,Banashankari,3 BHK,1750.0,2,2,89.0,3,5085.71,5085.71
Super built-up  Area,Ready To Move,Banashankari,3 BHK,1800.0,3,2,175.0,3,9722.22,9722.22
Super built-up  Area,Ready To Move,Banashankari,2 BHK,1450.0,2,2,50.75,2,3500.0,3500.0
Super built-up  Area,18-Apr,Banashankari,3 BHK,1770.0,3,3,108.0,3,6101.69,6101.69
Super built-up  Area,Ready To Move,Banashankari,3 BHK,1800.0,3,2,125.0,3,6944.44,6944.44
Super built-up  Area,17-Oct,Banashankari,3 BHK,1200.0,3,2,74.52,3,6210.0,6210.0
Super built-up  Area,Ready To Move,Banashankari,2 BHK,1100.0,2,1,63.0,2,5727.27,5727.27
Super built-up  Area,Ready To Move,Banashankari,2 BHK,1020.0,2,2,40.79,2,3999.02,3999.02
Super built-up  Area,Ready To Move,Banashankari,2 BHK,1260.0,2,3,75.0,2,5952.38,5952.38
Super built-up  Area,Ready To Move,Banashankari,3 BHK,1426.0,3,2,85.0,3,5960.73,5960.73
Super built-up  Area,Ready To Move,Banashankari Stage II,2 BHK,1700.0,2,2,150.0,2,8823.53,8823.53
Plot  Area,Ready To Move,Banashankari Stage II,4 Bedroom,1200.0,2,1,150.0,4,12500.0,12500.0
Super built-up  Area,Ready To Move,Banashankari Stage II,3 BHK,1500.0,2,1,120.0,3,8000.0,8000.0
Plot  Area,Ready To Move,Banashankari Stage II,5 Bedroom,2400.0,3,2,510.0,5,21250.0,21250.0
Super built-up  Area,Ready To Move,Banashankari Stage II,3 BHK,1240.0,2,2,59.52,3,4800.0,4800.0
Built-up  Area,Ready To Move,Banashankari Stage II,2 BHK,1250.0,2,2,110.0,2,8800.0,8800.0
Super built-up  Area,Ready To Move,Banashankari Stage II,3 BHK,1260.0,2,1,95.0,3,7539.68,7539.68
Plot  Area,Ready To Move,Banashankari Stage II,3 Bedroom,2400.0,2,2,300.0,3,12500.0,12500.0
Super built-up  Area,Ready To Move,Banashankari Stage II,2 BHK,1400.0,2,1,100.0,2,7142.86,7142.86
Super built-up  Area,Ready To Move,Banashankari Stage II,5 BHK,2800.0,3,2,425.0,5,15178.57,15178.57
Built-up  Area,Ready To Move,Banashankari Stage II,3 Bedroom,3000.0,3,2,450.0,3,15000.0,15000.0
Built-up  Area,Ready To Move,Banashankari Stage II,3 BHK,1200.0,2,1,198.0,3,16500.0,16500.0
Super built-up  Area,Ready To Move,Banashankari Stage II,2 BHK,1245.0,2,1,125.0,2,10040.16,10040.16
Super built-up  Area,18-May,Banashankari Stage III,3 BHK,1305.0,2,1,58.7,3,4498.08,4498.08
Super built-up  Area,18-Oct,Banashankari Stage III,2 BHK,1145.0,2,3,58.4,2,5100.44,5100.44
Super built-up  Area,18-Dec,Banashankari Stage III,3 BHK,1650.0,3,2,118.0,3,7151.52,7151.52
Plot  Area,Ready To Move,Banashankari Stage III,4 Bedroom,2400.0,4,1,240.0,4,10000.0,10000.0
Super built-up  Area,Ready To Move,Banashankari Stage III,3 BHK,1350.0,2,2,68.0,3,5037.04,5037.04
Super built-up  Area,Ready To Move,Banashankari Stage III,3 BHK,1305.0,2,1,59.0,3,4521.07,4521.07
Super built-up  Area,Ready To Move,Banashankari Stage III,3 BHK,1305.0,2,1,60.0,3,4597.7,4597.7
Super built-up  Area,Ready To Move,Banashankari Stage III,2 BHK,1200.0,2,0,42.0,2,3500.0,3500.0
Super built-up  Area,Ready To Move,Banashankari Stage III,3 BHK,1305.0,2,1,59.0,3,4521.07,4521.07
Super built-up  Area,18-Oct,Banashankari Stage III,3 BHK,1480.0,3,1,75.48,3,5100.0,5100.0
Super built-up  Area,Ready To Move,Banashankari Stage III,3 BHK,1305.0,2,1,59.0,3,4521.07,4521.07
Built-up  Area,18-Apr,Banashankari Stage III,2 BHK,1304.0,2,0,111.0,2,8512.27,8512.27
Built-up  Area,Ready To Move,Banashankari Stage III,6 Bedroom,3000.0,6,2,150.0,6,5000.0,5000.0
Super built-up  Area,Ready To Move,Banashankari Stage III,2 BHK,1085.0,2,1,50.0,2,4608.29,4608.29
Super built-up  Area,18-Apr,Banashankari Stage III,3 BHK,1500.0,2,2,100.0,3,6666.67,6666.67
Built-up  Area,Ready To Move,Banashankari Stage III,4 Bedroom,2100.0,3,1,147.0,4,7000.0,7000.0
Super built-up  Area,Ready To Move,Banashankari Stage III,3 BHK,1420.0,2,2,95.0,3,6690.14,6690.14
Super built-up  Area,Ready To Move,Banashankari Stage V,3 BHK,1300.0,2,1,58.5,3,4500.0,4500.0
Super built-up  Area,Ready To Move,Banashankari Stage V,3 BHK,1305.0,2,2,49.0,3,3754.79,3754.79
Super built-up  Area,Ready To Move,Banashankari Stage V,2 BHK,1035.0,2,2,35.77,2,3456.04,3456.04
Super built-up  Area,Ready To Move,Banashankari Stage V,3 BHK,1355.0,2,1,61.0,3,4501.85,4501.85
Super built-up  Area,Ready To Move,Banashankari Stage V,3 BHK,1510.0,3,3,47.57,3,3150.33,3150.33
Super built-up  Area,18-May,Banashankari Stage V,3 BHK,1650.0,3,2,51.98,3,3150.3,3150.3
Super built-up  Area,17-Apr,Banashankari Stage V,3 BHK,1630.0,3,2,51.35,3,3150.31,3150.31
Super built-up  Area,17-Oct,Banashankari Stage V,3 BHK,1510.0,3,3,47.57,3,3150.33,3150.33
Super built-up  Area,Ready To Move,Banashankari Stage V,3 BHK,1315.0,2,2,49.0,3,3726.24,3726.24
Super built-up  Area,17-Oct,Banashankari Stage V,3 BHK,1540.0,3,2,48.51,3,3150.0,3150.0
Super built-up  Area,Ready To Move,Banashankari Stage V,2 BHK,920.0,2,1,41.5,2,4510.87,4510.87
Super built-up  Area,20-Dec,Banashankari Stage VI,2 BHK,1177.5,2,0,59.935,2,5090.02,5090.02
Built-up  Area,Ready To Move,Banashankari Stage VI,4 Bedroom,4800.0,4,3,190.0,4,3958.33,3958.33
Plot  Area,Ready To Move,Banashankari Stage VI,4 Bedroom,2800.0,4,2,89.0,4,3178.57,3178.57
Plot  Area,Ready To Move,Banashankari Stage VI,4 Bedroom,2200.0,4,2,195.0,4,8863.64,8863.64
Super built-up  Area,20-Oct,Banashankari Stage VI,2 BHK,1160.0,2,1,59.0,2,5086.21,5086.21
Super built-up  Area,20-Dec,Banashankari Stage VI,2 BHK,1180.0,2,1,59.47,2,5039.83,5039.83
Super built-up  Area,20-Dec,Banashankari Stage VI,3 BHK,1423.0,2,1,71.73,3,5040.76,5040.76
Super built-up  Area,20-Oct,Banashankari Stage VI,3 BHK,1392.0,3,1,69.46,3,4989.94,4989.94
Super built-up  Area,20-Dec,Banashankari Stage VI,3 BHK,1410.5,2,0,70.385,3,4990.07,4990.07
Plot  Area,Ready To Move,Banashankari Stage VI,4 Bedroom,4800.0,3,2,200.0,4,4166.67,4166.67
Super built-up  Area,Ready To Move,Banaswadi,2 BHK,1184.0,2,3,53.0,2,4476.35,4476.35
Super built-up  Area,Ready To Move,Banaswadi,2 BHK,1145.0,2,2,55.0,2,4803.49,4803.49
Super built-up  Area,Ready To Move,Banaswadi,2 BHK,1250.0,2,0,60.0,2,4800.0,4800.0
Super built-up  Area,Ready To Move,Banaswadi,2 BHK,1365.0,2,2,73.0,2,5347.99,5347.99
Plot  Area,Ready To Move,Banaswadi,5 Bedroom,1903.0,6,2,140.0,5,7356.81,7356.81
Super built-up  Area,Ready To Move,Banaswadi,2 BHK,1222.0,2,2,80.0,2,6546.64,6546.64
Super built-up  Area,Ready To Move,Banaswadi,2 BHK,870.0,2,2,38.0,2,4367.82,4367.82
Super built-up  Area,Ready To Move,Banaswadi,2 BHK,1200.0,2,3,60.0,2,5000.0,5000.0
Super built-up  Area,Ready To Move,Banaswadi,1 RK,527.0,1,0,35.0,1,6641.37,6641.37
Super built-up  Area,Ready To Move,Banaswadi,2 BHK,1340.0,2,2,73.0,2,5447.76,5447.76
Super built-up  Area,Ready To Move,Banaswadi,2 BHK,1008.0,2,2,52.0,2,5158.73,5158.73
Built-up  Area,Ready To Move,Banaswadi,2 BHK,1105.0,2,2,57.0,2,5158.37,5158.37
Plot  Area,Ready To Move,Banjara Layout,2 Bedroom,1200.0,2,2,70.0,2,5833.33,5833.33
Built-up  Area,Ready To Move,Banjara Layout,2 Bedroom,1050.0,2,1,64.8,2,6171.43,6171.43
Plot  Area,Ready To Move,Banjara Layout,2 Bedroom,753.0,3,3,59.5,2,7901.73,7901.73
Plot  Area,Ready To Move,Banjara Layout,3 Bedroom,2500.0,4,0,140.0,3,5600.0,5600.0
Super built-up  Area,Ready To Move,Bannerghatta,3 BHK,1665.0,3,3,110.0,3,6606.61,6606.61
Super built-up  Area,18-Jul,Bannerghatta,3 BHK,2370.0,4,2,195.0,3,8227.85,8227.85
Super built-up  Area,21-Dec,Bannerghatta,2 BHK,1100.0,2,1,66.0,2,6000.0,6000.0
Super built-up  Area,18-Jul,Bannerghatta,4 BHK,2895.5,4,1,246.0,4,8495.94,8495.94
Super built-up  Area,19-Dec,Bannerghatta,2 BHK,1113.0,2,1,70.0,2,6289.31,6289.31
Super built-up  Area,Ready To Move,Bannerghatta,2 BHK,1200.0,2,2,73.2,2,6100.0,6100.0
Super built-up  Area,Ready To Move,Bannerghatta,2 BHK,1070.0,2,1,87.0,2,8130.84,8130.84
Super built-up  Area,19-Dec,Bannerghatta,3 BHK,1776.0,3,2,124.0,3,6981.98,6981.98
Super built-up  Area,18-Jul,Bannerghatta,3 BHK,1776.0,3,2,150.0,3,8445.95,8445.95
Built-up  Area,Ready To Move,Bannerghatta Road,1 BHK,500.0,1,1,18.5,1,3700.0,3700.0
Super built-up  Area,Ready To Move,Bannerghatta Road,2 BHK,1050.0,2,1,65.0,2,6190.48,6190.48
Super built-up  Area,Ready To Move,Bannerghatta Road,3 BHK,1170.0,2,1,66.0,3,5641.03,5641.03
Super built-up  Area,21-Feb,Bannerghatta Road,1 BHK,595.0,1,1,33.32,1,5600.0,5600.0
Carpet  Area,Ready To Move,Bannerghatta Road,3 BHK,1445.0,3,2,95.0,3,6574.39,6574.39
Super built-up  Area,Ready To Move,Bannerghatta Road,3 BHK,1640.0,2,1,120.0,3,7317.07,7317.07
Super built-up  Area,Ready To Move,Bannerghatta Road,3 BHK,1460.0,2,1,90.0,3,6164.38,6164.38
Super built-up  Area,19-Feb,Bannerghatta Road,2 BHK,1179.0,2,1,66.02,2,5599.66,5599.66
Super built-up  Area,22-Dec,Bannerghatta Road,2 BHK,1122.5,2,0,58.935,2,5250.33,5250.33
Built-up  Area,Ready To Move,Bannerghatta Road,2 BHK,793.0,2,1,45.0,2,5674.65,5674.65
Super built-up  Area,Ready To Move,Bannerghatta Road,2 BHK,1400.0,2,2,78.0,2,5571.43,5571.43
Built-up  Area,Ready To Move,Bannerghatta Road,2 BHK,1215.0,2,0,50.0,2,4115.23,4115.23
Super built-up  Area,Ready To Move,Bannerghatta Road,3 BHK,1654.0,3,2,100.0,3,6045.95,6045.95
Built-up  Area,Ready To Move,Bannerghatta Road,2 BHK,1181.0,2,0,55.0,2,4657.07,4657.07
Super built-up  Area,Ready To Move,Bannerghatta Road,2 BHK,1200.0,2,2,75.0,2,6250.0,6250.0
Super built-up  Area,19-Dec,Bannerghatta Road,1 BHK,595.0,1,1,31.83,1,5349.58,5349.58
Super built-up  Area,18-Dec,Bannerghatta Road,2 BHK,1105.0,2,1,51.0,2,4615.38,4615.38
Super built-up  Area,Ready To Move,Bannerghatta Road,2 BHK,1255.0,2,2,65.26,2,5200.0,5200.0
Super built-up  Area,Ready To Move,Bannerghatta Road,3 BHK,1550.0,3,2,82.0,3,5290.32,5290.32
Super built-up  Area,Ready To Move,Bannerghatta Road,3 BHK,1650.0,3,1,122.0,3,7393.94,7393.94
Built-up  Area,Ready To Move,Bannerghatta Road,2 BHK,912.0,2,1,55.0,2,6030.7,6030.7
Super built-up  Area,Ready To Move,Bannerghatta Road,2 BHK,1218.0,2,1,73.0,2,5993.43,5993.43
Super built-up  Area,22-Dec,Bannerghatta Road,2 BHK,1115.0,2,1,65.12,2,5840.36,5840.36
Super built-up  Area,Ready To Move,Bannerghatta Road,3 BHK,1893.0,3,2,100.0,3,5282.62,5282.62
Built-up  Area,Ready To Move,Bannerghatta Road,3 BHK,1600.0,3,2,95.0,3,5937.5,5937.5
Super built-up  Area,Ready To Move,Bannerghatta Road,2 BHK,1275.0,2,2,65.0,2,5098.04,5098.04
Super built-up  Area,Ready To Move,Bannerghatta Road,2 BHK,892.0,2,1,39.0,2,4372.2,4372.2
Super built-up  Area,Ready To Move,Bannerghatta Road,2 BHK,1260.0,2,2,70.0,2,5555.56,5555.56
Built-up  Area,Ready To Move,Bannerghatta Road,2 BHK,1157.0,2,0,40.0,2,3457.22,3457.22
Built-up  Area,Ready To Move,Bannerghatta Road,2 BHK,1150.0,2,2,65.0,2,5652.17,5652.17
Super built-up  Area,Ready To Move,Bannerghatta Road,2 BHK,1100.0,2,0,39.0,2,3545.45,3545.45
Super built-up  Area,Ready To Move,Bannerghatta Road,3 BHK,1725.0,3,1,110.0,3,6376.81,6376.81
Plot  Area,Ready To Move,Bannerghatta Road,6 Bedroom,1850.0,6,3,150.0,6,8108.11,8108.11
Built-up  Area,Ready To Move,Bannerghatta Road,2 BHK,950.0,2,0,38.0,2,4000.0,4000.0
Built-up  Area,Ready To Move,Bannerghatta Road,2 BHK,1220.0,2,1,80.0,2,6557.38,6557.38
Super built-up  Area,Ready To Move,Bannerghatta Road,2 BHK,1130.0,2,2,78.0,2,6902.65,6902.65
Super built-up  Area,19-Jan,Bannerghatta Road,3 BHK,1486.0,3,1,83.22,3,5600.27,5600.27
Built-up  Area,Ready To Move,Bannerghatta Road,2 BHK,1015.0,2,0,48.0,2,4729.06,4729.06
Super built-up  Area,21-Dec,Bannerghatta Road,2 BHK,1115.0,2,1,61.0,2,5470.85,5470.85
Super built-up  Area,Ready To Move,Bannerghatta Road,2 BHK,1136.0,2,1,48.0,2,4225.35,4225.35
Super built-up  Area,Ready To Move,Bannerghatta Road,4 BHK,2700.0,4,3,260.0,4,9629.63,9629.63
Super built-up  Area,Ready To Move,Bannerghatta Road,3 BHK,1200.0,2,2,69.0,3,5750.0,5750.0
Super built-up  Area,Ready To Move,Bannerghatta Road,3 BHK,1465.0,2,1,76.0,3,5187.71,5187.71
Super built-up  Area,Ready To Move,Bannerghatta Road,2 BHK,1302.5,2,0,67.73,2,5200.0,5200.0
Super built-up  Area,Ready To Move,Bannerghatta Road,2 BHK,1200.0,2,2,65.0,2,5416.67,5416.67
Super built-up  Area,Ready To Move,Bannerghatta Road,2 BHK,1240.0,2,1,65.0,2,5241.94,5241.94
Super built-up  Area,18-Feb,Bannerghatta Road,3 BHK,1476.0,3,1,125.0,3,8468.83,8468.83
Super built-up  Area,22-Dec,Bannerghatta Road,3 BHK,1532.5,3,0,84.29,3,5500.16,5500.16
Super built-up  Area,18-Dec,Bannerghatta Road,2 BHK,1268.0,2,1,69.0,2,5441.64,5441.64
Super built-up  Area,Ready To Move,Bannerghatta Road,3 BHK,1450.0,2,2,87.0,3,6000.0,6000.0
Super built-up  Area,Ready To Move,Bannerghatta Road,4 BHK,2932.0,5,1,195.0,4,6650.75,6650.75
Super built-up  Area,Ready To Move,Bannerghatta Road,2 BHK,960.0,2,3,58.0,2,6041.67,6041.67
Super built-up  Area,Ready To Move,Bannerghatta Road,3 BHK,1750.0,3,1,130.0,3,7428.57,7428.57
Super built-up  Area,Ready To Move,Bannerghatta Road,2 BHK,1275.0,2,1,73.0,2,5725.49,5725.49
Super built-up  Area,Ready To Move,Bannerghatta Road,2 BHK,1240.0,2,1,71.0,2,5725.81,5725.81
Super built-up  Area,Ready To Move,Bannerghatta Road,2 BHK,1215.0,2,1,68.0,2,5596.71,5596.71
Super built-up  Area,Ready To Move,Bannerghatta Road,2 BHK,1215.0,2,1,68.0,2,5596.71,5596.71
Super built-up  Area,19-Jun,Bannerghatta Road,3 BHK,1894.0,3,1,115.0,3,6071.81,6071.81
Super built-up  Area,21-Dec,Bannerghatta Road,3 BHK,1693.0,3,2,89.0,3,5256.94,5256.94
Super built-up  Area,17-Sep,Bannerghatta Road,2 BHK,1280.0,2,2,60.16,2,4700.0,4700.0
Super built-up  Area,Ready To Move,Bannerghatta Road,1 BHK,630.0,1,2,35.0,1,5555.56,5555.56
Super built-up  Area,Ready To Move,Bannerghatta Road,2 BHK,1215.0,2,1,68.0,2,5596.71,5596.71
Super built-up  Area,22-Dec,Bannerghatta Road,3 BHK,1365.0,3,1,76.18,3,5580.95,5580.95
Super built-up  Area,Ready To Move,Bannerghatta Road,2 BHK,1115.0,2,2,78.0,2,6995.52,6995.52
Super built-up  Area,22-Dec,Bannerghatta Road,3 BHK,1532.5,3,0,79.465,3,5185.32,5185.32
Built-up  Area,18-Mar,Bannerghatta Road,3 BHK,1655.0,3,3,90.0,3,5438.07,5438.07
Super built-up  Area,18-Oct,Bannerghatta Road,2 BHK,1247.0,2,1,47.39,2,3800.32,3800.32
Super built-up  Area,Ready To Move,Bannerghatta Road,2 BHK,1237.5,2,0,49.49,2,3999.19,3999.19
Super built-up  Area,Ready To Move,Bannerghatta Road,3 BHK,1650.0,3,1,94.0,3,5696.97,5696.97
Super built-up  Area,Ready To Move,Bannerghatta Road,2 BHK,905.0,2,1,65.0,2,7182.32,7182.32
Super built-up  Area,Ready To Move,Bannerghatta Road,2 BHK,1000.0,2,1,50.0,2,5000.0,5000.0
Super built-up  Area,Ready To Move,Bannerghatta Road,4 BHK,2185.0,3,3,120.0,4,5491.99,5491.99
Super built-up  Area,Ready To Move,Bannerghatta Road,2 BHK,1012.0,2,1,45.0,2,4446.64,4446.64
Super built-up  Area,Ready To Move,Bannerghatta Road,3 BHK,1460.0,2,2,80.0,3,5479.45,5479.45
Super built-up  Area,Ready To Move,Bannerghatta Road,2 BHK,1340.0,2,3,85.0,2,6343.28,6343.28
Super built-up  Area,Ready To Move,Bannerghatta Road,3 BHK,1711.0,3,2,125.0,3,7305.67,7305.67
Super built-up  Area,Ready To Move,Bannerghatta Road,3 BHK,1520.0,2,3,81.0,3,5328.95,5328.95
Built-up  Area,18-Mar,Bannerghatta Road,3 Bedroom,2826.0,3,1,148.0,3,5237.08,5237.08
Super built-up  Area,21-Dec,Bannerghatta Road,2 BHK,1115.0,2,1,61.0,2,5470.85,5470.85
Super built-up  Area,Ready To Move,Bannerghatta Road,2 BHK,1154.0,2,2,47.0,2,4072.79,4072.79
Super built-up  Area,Ready To Move,Bannerghatta Road,2 BHK,1000.0,2,1,44.5,2,4450.0,4450.0
Built-up  Area,Ready To Move,Bannerghatta Road,2 BHK,1250.0,2,0,48.0,2,3840.0,3840.0
Super built-up  Area,19-Jul,Bannerghatta Road,3 BHK,1640.0,3,2,105.0,3,6402.44,6402.44
Super built-up  Area,Ready To Move,Bannerghatta Road,2 BHK,1012.0,2,1,44.0,2,4347.83,4347.83
Super built-up  Area,Ready To Move,Bannerghatta Road,3 BHK,1527.0,3,2,115.0,3,7531.11,7531.11
Super built-up  Area,Ready To Move,Bannerghatta Road,3 BHK,1550.0,3,2,96.0,3,6193.55,6193.55
Super built-up  Area,22-Jan,Bannerghatta Road,2 BHK,1200.0,2,2,78.0,2,6500.0,6500.0
Super built-up  Area,18-Mar,Bannerghatta Road,3 BHK,1885.0,3,1,125.0,3,6631.3,6631.3
Super built-up  Area,Ready To Move,Bannerghatta Road,3 BHK,1450.0,2,2,78.0,3,5379.31,5379.31
Super built-up  Area,Ready To Move,Bannerghatta Road,1 BHK,700.0,1,1,31.2,1,4457.14,4457.14
Super built-up  Area,Ready To Move,Bannerghatta Road,2 BHK,905.0,2,1,58.0,2,6408.84,6408.84
Super built-up  Area,Ready To Move,Bannerghatta Road,3 BHK,1920.0,3,3,122.0,3,6354.17,6354.17
Built-up  Area,Ready To Move,Bannerghatta Road,4 Bedroom,2400.0,4,1,180.0,4,7500.0,7500.0
Built-up  Area,Ready To Move,Bannerghatta Road,2 BHK,1270.0,2,2,45.0,2,3543.31,3543.31
Super built-up  Area,Ready To Move,Bannerghatta Road,3 BHK,1520.0,2,3,80.0,3,5263.16,5263.16
Built-up  Area,Ready To Move,Bannerghatta Road,3 BHK,1270.0,2,1,73.0,3,5748.03,5748.03
Super built-up  Area,Ready To Move,Bannerghatta Road,3 BHK,1846.0,3,2,120.0,3,6500.54,6500.54
Super built-up  Area,22-Dec,Bannerghatta Road,2 BHK,1122.5,2,0,61.74,2,5500.22,5500.22
Super built-up  Area,Ready To Move,Bannerghatta Road,3 BHK,1655.0,3,3,95.0,3,5740.18,5740.18
Built-up  Area,Ready To Move,Bannerghatta Road,2 BHK,1206.0,2,3,53.0,2,4394.69,4394.69
Super built-up  Area,Ready To Move,Bannerghatta Road,2 BHK,1150.0,2,2,55.0,2,4782.61,4782.61
Super built-up  Area,Ready To Move,Bannerghatta Road,2 BHK,1215.0,2,1,65.0,2,5349.79,5349.79
Super built-up  Area,Ready To Move,Bannerghatta Road,3 BHK,1510.0,2,3,110.0,3,7284.77,7284.77
Super built-up  Area,Ready To Move,Bannerghatta Road,2 BHK,1022.0,2,1,35.0,2,3424.66,3424.66
Super built-up  Area,18-Sep,Bannerghatta Road,2 BHK,1246.0,2,2,47.35,2,3800.16,3800.16
Carpet  Area,Ready To Move,Bannerghatta Road,3 BHK,1470.0,2,1,85.0,3,5782.31,5782.31
Super built-up  Area,Ready To Move,Bannerghatta Road,2 BHK,1160.0,2,2,45.0,2,3879.31,3879.31
Super built-up  Area,Ready To Move,Bannerghatta Road,2 BHK,970.0,2,1,57.0,2,5876.29,5876.29
Built-up  Area,Ready To Move,Bannerghatta Road,3 BHK,1527.0,3,1,142.0,3,9299.28,9299.28
Super built-up  Area,Ready To Move,Basavangudi,2 BHK,1036.0,2,2,105.0,2,10135.14,10135.14
Super built-up  Area,Ready To Move,Basavangudi,4 BHK,2600.0,4,3,260.0,4,10000.0,10000.0
Super built-up  Area,Ready To Move,Basavangudi,3 BHK,1600.0,2,2,160.0,3,10000.0,10000.0
Built-up  Area,Ready To Move,Basavangudi,2 BHK,1560.0,2,2,145.0,2,9294.87,9294.87
Super built-up  Area,Ready To Move,Basavangudi,3 BHK,1800.0,3,2,195.0,3,10833.33,10833.33
Super built-up  Area,Ready To Move,Basavangudi,2 BHK,1100.0,2,3,93.0,2,8454.55,8454.55
Built-up  Area,Ready To Move,Basavangudi,2 BHK,1050.0,2,1,103.0,2,9809.52,9809.52
Super built-up  Area,18-Apr,Basavangudi,2 BHK,1180.0,2,3,124.0,2,10508.47,10508.47
Super built-up  Area,Ready To Move,Basavangudi,2 BHK,1200.0,2,3,120.0,2,10000.0,10000.0
Super built-up  Area,Ready To Move,Basavangudi,4 BHK,2453.0,3,2,250.0,4,10191.6,10191.6
Plot  Area,Ready To Move,Basaveshwara Nagar,5 Bedroom,4500.0,5,1,415.0,5,9222.22,9222.22
Built-up  Area,Ready To Move,Basaveshwara Nagar,3 BHK,1865.0,3,3,145.0,3,7774.8,7774.8
Super built-up  Area,Ready To Move,Basaveshwara Nagar,2 BHK,1200.0,2,0,90.0,2,7500.0,7500.0
Plot  Area,Ready To Move,Basaveshwara Nagar,5 Bedroom,2400.0,4,1,310.0,5,12916.67,12916.67
Built-up  Area,Ready To Move,Basaveshwara Nagar,2 BHK,1200.0,2,2,80.0,2,6666.67,6666.67
Built-up  Area,Ready To Move,Basaveshwara Nagar,2 BHK,900.0,2,1,60.0,2,6666.67,6666.67
Super built-up  Area,Ready To Move,Basaveshwara Nagar,3 BHK,1900.0,3,3,150.0,3,7894.74,7894.74
Built-up  Area,Ready To Move,Basaveshwara Nagar,2 BHK,1200.0,2,2,85.0,2,7083.33,7083.33
Built-up  Area,18-Apr,Basaveshwara Nagar,2 BHK,1200.0,2,1,70.0,2,5833.33,5833.33
Plot  Area,Ready To Move,Battarahalli,2 Bedroom,1200.0,2,1,65.0,2,5416.67,5416.67
Super built-up  Area,Ready To Move,Battarahalli,3 BHK,1779.0,3,2,89.61,3,5037.1,5037.1
Super built-up  Area,Ready To Move,Battarahalli,2 BHK,1300.0,2,1,50.0,2,3846.15,3846.15
Super built-up  Area,Ready To Move,Battarahalli,3 BHK,1945.0,3,2,97.42,3,5008.74,5008.74
Super built-up  Area,Ready To Move,Battarahalli,3 BHK,1777.0,3,2,100.0,3,5627.46,5627.46
Super built-up  Area,Ready To Move,Battarahalli,2 BHK,1135.0,2,3,43.0,2,3788.55,3788.55
Super built-up  Area,Ready To Move,Battarahalli,2 BHK,1276.0,2,2,45.0,2,3526.65,3526.65
Super built-up  Area,Ready To Move,Battarahalli,3 BHK,1880.0,3,2,94.36,3,5019.15,5019.15
Super built-up  Area,Ready To Move,Battarahalli,2 BHK,1071.0,2,1,62.0,2,5788.98,5788.98
Super built-up  Area,Ready To Move,Battarahalli,2 BHK,1165.0,2,1,43.0,2,3690.99,3690.99
Super built-up  Area,Ready To Move,Battarahalli,2 BHK,1636.0,2,2,82.89,2,5066.63,5066.63
Super built-up  Area,Ready To Move,Battarahalli,3 BHK,1779.0,3,2,90.0,3,5059.02,5059.02
Super built-up  Area,18-May,Battarahalli,2 BHK,1090.0,2,2,38.37,2,3520.18,3520.18
Super built-up  Area,19-Dec,Battarahalli,3 BHK,2082.0,3,2,104.0,3,4995.2,4995.2
Super built-up  Area,19-Jan,Battarahalli,3 BHK,2024.0,3,2,103.0,3,5088.93,5088.93
Super built-up  Area,Ready To Move,Battarahalli,2 BHK,1097.0,2,1,49.0,2,4466.73,4466.73
Super built-up  Area,Ready To Move,Begur,3 BHK,1419.0,2,2,59.0,3,4157.86,4157.86
Built-up  Area,Ready To Move,Begur,3 BHK,1580.0,3,2,75.0,3,4746.84,4746.84
Built-up  Area,Ready To Move,Begur,3 BHK,1559.0,3,2,63.0,3,4041.05,4041.05
Super built-up  Area,18-Apr,Begur,3 BHK,1445.0,2,2,47.1,3,3259.52,3259.52
Built-up  Area,Ready To Move,Begur,3 BHK,1475.0,2,2,74.0,3,5016.95,5016.95
Built-up  Area,Ready To Move,Begur,3 Bedroom,3500.0,4,2,185.0,3,5285.71,5285.71
Super built-up  Area,Ready To Move,Begur,2 BHK,1100.0,2,2,55.0,2,5000.0,5000.0
Built-up  Area,Ready To Move,Begur,2 BHK,1306.0,2,3,65.0,2,4977.03,4977.03
Super built-up  Area,Ready To Move,Begur,3 BHK,1304.0,3,0,65.0,3,4984.66,4984.66
Super built-up  Area,18-Apr,Begur,3 BHK,1411.0,2,2,60.0,3,4252.3,4252.3
Super built-up  Area,Ready To Move,Begur,2 BHK,815.0,2,1,40.0,2,4907.98,4907.98
Super built-up  Area,Ready To Move,Begur,3 BHK,1443.0,2,2,70.0,3,4851.0,4851.0
Super built-up  Area,Ready To Move,Begur Road,2 BHK,1200.0,2,2,44.0,2,3666.67,3666.67
Super built-up  Area,Ready To Move,Begur Road,2 BHK,1200.0,2,2,46.8,2,3900.0,3900.0
Super built-up  Area,Ready To Move,Begur Road,2 BHK,1160.0,2,2,44.0,2,3793.1,3793.1
Super built-up  Area,Ready To Move,Begur Road,3 BHK,1584.0,3,1,65.0,3,4103.54,4103.54
Super built-up  Area,Ready To Move,Begur Road,3 BHK,1615.0,3,2,59.76,3,3700.31,3700.31
Super built-up  Area,Ready To Move,Begur Road,2 BHK,1200.0,2,2,43.2,2,3600.0,3600.0
Super built-up  Area,Ready To Move,Begur Road,2 BHK,1160.0,2,2,44.08,2,3800.0,3800.0
Super built-up  Area,Ready To Move,Begur Road,2 BHK,1200.0,2,2,45.0,2,3750.0,3750.0
Super built-up  Area,Ready To Move,Begur Road,3 BHK,1615.0,3,2,60.0,3,3715.17,3715.17
Super built-up  Area,Ready To Move,Begur Road,3 BHK,1410.0,2,3,53.0,3,3758.87,3758.87
Super built-up  Area,Ready To Move,Begur Road,2 BHK,1200.0,2,2,37.8,2,3150.0,3150.0
Super built-up  Area,Ready To Move,Begur Road,2 BHK,1160.0,2,2,40.59,2,3499.14,3499.14
Super built-up  Area,Ready To Move,Begur Road,2 BHK,1260.0,2,2,46.62,2,3700.0,3700.0
Built-up  Area,Ready To Move,Begur Road,3 BHK,1600.0,3,2,58.14,3,3633.75,3633.75
Super built-up  Area,Ready To Move,Begur Road,3 BHK,1500.0,2,3,70.0,3,4666.67,4666.67
Super built-up  Area,Ready To Move,Begur Road,2 BHK,1160.0,2,2,42.0,2,3620.69,3620.69
Super built-up  Area,Ready To Move,Begur Road,2 BHK,1240.0,2,2,39.06,2,3150.0,3150.0
Super built-up  Area,Ready To Move,Begur Road,2 BHK,1200.0,2,2,45.0,2,3750.0,3750.0
Super built-up  Area,Ready To Move,Begur Road,3 BHK,1500.0,2,3,55.0,3,3666.67,3666.67
Super built-up  Area,Ready To Move,Begur Road,3 BHK,1410.0,2,3,52.17,3,3700.0,3700.0
Super built-up  Area,19-Aug,Begur Road,3 BHK,1583.0,3,1,74.4,3,4699.94,4699.94
Super built-up  Area,Ready To Move,Begur Road,2 BHK,1170.0,2,2,46.0,2,3931.62,3931.62
Super built-up  Area,Ready To Move,Begur Road,2 BHK,1160.0,2,2,42.92,2,3700.0,3700.0
Super built-up  Area,Ready To Move,Begur Road,3 BHK,1410.0,2,3,52.17,3,3700.0,3700.0
Super built-up  Area,Ready To Move,Begur Road,3 BHK,1565.0,2,2,59.76,3,3818.53,3818.53
Super built-up  Area,Ready To Move,Begur Road,2 BHK,1160.0,2,2,42.0,2,3620.69,3620.69
Super built-up  Area,Ready To Move,Begur Road,3 BHK,1410.0,2,3,53.58,3,3800.0,3800.0
Super built-up  Area,Ready To Move,Begur Road,2 BHK,1200.0,2,2,45.0,2,3750.0,3750.0
Super built-up  Area,Ready To Move,Begur Road,2 BHK,1200.0,2,2,42.6,2,3550.0,3550.0
Super built-up  Area,Ready To Move,Begur Road,2 BHK,1160.0,2,2,42.0,2,3620.69,3620.69
Super built-up  Area,Ready To Move,Begur Road,2 BHK,1334.0,2,3,42.69,2,3200.15,3200.15
Super built-up  Area,Ready To Move,Begur Road,3 BHK,1565.0,2,2,57.91,3,3700.32,3700.32
Super built-up  Area,Ready To Move,Begur Road,2 BHK,1200.0,2,2,45.6,2,3800.0,3800.0
Super built-up  Area,Ready To Move,Begur Road,2 BHK,1215.0,2,2,43.13,2,3549.79,3549.79
Super built-up  Area,Ready To Move,Begur Road,2 BHK,1160.0,2,2,36.54,2,3150.0,3150.0
Super built-up  Area,Ready To Move,Begur Road,2 BHK,1200.0,2,2,44.4,2,3700.0,3700.0
Super built-up  Area,Ready To Move,Begur Road,2 BHK,1260.0,2,1,39.69,2,3150.0,3150.0
Super built-up  Area,Ready To Move,Begur Road,2 BHK,1160.0,2,2,44.0,2,3793.1,3793.1
Super built-up  Area,18-Mar,Begur Road,2 BHK,952.0,2,1,42.0,2,4411.76,4411.76
Super built-up  Area,Ready To Move,Begur Road,2 BHK,1200.0,2,2,42.0,2,3500.0,3500.0
Super built-up  Area,Ready To Move,Begur Road,2 BHK,1240.0,2,2,45.88,2,3700.0,3700.0
Plot  Area,Ready To Move,Begur Road,3 Bedroom,1200.0,3,0,50.0,3,4166.67,4166.67
Super built-up  Area,Ready To Move,Begur Road,2 BHK,1200.0,2,2,44.0,2,3666.67,3666.67
Built-up  Area,Ready To Move,Begur Road,2 BHK,1100.0,2,2,42.6,2,3872.73,3872.73
Super built-up  Area,Ready To Move,Begur Road,3 BHK,1565.0,2,2,57.91,3,3700.32,3700.32
Super built-up  Area,Ready To Move,Begur Road,2 BHK,1200.0,2,2,44.4,2,3700.0,3700.0
Super built-up  Area,Ready To Move,Begur Road,2 BHK,1160.0,2,2,36.54,2,3150.0,3150.0
Super built-up  Area,Ready To Move,Begur Road,2 BHK,1215.0,2,1,43.75,2,3600.82,3600.82
Built-up  Area,Ready To Move,Begur Road,2 BHK,1200.0,2,2,44.73,2,3727.5,3727.5
Super built-up  Area,Ready To Move,Begur Road,2 BHK,1160.0,2,2,42.0,2,3620.69,3620.69
Super built-up  Area,Ready To Move,Begur Road,3 BHK,1410.0,2,3,54.99,3,3900.0,3900.0
Super built-up  Area,Ready To Move,Bellandur,3 BHK,1767.0,3,1,103.0,3,5829.09,5829.09
Built-up  Area,Ready To Move,Bellandur,2 BHK,1205.0,2,3,66.0,2,5477.18,5477.18
Super built-up  Area,Ready To Move,Bellandur,2 BHK,1250.0,2,1,76.0,2,6080.0,6080.0
Super built-up  Area,Ready To Move,Bellandur,2 BHK,1000.0,2,2,50.0,2,5000.0,5000.0
Super built-up  Area,Ready To Move,Bellandur,2 BHK,1281.0,2,1,74.0,2,5776.74,5776.74
Super built-up  Area,Ready To Move,Bellandur,2 BHK,921.0,2,2,40.0,2,4343.11,4343.11
Super built-up  Area,Ready To Move,Bellandur,3 BHK,1490.0,2,2,98.0,3,6577.18,6577.18
Super built-up  Area,Ready To Move,Bellandur,3 BHK,2039.0,3,2,168.0,3,8239.33,8239.33
Super built-up  Area,Ready To Move,Bellandur,3 BHK,1605.0,3,2,85.0,3,5295.95,5295.95
Super built-up  Area,Ready To Move,Bellandur,3 BHK,1692.0,3,2,88.0,3,5200.95,5200.95
Super built-up  Area,Ready To Move,Bellandur,2 BHK,1220.0,2,2,60.0,2,4918.03,4918.03
Super built-up  Area,Ready To Move,Bellandur,2 BHK,1299.0,2,2,82.0,2,6312.55,6312.55
Super built-up  Area,Ready To Move,Bellandur,2 BHK,900.0,2,2,56.0,2,6222.22,6222.22
Built-up  Area,Ready To Move,Bellandur,2 BHK,1350.0,2,1,79.0,2,5851.85,5851.85
Super built-up  Area,Ready To Move,Bellandur,2 BHK,1286.0,2,2,57.0,2,4432.35,4432.35
Super built-up  Area,Ready To Move,Bellandur,4 BHK,3016.0,4,3,230.0,4,7625.99,7625.99
Super built-up  Area,Ready To Move,Bellandur,2 BHK,1457.0,2,2,85.0,2,5833.91,5833.91
Super built-up  Area,Ready To Move,Bellandur,2 BHK,1195.0,2,2,51.0,2,4267.78,4267.78
Super built-up  Area,Ready To Move,Bellandur,2 BHK,1050.0,2,2,72.0,2,6857.14,6857.14
Built-up  Area,Ready To Move,Bellandur,4 Bedroom,3600.0,4,0,260.0,4,7222.22,7222.22
Super built-up  Area,Ready To Move,Bellandur,2 BHK,1310.0,2,2,72.0,2,5496.18,5496.18
Super built-up  Area,Ready To Move,Bellandur,2 BHK,924.0,2,2,35.11,2,3799.78,3799.78
Super built-up  Area,Ready To Move,Bellandur,3 BHK,1785.0,3,3,118.0,3,6610.64,6610.64
Super built-up  Area,Ready To Move,Bellandur,2 BHK,1051.0,2,2,60.0,2,5708.85,5708.85
Super built-up  Area,Ready To Move,Bellandur,2 BHK,1060.0,2,1,65.0,2,6132.08,6132.08
Super built-up  Area,17-Jun,Bellandur,2 BHK,1100.0,2,3,62.0,2,5636.36,5636.36
Super built-up  Area,Ready To Move,Bellandur,2 BHK,1550.0,2,3,59.0,2,3806.45,3806.45
Super built-up  Area,Ready To Move,Bellandur,2 BHK,924.0,2,2,35.11,2,3799.78,3799.78
Super built-up  Area,18-Mar,Bellandur,3 BHK,1685.0,3,3,100.0,3,5934.72,5934.72
Super built-up  Area,Ready To Move,Bellandur,2 BHK,982.0,2,2,55.0,2,5600.81,5600.81
Super built-up  Area,Ready To Move,Bellandur,2 BHK,981.0,2,2,37.28,2,3800.2,3800.2
Super built-up  Area,Ready To Move,Bellandur,2 BHK,1205.0,2,1,59.0,2,4896.27,4896.27
Super built-up  Area,Ready To Move,Bellandur,2 BHK,1063.0,2,1,58.0,2,5456.26,5456.26
Super built-up  Area,Ready To Move,Bellandur,2 BHK,1201.0,2,2,59.99,2,4995.0,4995.0
Super built-up  Area,Ready To Move,Bellandur,2 BHK,1325.0,2,2,65.0,2,4905.66,4905.66
Super built-up  Area,Ready To Move,Bellandur,2 BHK,1281.0,2,2,87.0,2,6791.57,6791.57
Super built-up  Area,Ready To Move,Bellandur,2 BHK,1200.0,2,1,52.0,2,4333.33,4333.33
Built-up  Area,Ready To Move,Bellandur,3 BHK,1785.0,3,2,120.0,3,6722.69,6722.69
Super built-up  Area,Ready To Move,Bellandur,2 BHK,1088.0,2,2,48.0,2,4411.76,4411.76
Super built-up  Area,Ready To Move,Bellandur,2 BHK,1310.0,2,2,85.0,2,6488.55,6488.55
Super built-up  Area,Ready To Move,Bellandur,2 BHK,982.0,2,2,37.28,2,3796.33,3796.33
Built-up  Area,Ready To Move,Bellandur,2 BHK,1465.0,3,3,90.0,2,6143.34,6143.34
Super built-up  Area,Ready To Move,Bellandur,3 BHK,1767.0,3,2,109.0,3,6168.65,6168.65
Super built-up  Area,Ready To Move,Bellandur,2 BHK,924.0,2,2,35.11,2,3799.78,3799.78
Built-up  Area,Ready To Move,Bellandur,4 Bedroom,3600.0,4,1,245.0,4,6805.56,6805.56
Super built-up  Area,Ready To Move,Bellandur,2 BHK,1170.0,2,1,46.79,2,3999.15,3999.15
Super built-up  Area,Ready To Move,Bellandur,2 BHK,1150.0,2,1,69.44,2,6038.26,6038.26
Super built-up  Area,Ready To Move,Bellandur,2 BHK,1200.0,2,3,45.0,2,3750.0,3750.0
Super built-up  Area,Ready To Move,Bellandur,2 BHK,1410.0,3,2,92.0,2,6524.82,6524.82
Super built-up  Area,Ready To Move,Bellandur,2 BHK,950.0,2,2,35.0,2,3684.21,3684.21
Super built-up  Area,Ready To Move,Bellandur,2 BHK,1015.0,2,1,60.0,2,5911.33,5911.33
Super built-up  Area,18-Jan,Bellandur,3 BHK,1685.0,3,3,101.0,3,5994.07,5994.07
Built-up  Area,Ready To Move,Bellandur,3 BHK,1735.0,3,3,105.0,3,6051.87,6051.87
Built-up  Area,18-Jul,Bellandur,3 BHK,1685.0,3,3,115.0,3,6824.93,6824.93
Super built-up  Area,Ready To Move,Bellandur,3 BHK,1846.0,3,2,135.0,3,7313.11,7313.11
Super built-up  Area,Ready To Move,Bellandur,2 BHK,1049.0,2,1,51.0,2,4861.77,4861.77
Built-up  Area,Ready To Move,Bellandur,2 BHK,1211.0,2,1,63.0,2,5202.31,5202.31
Super built-up  Area,Ready To Move,Bellandur,3 BHK,1717.0,3,2,110.0,3,6406.52,6406.52
Super built-up  Area,Ready To Move,Bellandur,2 BHK,1185.0,2,1,47.39,2,3999.16,3999.16
Super built-up  Area,Ready To Move,Bellandur,2 BHK,1200.0,2,1,62.0,2,5166.67,5166.67
Super built-up  Area,Ready To Move,Bellandur,2 BHK,1251.0,2,3,47.0,2,3756.99,3756.99
Built-up  Area,Ready To Move,Bellandur,2 BHK,960.0,2,2,48.0,2,5000.0,5000.0
Super built-up  Area,Ready To Move,Bellandur,3 BHK,1690.0,2,2,116.0,3,6863.91,6863.91
Super built-up  Area,Ready To Move,Bellandur,1 BHK,950.0,1,1,40.0,1,4210.53,4210.53
Built-up  Area,Ready To Move,Bellandur,2 BHK,850.0,2,1,45.0,2,5294.12,5294.12
Super built-up  Area,19-Jul,Bellandur,2 BHK,1454.0,2,1,90.0,2,6189.82,6189.82
Super built-up  Area,Ready To Move,Bellandur,2 BHK,1195.0,2,1,52.0,2,4351.46,4351.46
Super built-up  Area,Ready To Move,Bellandur,3 BHK,1435.0,2,2,115.0,3,8013.94,8013.94
Super built-up  Area,18-Aug,Bellandur,2 BHK,1260.0,2,2,83.5,2,6626.98,6626.98
Super built-up  Area,Ready To Move,Bellandur,3 BHK,1535.0,3,1,90.0,3,5863.19,5863.19
Super built-up  Area,Ready To Move,Bellandur,2 BHK,1047.0,2,1,75.0,2,7163.32,7163.32
Super built-up  Area,Ready To Move,Bellandur,2 BHK,1096.0,2,2,40.0,2,3649.64,3649.64
Super built-up  Area,Ready To Move,Bellandur,2 BHK,1262.0,2,2,47.0,2,3724.25,3724.25
Super built-up  Area,Ready To Move,Benson Town,3 BHK,3200.0,4,1,350.0,3,10937.5,10937.5
Super built-up  Area,Ready To Move,Benson Town,4 BHK,4460.0,5,1,650.0,4,14573.99,14573.99
Super built-up  Area,Ready To Move,Benson Town,3 BHK,2850.0,4,3,470.0,3,16491.23,16491.23
Super built-up  Area,Ready To Move,Benson Town,2 BHK,1300.0,2,1,120.0,2,9230.77,9230.77
Built-up  Area,Ready To Move,Benson Town,2 BHK,1567.0,3,0,140.0,2,8934.27,8934.27
Plot  Area,Ready To Move,Benson Town,2 Bedroom,1688.12,2,1,270.0,2,15994.12,15994.12
Built-up  Area,Ready To Move,Benson Town,3 BHK,1805.0,3,2,280.0,3,15512.47,15512.47
Plot  Area,Ready To Move,Benson Town,2 Bedroom,1688.0,2,0,280.0,2,16587.68,16587.68
Super built-up  Area,Ready To Move,Bharathi Nagar,2 BHK,1322.0,2,2,68.0,2,5143.72,5143.72
Super built-up  Area,Ready To Move,Bharathi Nagar,2 BHK,1351.0,2,2,70.0,2,5181.35,5181.35
Super built-up  Area,Ready To Move,Bharathi Nagar,2 BHK,1384.0,2,2,59.0,2,4263.01,4263.01
Super built-up  Area,Ready To Move,Bharathi Nagar,2 BHK,1351.0,2,2,74.0,2,5477.42,5477.42
Super built-up  Area,Ready To Move,Bharathi Nagar,2 BHK,1432.0,2,2,68.0,2,4748.6,4748.6
Super built-up  Area,Ready To Move,Bharathi Nagar,2 BHK,1349.0,2,2,56.7,2,4203.11,4203.11
Super built-up  Area,Ready To Move,Bharathi Nagar,2 BHK,1328.0,2,2,69.0,2,5195.78,5195.78
Built-up  Area,Ready To Move,Bharathi Nagar,2 BHK,1300.0,2,2,55.86,2,4296.92,4296.92
Super built-up  Area,18-Mar,Bhoganhalli,3 BHK,1670.0,3,1,99.0,3,5928.14,5928.14
Super built-up  Area,18-Apr,Bhoganhalli,2 BHK,1444.0,2,1,75.97,2,5261.08,5261.08
Super built-up  Area,18-Jul,Bhoganhalli,2 BHK,1447.0,2,1,75.97,2,5250.17,5250.17
Built-up  Area,Ready To Move,Bhoganhalli,3 BHK,1700.0,3,2,126.0,3,7411.76,7411.76
Super built-up  Area,18-May,Bhoganhalli,2 BHK,1447.0,2,1,75.97,2,5250.17,5250.17
Super built-up  Area,Ready To Move,Bhoganhalli,3 BHK,1760.0,3,2,127.0,3,7215.91,7215.91
Super built-up  Area,18-Jul,Bhoganhalli,2 BHK,1447.0,2,1,75.97,2,5250.17,5250.17
Super built-up  Area,Ready To Move,Bhoganhalli,3 BHK,1949.0,3,2,129.0,3,6618.78,6618.78
Super built-up  Area,Ready To Move,Bhoganhalli,3 BHK,1760.0,3,2,128.0,3,7272.73,7272.73
Super built-up  Area,18-Jul,Bhoganhalli,2 BHK,1447.0,2,1,75.97,2,5250.17,5250.17
Super built-up  Area,Ready To Move,Bhoganhalli,4 BHK,2439.0,4,3,185.0,4,7585.08,7585.08
Super built-up  Area,18-Apr,Bhoganhalli,2 BHK,1444.0,2,1,75.97,2,5261.08,5261.08
Super built-up  Area,19-Dec,Bhoganhalli,2 BHK,1205.0,2,2,64.47,2,5350.21,5350.21
Super built-up  Area,18-Jul,Bhoganhalli,2 BHK,1447.0,2,1,75.97,2,5250.17,5250.17
Built-up  Area,Ready To Move,Bhoganhalli,4 BHK,2439.0,5,2,170.0,4,6970.07,6970.07
Super built-up  Area,18-Sep,Bhoganhalli,2 BHK,1205.0,2,1,68.32,2,5669.71,5669.71
Super built-up  Area,Ready To Move,Bhoganhalli,2 BHK,1260.0,2,1,69.9,2,5547.62,5547.62
Super built-up  Area,Ready To Move,Bhoganhalli,4 BHK,2439.0,4,3,170.0,4,6970.07,6970.07
Super built-up  Area,Ready To Move,Bhoganhalli,3 BHK,1707.0,3,2,115.0,3,6736.97,6736.97
Built-up  Area,Ready To Move,Bhoganhalli,2 BHK,970.0,2,1,52.5,2,5412.37,5412.37
Super built-up  Area,18-May,Bhoganhalli,2 BHK,1277.0,2,1,79.89,2,6256.07,6256.07
Super built-up  Area,Ready To Move,Bhoganhalli,3 BHK,1703.0,3,2,120.0,3,7046.39,7046.39
Super built-up  Area,Ready To Move,Billekahalli,2 BHK,1125.0,2,2,62.0,2,5511.11,5511.11
Super built-up  Area,Ready To Move,Billekahalli,2 BHK,1090.0,2,3,52.0,2,4770.64,4770.64
Super built-up  Area,Ready To Move,Billekahalli,2 BHK,1112.0,2,2,62.0,2,5575.54,5575.54
Built-up  Area,Ready To Move,Billekahalli,3 Bedroom,2400.0,3,1,150.0,3,6250.0,6250.0
Super built-up  Area,Ready To Move,Billekahalli,3 BHK,2968.0,3,1,225.0,3,7580.86,7580.86
Super built-up  Area,Ready To Move,Billekahalli,2 BHK,950.0,2,1,58.11,2,6116.84,6116.84
Super built-up  Area,Ready To Move,Billekahalli,2 BHK,1360.0,2,3,110.0,2,8088.24,8088.24
Super built-up  Area,Ready To Move,Billekahalli,2 BHK,1125.0,2,1,65.0,2,5777.78,5777.78
Super built-up  Area,Ready To Move,Billekahalli,2 BHK,950.0,2,2,56.0,2,5894.74,5894.74
Built-up  Area,Ready To Move,Billekahalli,3 BHK,1805.0,3,3,134.0,3,7423.82,7423.82
Super built-up  Area,19-Dec,Binny Pete,3 BHK,1755.0,3,1,122.0,3,6951.57,6951.57
Super built-up  Area,19-Dec,Binny Pete,1 BHK,665.0,1,0,50.75,1,7631.58,7631.58
Super built-up  Area,19-Dec,Binny Pete,2 BHK,1245.0,2,1,86.28,2,6930.12,6930.12
Super built-up  Area,19-Dec,Binny Pete,1 BHK,660.0,1,1,54.0,1,8181.82,8181.82
Super built-up  Area,19-Dec,Binny Pete,1 BHK,665.0,1,1,46.08,1,6929.32,6929.32
Super built-up  Area,19-Dec,Binny Pete,1 BHK,660.0,1,1,62.0,1,9393.94,9393.94
Super built-up  Area,19-Dec,Binny Pete,2 BHK,1365.0,2,1,122.0,2,8937.73,8937.73
Super built-up  Area,19-Dec,Binny Pete,3 BHK,1795.0,3,2,139.0,3,7743.73,7743.73
Super built-up  Area,20-Jan,Binny Pete,3 BHK,1740.0,3,1,150.0,3,8620.69,8620.69
Super built-up  Area,18-Apr,Binny Pete,3 BHK,1970.0,3,2,164.0,3,8324.87,8324.87
Super built-up  Area,18-May,Binny Pete,3 BHK,1516.0,3,1,147.0,3,9696.57,9696.57
Super built-up  Area,Ready To Move,Bisuvanahalli,3 BHK,1180.0,3,2,48.0,3,4067.8,4067.8
Super built-up  Area,Ready To Move,Bisuvanahalli,3 BHK,1075.0,2,1,46.0,3,4279.07,4279.07
Super built-up  Area,Ready To Move,Bisuvanahalli,3 BHK,1075.0,2,1,45.0,3,4186.05,4186.05
Built-up  Area,Ready To Move,Bisuvanahalli,2 BHK,845.0,2,1,33.0,2,3905.33,3905.33
Super built-up  Area,Ready To Move,Bisuvanahalli,3 BHK,1075.0,2,1,45.0,3,4186.05,4186.05
Super built-up  Area,Ready To Move,Bisuvanahalli,2 BHK,845.0,2,1,37.0,2,4378.7,4378.7
Super built-up  Area,Ready To Move,Bisuvanahalli,2 BHK,845.0,2,1,29.0,2,3431.95,3431.95
Super built-up  Area,Ready To Move,Bisuvanahalli,3 BHK,1075.0,2,1,47.0,3,4372.09,4372.09
Super built-up  Area,Ready To Move,Bisuvanahalli,2 BHK,850.0,1,1,32.0,2,3764.71,3764.71
Super built-up  Area,Ready To Move,Bisuvanahalli,3 BHK,1075.0,2,1,50.0,3,4651.16,4651.16
Super built-up  Area,Ready To Move,Bisuvanahalli,3 BHK,1075.0,2,1,52.0,3,4837.21,4837.21
Super built-up  Area,Ready To Move,Bisuvanahalli,3 BHK,1180.0,2,1,46.0,3,3898.31,3898.31
Super built-up  Area,Ready To Move,Bisuvanahalli,3 BHK,1075.0,2,1,42.0,3,3906.98,3906.98
Super built-up  Area,Ready To Move,Bisuvanahalli,2 BHK,845.0,2,1,37.0,2,4378.7,4378.7
Super built-up  Area,Ready To Move,Bisuvanahalli,3 BHK,1075.0,2,1,43.0,3,4000.0,4000.0
Built-up  Area,Ready To Move,Bisuvanahalli,2 BHK,700.0,1,1,32.0,2,4571.43,4571.43
Super built-up  Area,Ready To Move,Bisuvanahalli,3 BHK,1075.0,2,1,52.0,3,4837.21,4837.21
Super built-up  Area,Ready To Move,Bisuvanahalli,3 BHK,1075.0,2,1,50.0,3,4651.16,4651.16
Super built-up  Area,Ready To Move,Bisuvanahalli,2 BHK,845.0,2,1,33.0,2,3905.33,3905.33
Super built-up  Area,Ready To Move,Bisuvanahalli,2 BHK,945.0,2,1,33.0,2,3492.06,3492.06
Built-up  Area,Ready To Move,Bisuvanahalli,2 BHK,845.0,2,1,30.0,2,3550.3,3550.3
Super built-up  Area,Ready To Move,Bisuvanahalli,3 BHK,1075.0,2,1,43.0,3,4000.0,4000.0
Built-up  Area,Ready To Move,Bisuvanahalli,3 BHK,1080.0,2,1,45.0,3,4166.67,4166.67
Super built-up  Area,Ready To Move,Bisuvanahalli,3 BHK,1180.0,2,1,55.5,3,4703.39,4703.39
Super built-up  Area,Ready To Move,Bisuvanahalli,3 BHK,1075.0,2,1,47.0,3,4372.09,4372.09
Super built-up  Area,Ready To Move,Bisuvanahalli,3 BHK,1075.0,2,1,48.0,3,4465.12,4465.12
Super built-up  Area,Ready To Move,Bisuvanahalli,3 BHK,1075.0,2,1,45.0,3,4186.05,4186.05
Super built-up  Area,Ready To Move,Bisuvanahalli,3 BHK,1075.0,2,1,44.0,3,4093.02,4093.02
Super built-up  Area,Ready To Move,Bisuvanahalli,2 BHK,850.0,2,1,27.0,2,3176.47,3176.47
Super built-up  Area,Ready To Move,Bisuvanahalli,3 BHK,1075.0,2,1,42.0,3,3906.98,3906.98
Super built-up  Area,Ready To Move,Bisuvanahalli,2 BHK,845.0,2,2,32.0,2,3786.98,3786.98
Built-up  Area,Ready To Move,Bisuvanahalli,2 BHK,845.0,2,0,34.0,2,4023.67,4023.67
Built-up  Area,Ready To Move,Bommanahalli,8 Bedroom,3000.0,8,0,140.0,8,4666.67,4666.67
Super built-up  Area,Ready To Move,Bommanahalli,1 BHK,520.0,1,0,19.5,1,3750.0,3750.0
Built-up  Area,Ready To Move,Bommanahalli,1 BHK,515.0,1,1,25.0,1,4854.37,4854.37
Built-up  Area,Ready To Move,Bommanahalli,2 BHK,1090.0,3,2,44.0,2,4036.7,4036.7
Super built-up  Area,Ready To Move,Bommanahalli,3 BHK,1850.0,3,2,90.0,3,4864.86,4864.86
Super built-up  Area,Ready To Move,Bommanahalli,2 BHK,910.0,2,1,45.0,2,4945.05,4945.05
Super built-up  Area,Ready To Move,Bommanahalli,2 BHK,1050.0,2,2,46.0,2,4380.95,4380.95
Super built-up  Area,Ready To Move,Bommanahalli,2 BHK,1100.0,1,2,55.0,2,5000.0,5000.0
Built-up  Area,Ready To Move,Bommanahalli,2 BHK,1350.0,2,2,72.0,2,5333.33,5333.33
Super built-up  Area,Ready To Move,Bommanahalli,4 BHK,2100.0,4,2,85.0,4,4047.62,4047.62
Super built-up  Area,Ready To Move,Bommanahalli,2 BHK,1307.0,2,1,50.0,2,3825.55,3825.55
Built-up  Area,Ready To Move,Bommanahalli,2 BHK,1091.0,2,1,40.0,2,3666.36,3666.36
Super built-up  Area,Ready To Move,Bommanahalli,2 BHK,1160.0,2,3,53.0,2,4568.97,4568.97
Super built-up  Area,Ready To Move,Bommanahalli,2 BHK,1050.0,2,2,54.0,2,5142.86,5142.86
Super built-up  Area,18-Jun,Bommasandra,3 BHK,1260.0,3,1,49.36,3,3917.46,3917.46
Super built-up  Area,Ready To Move,Bommasandra,3 BHK,1200.0,3,2,46.0,3,3833.33,3833.33
Super built-up  Area,18-Jun,Bommasandra,2 BHK,1035.0,2,1,41.0,2,3961.35,3961.35
Super built-up  Area,18-May,Bommasandra,2 BHK,1035.0,2,1,41.73,2,4031.88,4031.88
Super built-up  Area,Ready To Move,Bommasandra,2 BHK,1034.0,2,3,40.0,2,3868.47,3868.47
Built-up  Area,Ready To Move,Bommasandra,2 BHK,877.0,2,2,30.0,2,3420.75,3420.75
Super built-up  Area,18-May,Bommasandra,2 BHK,920.0,2,1,37.46,2,4071.74,4071.74
Super built-up  Area,18-May,Bommasandra,2 BHK,1035.0,2,1,41.43,2,4002.9,4002.9
Super built-up  Area,18-May,Bommasandra,3 BHK,1295.0,2,1,50.28,3,3882.63,3882.63
Super built-up  Area,18-Jun,Bommasandra,2 BHK,1015.0,2,1,40.0,2,3940.89,3940.89
Built-up  Area,Ready To Move,Bommasandra,2 BHK,1000.0,2,1,35.0,2,3500.0,3500.0
Super built-up  Area,18-Mar,Bommasandra,2 BHK,955.0,2,1,35.28,2,3694.24,3694.24
Super built-up  Area,18-Jun,Bommasandra,2 BHK,1005.0,2,1,39.77,2,3957.21,3957.21
Super built-up  Area,Ready To Move,Bommasandra,2 BHK,1014.0,2,1,35.0,2,3451.68,3451.68
Super built-up  Area,18-Jun,Bommasandra,2 BHK,1020.0,2,1,40.89,2,4008.82,4008.82
Super built-up  Area,18-May,Bommasandra,2 BHK,920.0,2,1,37.2,2,4043.48,4043.48
Super built-up  Area,Ready To Move,Bommasandra,2 BHK,800.0,1,1,32.0,2,4000.0,4000.0
Super built-up  Area,18-May,Bommasandra,3 BHK,1280.0,3,1,50.0,3,3906.25,3906.25
Plot  Area,17-Sep,Bommasandra,3 Bedroom,1942.0,3,1,90.0,3,4634.4,4634.4
Super built-up  Area,18-Aug,Bommasandra,2 BHK,1127.0,2,1,45.0,2,3992.9,3992.9
Super built-up  Area,Ready To Move,Bommasandra,2 BHK,877.0,2,1,29.0,2,3306.73,3306.73
Super built-up  Area,18-Jun,Bommasandra,3 BHK,1365.0,3,1,52.81,3,3868.86,3868.86
Super built-up  Area,Ready To Move,Bommasandra,2 BHK,842.0,2,2,30.0,2,3562.95,3562.95
Super built-up  Area,18-May,Bommasandra,3 BHK,1260.0,3,1,49.36,3,3917.46,3917.46
Super built-up  Area,18-May,Bommasandra,3 BHK,1365.0,3,1,52.82,3,3869.6,3869.6
Super built-up  Area,18-May,Bommasandra,2 BHK,955.0,2,1,37.97,2,3975.92,3975.92
Super built-up  Area,Ready To Move,Bommasandra,2 BHK,1089.0,2,1,40.0,2,3673.09,3673.09
Super built-up  Area,18-May,Bommasandra,3 BHK,1365.0,3,1,53.96,3,3953.11,3953.11
Built-up  Area,18-Aug,Bommasandra Industrial Area,2 BHK,1090.0,2,2,31.48,2,2888.07,2888.07
Built-up  Area,18-Dec,Bommasandra Industrial Area,3 BHK,1400.0,2,1,40.44,3,2888.57,2888.57
Built-up  Area,18-Dec,Bommasandra Industrial Area,3 BHK,1320.0,2,1,38.13,3,2888.64,2888.64
Built-up  Area,18-Jul,Bommasandra Industrial Area,2 BHK,1020.0,2,1,29.45,2,2887.25,2887.25
Built-up  Area,18-Dec,Bommasandra Industrial Area,2 BHK,1165.0,2,1,33.64,2,2887.55,2887.55
Built-up  Area,18-Jul,Bommasandra Industrial Area,2 BHK,1090.0,2,1,31.48,2,2888.07,2888.07
Built-up  Area,18-Aug,Bommasandra Industrial Area,2 BHK,1000.0,2,1,28.88,2,2888.0,2888.0
Built-up  Area,18-Aug,Bommasandra Industrial Area,2 BHK,1020.0,2,1,29.45,2,2887.25,2887.25
Built-up  Area,18-Dec,Bommasandra Industrial Area,2 BHK,1160.0,2,1,33.51,2,2888.79,2888.79
Built-up  Area,18-Jul,Bommasandra Industrial Area,2 BHK,1125.0,2,1,32.49,2,2888.0,2888.0
Built-up  Area,18-Aug,Bommasandra Industrial Area,2 BHK,1125.0,2,1,32.49,2,2888.0,2888.0
Built-up  Area,18-Aug,Bommasandra Industrial Area,2 BHK,1130.0,2,1,32.64,2,2888.5,2888.5
Built-up  Area,18-Dec,Bommasandra Industrial Area,2 BHK,1065.0,2,1,30.75,2,2887.32,2887.32
Plot  Area,Ready To Move,Bommenahalli,3 Bedroom,1200.0,3,1,125.0,3,10416.67,10416.67
Built-up  Area,Ready To Move,Bommenahalli,4 Bedroom,1632.0,3,0,145.0,4,8884.8,8884.8
Plot  Area,Ready To Move,Bommenahalli,4 Bedroom,1670.0,3,0,135.0,4,8083.83,8083.83
Built-up  Area,Ready To Move,Bommenahalli,4 Bedroom,1680.0,3,0,135.0,4,8035.71,8035.71
Plot  Area,Ready To Move,Bommenahalli,4 Bedroom,1632.0,3,1,128.0,4,7843.14,7843.14
Built-up  Area,Ready To Move,Bommenahalli,3 Bedroom,3339.0,3,0,250.0,3,7487.27,7487.27
Plot  Area,Ready To Move,Bommenahalli,4 Bedroom,1355.0,3,0,135.0,4,9963.1,9963.1
Plot  Area,Ready To Move,Bommenahalli,3 Bedroom,1232.0,3,1,96.0,3,7792.21,7792.21
Built-up  Area,Ready To Move,Bommenahalli,4 Bedroom,1632.0,3,0,140.0,4,8578.43,8578.43
Super built-up  Area,Ready To Move,Brookefield,2 BHK,1150.0,2,3,69.0,2,6000.0,6000.0
Built-up  Area,Ready To Move,Brookefield,2 BHK,1142.0,2,2,70.0,2,6129.6,6129.6
Plot  Area,Ready To Move,Brookefield,4 Bedroom,2800.0,4,2,240.0,4,8571.43,8571.43
Super built-up  Area,Ready To Move,Brookefield,3 BHK,1476.0,3,2,105.0,3,7113.82,7113.82
Plot  Area,Ready To Move,Brookefield,4 Bedroom,1700.0,4,1,152.0,4,8941.18,8941.18
Super built-up  Area,Ready To Move,Brookefield,2 BHK,1262.0,2,1,75.0,2,5942.95,5942.95
Super built-up  Area,Ready To Move,Brookefield,2 BHK,1139.0,2,2,80.0,2,7023.71,7023.71
Super built-up  Area,Ready To Move,Brookefield,2 BHK,1125.0,2,2,70.0,2,6222.22,6222.22
Super built-up  Area,Ready To Move,Brookefield,3 BHK,1420.0,3,2,85.0,3,5985.92,5985.92
Super built-up  Area,Ready To Move,Brookefield,2 BHK,941.0,2,2,48.0,2,5100.96,5100.96
Built-up  Area,Ready To Move,Brookefield,2 BHK,1100.0,2,1,55.0,2,5000.0,5000.0
Super built-up  Area,Ready To Move,Brookefield,4 BHK,2400.0,3,3,140.0,4,5833.33,5833.33
Built-up  Area,Ready To Move,Brookefield,2 BHK,1225.0,2,2,66.5,2,5428.57,5428.57
Plot  Area,Ready To Move,Brookefield,5 Bedroom,1950.0,6,3,175.0,5,8974.36,8974.36
Super built-up  Area,Ready To Move,Brookefield,2 BHK,1080.0,2,3,50.0,2,4629.63,4629.63
Built-up  Area,Ready To Move,Brookefield,2 BHK,1230.0,2,3,55.0,2,4471.54,4471.54
Super built-up  Area,Ready To Move,Brookefield,2 BHK,1200.0,2,2,75.0,2,6250.0,6250.0
Super built-up  Area,Ready To Move,Brookefield,2 BHK,1089.0,2,1,49.0,2,4499.54,4499.54
Super built-up  Area,Ready To Move,Brookefield,2 BHK,1130.0,2,2,56.0,2,4955.75,4955.75
Super built-up  Area,Ready To Move,Brookefield,2 BHK,1270.0,2,1,95.0,2,7480.31,7480.31
Super built-up  Area,Ready To Move,Brookefield,3 BHK,1706.0,3,2,115.0,3,6740.91,6740.91
Super built-up  Area,Ready To Move,Brookefield,2 BHK,1389.0,2,2,94.0,2,6767.46,6767.46
Built-up  Area,Ready To Move,Brookefield,2 BHK,1225.0,2,2,72.0,2,5877.55,5877.55
Super built-up  Area,Ready To Move,Brookefield,3 BHK,1746.0,3,3,115.0,3,6586.48,6586.48
Plot  Area,Ready To Move,Brookefield,4 Bedroom,1560.0,3,2,149.0,4,9551.28,9551.28
Super built-up  Area,Ready To Move,Brookefield,2 BHK,1382.0,2,2,84.5,2,6114.33,6114.33
Super built-up  Area,Ready To Move,Brookefield,2 BHK,1260.0,2,1,70.0,2,5555.56,5555.56
Super built-up  Area,Ready To Move,Brookefield,2 BHK,1206.0,2,1,90.0,2,7462.69,7462.69
Super built-up  Area,Ready To Move,Brookefield,3 BHK,1594.0,3,2,140.0,3,8782.94,8782.94
Super built-up  Area,Ready To Move,Budigere,2 BHK,1153.0,2,2,56.4,2,4891.59,4891.59
Super built-up  Area,Ready To Move,Budigere,2 BHK,1162.0,2,1,59.9,2,5154.91,5154.91
Super built-up  Area,Ready To Move,Budigere,3 BHK,1991.0,4,2,103.0,3,5173.28,5173.28
Super built-up  Area,Ready To Move,Budigere,2 BHK,1153.0,2,2,57.0,2,4943.63,4943.63
Super built-up  Area,Ready To Move,Budigere,2 BHK,1162.0,2,1,57.0,2,4905.34,4905.34
Super built-up  Area,Ready To Move,Budigere,2 BHK,1139.0,2,2,62.0,2,5443.37,5443.37
Super built-up  Area,Ready To Move,Budigere,2 BHK,1139.0,2,2,56.8,2,4986.83,4986.83
Super built-up  Area,Ready To Move,Budigere,2 BHK,1139.0,2,2,56.85,2,4991.22,4991.22
Super built-up  Area,Ready To Move,Budigere,1 BHK,664.0,1,1,35.0,1,5271.08,5271.08
Super built-up  Area,Ready To Move,Budigere,3 BHK,1820.0,3,2,93.0,3,5109.89,5109.89
Super built-up  Area,Ready To Move,Budigere,3 BHK,1636.0,3,2,85.0,3,5195.6,5195.6
Super built-up  Area,Ready To Move,Budigere,2 BHK,1444.0,2,2,70.0,2,4847.65,4847.65
Super built-up  Area,Ready To Move,Budigere,2 BHK,1139.0,2,2,60.0,2,5267.78,5267.78
Super built-up  Area,Ready To Move,Budigere,3 BHK,1820.0,3,2,93.0,3,5109.89,5109.89
Super built-up  Area,Ready To Move,Budigere,2 BHK,1162.0,2,1,58.0,2,4991.39,4991.39
Super built-up  Area,Ready To Move,Budigere,3 BHK,1636.0,3,2,85.0,3,5195.6,5195.6
Super built-up  Area,Ready To Move,Budigere,3 BHK,1636.0,3,2,92.0,3,5623.47,5623.47
Super built-up  Area,Ready To Move,Budigere,2 BHK,1087.0,2,1,54.3,2,4995.4,4995.4
Super built-up  Area,Ready To Move,Budigere,2 BHK,1149.0,2,2,65.0,2,5657.09,5657.09
Super built-up  Area,Ready To Move,Budigere,1 BHK,664.0,1,1,35.4,1,5331.33,5331.33
Super built-up  Area,Ready To Move,Budigere,2 BHK,1153.0,2,2,56.7,2,4917.61,4917.61
Super built-up  Area,Ready To Move,Budigere,2 BHK,1139.0,2,2,56.5,2,4960.49,4960.49
Super built-up  Area,Ready To Move,Budigere,3 BHK,1636.0,3,2,83.0,3,5073.35,5073.35
Built-up  Area,Ready To Move,Budigere,1 BHK,664.0,1,1,34.0,1,5120.48,5120.48
Super built-up  Area,Ready To Move,Budigere,2 BHK,1162.0,2,1,58.0,2,4991.39,4991.39
Super built-up  Area,Ready To Move,Budigere,2 BHK,1153.0,2,2,60.0,2,5203.82,5203.82
Super built-up  Area,Ready To Move,Budigere,3 BHK,1820.0,3,2,99.0,3,5439.56,5439.56
Super built-up  Area,20-Jun,Budigere,2 BHK,1172.0,2,0,56.725,2,4840.02,4840.02
Super built-up  Area,Ready To Move,Budigere,3 BHK,1820.0,3,2,95.0,3,5219.78,5219.78
Built-up  Area,Ready To Move,Budigere,3 BHK,1820.0,3,2,95.5,3,5247.25,5247.25
Super built-up  Area,Ready To Move,Budigere,2 BHK,1153.0,2,2,56.0,2,4856.9,4856.9
Super built-up  Area,20-Jun,Budigere,1 BHK,705.0,1,0,34.545,1,4900.0,4900.0
Super built-up  Area,Ready To Move,Budigere,2 BHK,1153.0,2,2,56.5,2,4900.26,4900.26
Super built-up  Area,Ready To Move,Budigere,2 BHK,1153.0,2,2,58.0,2,5030.36,5030.36
Super built-up  Area,Ready To Move,Budigere,3 BHK,1636.0,3,2,88.0,3,5378.97,5378.97
Super built-up  Area,Ready To Move,Budigere,2 BHK,1153.0,2,2,56.55,2,4904.6,4904.6
Super built-up  Area,Ready To Move,Budigere,2 BHK,1153.0,2,2,56.5,2,4900.26,4900.26
Super built-up  Area,Ready To Move,Budigere,2 BHK,1153.0,2,2,60.0,2,5203.82,5203.82
Super built-up  Area,Ready To Move,CV Raman Nagar,2 BHK,1120.0,2,2,55.0,2,4910.71,4910.71
Built-up  Area,Ready To Move,CV Raman Nagar,2 BHK,1070.0,2,1,55.0,2,5140.19,5140.19
Super built-up  Area,Ready To Move,CV Raman Nagar,2 BHK,740.0,2,1,37.0,2,5000.0,5000.0
Built-up  Area,Ready To Move,CV Raman Nagar,2 BHK,1028.0,2,1,49.0,2,4766.54,4766.54
Super built-up  Area,Ready To Move,CV Raman Nagar,2 BHK,1392.0,2,1,98.0,2,7040.23,7040.23
Super built-up  Area,Ready To Move,CV Raman Nagar,2 BHK,1070.0,2,2,47.5,2,4439.25,4439.25
Super built-up  Area,Ready To Move,CV Raman Nagar,3 BHK,1825.0,3,2,126.0,3,6904.11,6904.11
Super built-up  Area,Ready To Move,CV Raman Nagar,2 BHK,1025.0,2,2,50.0,2,4878.05,4878.05
Super built-up  Area,Ready To Move,CV Raman Nagar,2 BHK,1198.0,2,2,60.0,2,5008.35,5008.35
Super built-up  Area,Ready To Move,CV Raman Nagar,2 BHK,1560.0,2,2,85.0,2,5448.72,5448.72
Super built-up  Area,Ready To Move,CV Raman Nagar,3 BHK,1590.0,2,3,85.0,3,5345.91,5345.91
Super built-up  Area,Ready To Move,CV Raman Nagar,2 BHK,1100.0,2,1,58.0,2,5272.73,5272.73
Super built-up  Area,Ready To Move,CV Raman Nagar,2 BHK,1051.0,2,3,61.0,2,5804.0,5804.0
Super built-up  Area,Ready To Move,CV Raman Nagar,2 BHK,1020.0,2,1,55.0,2,5392.16,5392.16
Super built-up  Area,Ready To Move,CV Raman Nagar,2 BHK,1285.0,2,2,65.0,2,5058.37,5058.37
Super built-up  Area,Ready To Move,CV Raman Nagar,2 BHK,1040.0,2,1,50.0,2,4807.69,4807.69
Super built-up  Area,18-Jul,CV Raman Nagar,2 BHK,1392.0,2,1,95.0,2,6824.71,6824.71
Super built-up  Area,Ready To Move,CV Raman Nagar,1 BHK,705.0,2,1,50.0,1,7092.2,7092.2
Built-up  Area,Ready To Move,CV Raman Nagar,2 BHK,1125.0,2,1,46.0,2,4088.89,4088.89
Super built-up  Area,Ready To Move,CV Raman Nagar,3 BHK,1400.0,2,2,78.0,3,5571.43,5571.43
Super built-up  Area,Ready To Move,CV Raman Nagar,3 BHK,1400.0,2,2,78.0,3,5571.43,5571.43
Super built-up  Area,Ready To Move,CV Raman Nagar,2 BHK,907.0,2,2,38.0,2,4189.64,4189.64
Built-up  Area,Ready To Move,CV Raman Nagar,2 BHK,1310.0,2,1,62.0,2,4732.82,4732.82
Super built-up  Area,Ready To Move,Chamrajpet,3 BHK,1475.0,2,2,120.0,3,8135.59,8135.59
Super built-up  Area,Ready To Move,Chamrajpet,4 BHK,1900.0,2,1,170.0,4,8947.37,8947.37
Super built-up  Area,Ready To Move,Chamrajpet,2 BHK,1350.0,2,3,180.0,2,13333.33,13333.33
Built-up  Area,Ready To Move,Chamrajpet,2 Bedroom,1050.0,2,1,162.0,2,15428.57,15428.57
Plot  Area,Ready To Move,Chamrajpet,4 Bedroom,1660.4,4,2,211.0,4,12707.78,12707.78
Built-up  Area,Ready To Move,Chamrajpet,1 BHK,505.0,1,0,85.0,1,16831.68,16831.68
Built-up  Area,Ready To Move,Chamrajpet,3 BHK,1565.0,3,2,98.91,3,6320.13,6320.13
Super built-up  Area,Ready To Move,Chamrajpet,2 BHK,730.0,1,2,52.0,2,7123.29,7123.29
Super built-up  Area,Ready To Move,Chamrajpet,2 BHK,650.0,1,1,40.0,2,6153.85,6153.85
Super built-up  Area,Ready To Move,Chamrajpet,2 BHK,650.0,2,2,45.0,2,6923.08,6923.08
Super built-up  Area,Ready To Move,Chamrajpet,3 BHK,1650.0,3,2,115.0,3,6969.7,6969.7
Built-up  Area,Ready To Move,Chandapura,2 BHK,650.0,1,1,17.0,2,2615.38,2615.38
Super built-up  Area,18-Aug,Chandapura,1 BHK,645.0,1,1,16.45,1,2550.39,2550.39
Super built-up  Area,18-Sep,Chandapura,1 BHK,645.0,1,1,16.45,1,2550.39,2550.39
Super built-up  Area,18-Jul,Chandapura,2 BHK,1015.0,2,2,25.88,2,2549.75,2549.75
Super built-up  Area,18-Mar,Chandapura,1 BHK,530.0,1,0,11.66,1,2200.0,2200.0
Super built-up  Area,Ready To Move,Chandapura,3 BHK,1208.0,3,1,45.0,3,3725.17,3725.17
Super built-up  Area,Ready To Move,Chandapura,2 BHK,1200.0,2,2,32.0,2,2666.67,2666.67
Super built-up  Area,18-Aug,Chandapura,2 BHK,1025.0,2,2,27.68,2,2700.49,2700.49
Super built-up  Area,18-Jun,Chandapura,1 BHK,582.5,1,0,15.135,1,2598.28,2598.28
Super built-up  Area,18-Sep,Chandapura,2 BHK,1015.0,2,2,25.88,2,2549.75,2549.75
Super built-up  Area,Ready To Move,Chandapura,3 BHK,1065.0,2,1,33.0,3,3098.59,3098.59
Super built-up  Area,18-Dec,Chandapura,2 BHK,850.0,2,1,25.4,2,2988.24,2988.24
Super built-up  Area,18-Dec,Chandapura,1 BHK,590.0,1,0,13.57,1,2300.0,2300.0
Super built-up  Area,18-Aug,Chandapura,1 BHK,645.0,1,1,16.45,1,2550.39,2550.39
Super built-up  Area,18-Aug,Chandapura,1 BHK,630.0,1,0,13.86,1,2200.0,2200.0
Super built-up  Area,18-Aug,Chandapura,2 BHK,1015.0,2,2,25.88,2,2549.75,2549.75
Super built-up  Area,Ready To Move,Chandapura,3 BHK,1107.0,2,1,43.0,3,3884.37,3884.37
Super built-up  Area,19-Sep,Chandapura,1 BHK,520.0,1,1,14.04,1,2700.0,2700.0
Plot  Area,18-Nov,Chandapura,2 Bedroom,1200.0,1,1,36.0,2,3000.0,3000.0
Super built-up  Area,18-Aug,Chandapura,2 BHK,975.0,2,1,24.86,2,2549.74,2549.74
Super built-up  Area,18-Jul,Chandapura,1 BHK,645.0,1,1,16.45,1,2550.39,2550.39
Super built-up  Area,18-Sep,Chandapura,2 BHK,985.0,2,1,25.12,2,2550.25,2550.25
Super built-up  Area,18-Jul,Chandapura,1 BHK,645.0,1,1,16.45,1,2550.39,2550.39
Super built-up  Area,18-Aug,Chandapura,2 BHK,975.0,2,1,24.86,2,2549.74,2549.74
Super built-up  Area,Ready To Move,Chandapura,2 BHK,700.0,1,1,19.0,2,2714.29,2714.29
Super built-up  Area,Ready To Move,Chandapura,3 BHK,1095.0,2,2,32.0,3,2922.37,2922.37
Built-up  Area,Ready To Move,Chandapura,4 Bedroom,1891.0,4,1,66.165,4,3498.94,3498.94
Built-up  Area,Ready To Move,Chandapura,3 BHK,1208.51,3,2,42.0,3,3475.35,3475.35
Super built-up  Area,Ready To Move,Chandapura,2 BHK,876.0,2,2,29.5,2,3367.58,3367.58
Super built-up  Area,18-Sep,Chandapura,1 BHK,645.0,1,1,16.45,1,2550.39,2550.39
Super built-up  Area,18-Sep,Chandapura,1 BHK,645.0,1,1,16.45,1,2550.39,2550.39
Super built-up  Area,18-Dec,Chandapura,2 BHK,937.0,2,1,30.0,2,3201.71,3201.71
Super built-up  Area,19-Dec,Chandapura,2 BHK,1025.0,2,2,27.68,2,2700.49,2700.49
Super built-up  Area,18-May,Chandapura,2 BHK,975.0,2,1,24.86,2,2549.74,2549.74
Super built-up  Area,Ready To Move,Chandapura,2 BHK,800.0,2,1,25.0,2,3125.0,3125.0
Super built-up  Area,18-Sep,Chandapura,1 BHK,645.0,1,1,16.45,1,2550.39,2550.39
Super built-up  Area,19-Feb,Chandapura,2 BHK,778.0,2,0,25.29,2,3250.64,3250.64
Super built-up  Area,18-Aug,Chandapura,2 BHK,950.0,2,1,25.65,2,2700.0,2700.0
Plot  Area,18-Nov,Chandapura,2 Bedroom,1200.0,2,1,36.0,2,3000.0,3000.0
Super built-up  Area,18-Sep,Chandapura,1 BHK,645.0,1,1,16.45,1,2550.39,2550.39
Super built-up  Area,Ready To Move,Chandapura,2 BHK,922.0,2,1,36.0,2,3904.56,3904.56
Super built-up  Area,18-Dec,Chandapura,2 BHK,674.0,1,1,19.9,2,2952.52,2952.52
Super built-up  Area,18-Sep,Chandapura,2 BHK,985.0,2,1,25.12,2,2550.25,2550.25
Super built-up  Area,18-Aug,Chandapura,2 BHK,1025.0,2,2,27.68,2,2700.49,2700.49
Super built-up  Area,18-Sep,Chandapura,2 BHK,1015.0,2,2,25.88,2,2549.75,2549.75
Super built-up  Area,Ready To Move,Chandapura,3 BHK,1345.0,2,2,39.5,3,2936.8,2936.8
Super built-up  Area,19-Nov,Chandapura,3 BHK,1033.0,2,2,30.47,3,2949.66,2949.66
Super built-up  Area,Ready To Move,Chandapura,3 BHK,971.0,2,2,38.0,3,3913.49,3913.49
Super built-up  Area,18-Dec,Chandapura,2 BHK,1015.0,2,2,25.88,2,2549.75,2549.75
Built-up  Area,Ready To Move,Chandapura,2 BHK,800.0,1,2,30.0,2,3750.0,3750.0
Super built-up  Area,Ready To Move,Chandapura,2 BHK,900.0,2,3,35.0,2,3888.89,3888.89
Super built-up  Area,18-Aug,Chandapura,2 BHK,975.0,2,1,24.86,2,2549.74,2549.74
Super built-up  Area,19-Sep,Chandapura,1 BHK,520.0,1,1,14.04,1,2700.0,2700.0
Super built-up  Area,Ready To Move,Chandapura,3 BHK,1323.0,2,1,42.0,3,3174.6,3174.6
Super built-up  Area,Ready To Move,Chandapura,1 BHK,410.0,1,1,10.0,1,2439.02,2439.02
Super built-up  Area,18-Aug,Chandapura,2 BHK,985.0,2,1,25.12,2,2550.25,2550.25
Super built-up  Area,18-Aug,Chandapura,1 BHK,645.0,1,1,16.45,1,2550.39,2550.39
Super built-up  Area,18-Jul,Chandapura,1 BHK,645.0,1,1,16.45,1,2550.39,2550.39
Plot  Area,18-Nov,Chandapura,2 Bedroom,1200.0,2,1,36.0,2,3000.0,3000.0
Built-up  Area,Ready To Move,Chandapura,2 BHK,740.0,1,1,22.0,2,2972.97,2972.97
Super built-up  Area,20-Dec,Chandapura,2 BHK,876.0,2,2,28.47,2,3250.0,3250.0
Super built-up  Area,18-Aug,Chandapura,1 BHK,520.0,1,1,14.04,1,2700.0,2700.0
Super built-up  Area,17-Nov,Channasandra,2 BHK,1009.0,2,1,38.34,2,3799.8,3799.8
Super built-up  Area,Ready To Move,Channasandra,2 BHK,1065.0,2,1,35.0,2,3286.38,3286.38
Super built-up  Area,Ready To Move,Channasandra,3 BHK,1470.0,2,1,90.0,3,6122.45,6122.45
Super built-up  Area,Ready To Move,Channasandra,2 BHK,1115.0,2,1,33.45,2,3000.0,3000.0
Super built-up  Area,Ready To Move,Channasandra,2 BHK,1030.0,2,1,34.5,2,3349.51,3349.51
Built-up  Area,Ready To Move,Channasandra,6 Bedroom,4200.0,6,0,180.0,6,4285.71,4285.71
Super built-up  Area,Ready To Move,Channasandra,2 BHK,1115.0,2,1,40.0,2,3587.44,3587.44
Plot  Area,18-Jun,Channasandra,3 Bedroom,1200.0,3,1,67.77,3,5647.5,5647.5
Super built-up  Area,Ready To Move,Channasandra,2 BHK,1104.0,2,1,35.5,2,3215.58,3215.58
Super built-up  Area,Ready To Move,Channasandra,2 BHK,1160.0,2,1,55.0,2,4741.38,4741.38
Super built-up  Area,18-Aug,Channasandra,2 BHK,1050.0,2,2,41.0,2,3904.76,3904.76
Super built-up  Area,17-Jul,Channasandra,2 BHK,1065.0,2,1,40.47,2,3800.0,3800.0
Super built-up  Area,Ready To Move,Channasandra,2 BHK,1070.0,2,1,38.0,2,3551.4,3551.4
Super built-up  Area,Ready To Move,Channasandra,2 BHK,1050.0,2,1,35.0,2,3333.33,3333.33
Super built-up  Area,Ready To Move,Channasandra,2 BHK,1093.0,2,1,34.0,2,3110.7,3110.7
Built-up  Area,Ready To Move,Channasandra,2 BHK,808.0,2,1,40.0,2,4950.5,4950.5
Super built-up  Area,Ready To Move,Channasandra,2 BHK,1010.0,2,1,36.0,2,3564.36,3564.36
Super built-up  Area,Ready To Move,Channasandra,2 BHK,1123.0,2,1,36.0,2,3205.7,3205.7
Super built-up  Area,18-Apr,Channasandra,2 BHK,1000.0,2,2,35.0,2,3500.0,3500.0
Plot  Area,18-Aug,Channasandra,4 Bedroom,1500.0,4,1,89.45,4,5963.33,5963.33
Super built-up  Area,18-Aug,Channasandra,3 BHK,1330.0,2,2,51.83,3,3896.99,3896.99
Super built-up  Area,Ready To Move,Channasandra,2 BHK,1093.0,2,1,37.0,2,3385.18,3385.18
Super built-up  Area,Ready To Move,Channasandra,2 BHK,1115.0,2,1,35.8,2,3210.76,3210.76
Plot  Area,18-Jul,Channasandra,3 Bedroom,1500.0,3,1,61.95,3,4130.0,4130.0
Super built-up  Area,18-Dec,Channasandra,2 BHK,830.0,2,1,36.28,2,4371.08,4371.08
Plot  Area,18-Nov,Channasandra,3 Bedroom,1200.0,3,1,67.77,3,5647.5,5647.5
Super built-up  Area,Ready To Move,Channasandra,3 BHK,1195.0,2,1,56.0,3,4686.19,4686.19
Super built-up  Area,Ready To Move,Channasandra,2 BHK,1175.0,2,2,38.0,2,3234.04,3234.04
Plot  Area,18-Apr,Channasandra,2 Bedroom,1200.0,2,1,46.13,2,3844.17,3844.17
Super built-up  Area,Ready To Move,Channasandra,2 BHK,1065.0,2,1,36.0,2,3380.28,3380.28
Super built-up  Area,18-Dec,Channasandra,2 BHK,1050.0,2,1,44.41,2,4229.52,4229.52
Super built-up  Area,Ready To Move,Channasandra,2 BHK,1010.0,2,1,32.0,2,3168.32,3168.32
Plot  Area,Ready To Move,Chikka Tirupathi,4 Bedroom,2600.0,5,3,120.0,4,4615.38,4615.38
Plot  Area,Ready To Move,Chikka Tirupathi,4 Bedroom,2325.0,4,1,120.0,4,5161.29,5161.29
Plot  Area,Ready To Move,Chikka Tirupathi,3 Bedroom,1808.0,4,2,80.27,3,4439.71,4439.71
Plot  Area,18-May,Chikka Tirupathi,3 Bedroom,3297.0,3,1,135.0,3,4094.63,4094.63
Plot  Area,18-Dec,Chikka Tirupathi,4 Bedroom,3500.0,5,3,150.0,4,4285.71,4285.71
Plot  Area,Ready To Move,Chikka Tirupathi,3 Bedroom,2646.0,3,1,99.0,3,3741.5,3741.5
Built-up  Area,Ready To Move,Chikka Tirupathi,4 Bedroom,2704.0,5,0,105.0,4,3883.14,3883.14
Plot  Area,18-Mar,Chikka Tirupathi,3 Bedroom,2325.0,3,1,95.0,3,4086.02,4086.02
Plot  Area,Ready To Move,Chikka Tirupathi,4 Bedroom,2325.0,4,1,120.0,4,5161.29,5161.29
Built-up  Area,Ready To Move,Chikka Tirupathi,4 Bedroom,3250.0,4,2,136.0,4,4184.62,4184.62
Plot  Area,Ready To Move,Chikka Tirupathi,4 Bedroom,2665.0,5,3,125.0,4,4690.43,4690.43
Built-up  Area,Ready To Move,Chikkabanavar,2 BHK,950.0,2,1,40.0,2,4210.53,4210.53
Plot  Area,Ready To Move,Chikkabanavar,3 Bedroom,1600.0,2,0,80.0,3,5000.0,5000.0
Super built-up  Area,Ready To Move,Chikkabanavar,2 BHK,600.0,1,2,25.0,2,4166.67,4166.67
Built-up  Area,Ready To Move,Chikkabanavar,5 Bedroom,2400.0,4,0,97.0,5,4041.67,4041.67
Built-up  Area,Ready To Move,Chikkabanavar,5 Bedroom,2000.0,4,0,65.0,5,3250.0,3250.0
Super built-up  Area,Ready To Move,Chikkabanavar,2 BHK,1067.0,2,1,38.0,2,3561.39,3561.39
Super built-up  Area,Ready To Move,Chikkabanavar,3 BHK,1320.0,2,2,46.0,3,3484.85,3484.85
Built-up  Area,Ready To Move,Chikkabanavar,8 Bedroom,4000.0,7,0,110.0,8,2750.0,2750.0
Built-up  Area,Ready To Move,Chikkalasandra,2 BHK,1100.0,2,2,50.0,2,4545.45,4545.45
Super built-up  Area,Ready To Move,Chikkalasandra,2 BHK,1208.0,2,1,49.0,2,4056.29,4056.29
Carpet  Area,Ready To Move,Chikkalasandra,2 BHK,875.0,2,3,52.8,2,6034.29,6034.29
Built-up  Area,Ready To Move,Chikkalasandra,2 Bedroom,1800.0,1,1,128.0,2,7111.11,7111.11
Built-up  Area,Ready To Move,Chikkalasandra,2 BHK,1070.0,2,2,50.0,2,4672.9,4672.9
Super built-up  Area,Ready To Move,Chikkalasandra,2 BHK,1230.0,2,2,48.0,2,3902.44,3902.44
Built-up  Area,Ready To Move,Chikkalasandra,3 BHK,1428.0,2,1,80.0,3,5602.24,5602.24
Super built-up  Area,Ready To Move,Chikkalasandra,2 BHK,1070.0,2,1,42.8,2,4000.0,4000.0
Super built-up  Area,Ready To Move,Chikkalasandra,2 BHK,1075.0,2,1,46.76,2,4349.77,4349.77
Super built-up  Area,17-Apr,Chikkalasandra,2 BHK,1070.0,2,1,45.48,2,4250.47,4250.47
Super built-up  Area,Ready To Move,Chikkalasandra,2 BHK,1100.0,2,2,50.0,2,4545.45,4545.45
Built-up  Area,Ready To Move,Chikkalasandra,2 BHK,1224.0,2,2,45.0,2,3676.47,3676.47
Super built-up  Area,Ready To Move,Chikkalasandra,2 BHK,1090.0,2,1,47.42,2,4350.46,4350.46
Built-up  Area,Ready To Move,Chikkalasandra,2 BHK,1325.0,2,1,59.0,2,4452.83,4452.83
Super built-up  Area,Ready To Move,Chikkalasandra,2 BHK,1290.0,2,2,72.0,2,5581.4,5581.4
Super built-up  Area,Ready To Move,Choodasandra,2 BHK,1115.0,2,2,50.0,2,4484.3,4484.3
Super built-up  Area,Ready To Move,Choodasandra,2 BHK,1300.0,2,3,57.0,2,4384.62,4384.62
Super built-up  Area,17-Jul,Choodasandra,3 BHK,1530.0,3,2,77.0,3,5032.68,5032.68
Super built-up  Area,18-May,Choodasandra,2 BHK,1197.0,2,1,63.0,2,5263.16,5263.16
Super built-up  Area,Ready To Move,Choodasandra,3 BHK,1465.0,3,3,75.0,3,5119.45,5119.45
Super built-up  Area,Ready To Move,Choodasandra,2 BHK,1115.0,2,1,50.0,2,4484.3,4484.3
Super built-up  Area,Ready To Move,Choodasandra,2 BHK,1215.0,2,2,59.0,2,4855.97,4855.97
Super built-up  Area,Ready To Move,Choodasandra,3 BHK,1254.0,2,1,65.0,3,5183.41,5183.41
Super built-up  Area,Ready To Move,Choodasandra,3 BHK,1580.0,3,3,105.0,3,6645.57,6645.57
Super built-up  Area,Ready To Move,Choodasandra,2 BHK,725.0,2,2,36.0,2,4965.52,4965.52
Built-up  Area,18-Apr,Choodasandra,4 Bedroom,2429.0,3,1,210.0,4,8645.53,8645.53
Super built-up  Area,Ready To Move,Choodasandra,2 BHK,1075.0,2,2,45.0,2,4186.05,4186.05
Super built-up  Area,Ready To Move,Choodasandra,2 BHK,1180.0,2,1,71.22,2,6035.59,6035.59
Built-up  Area,Ready To Move,Choodasandra,2 BHK,1140.0,2,2,62.0,2,5438.6,5438.6
Super built-up  Area,Ready To Move,Choodasandra,3 BHK,1560.0,3,2,78.0,3,5000.0,5000.0
Built-up  Area,Ready To Move,Choodasandra,2 BHK,1065.0,2,1,46.0,2,4319.25,4319.25
Super built-up  Area,Ready To Move,Choodasandra,2 BHK,1115.0,2,2,50.0,2,4484.3,4484.3
Super built-up  Area,Ready To Move,Choodasandra,2 BHK,1115.0,2,1,50.0,2,4484.3,4484.3
Super built-up  Area,Ready To Move,Cooke Town,4 BHK,3950.0,4,1,450.0,4,11392.41,11392.41
Built-up  Area,Ready To Move,Cooke Town,3 BHK,2388.0,4,3,239.0,3,10008.38,10008.38
Super built-up  Area,Ready To Move,Cooke Town,2 BHK,1710.0,2,2,200.0,2,11695.91,11695.91
Super built-up  Area,Ready To Move,Cooke Town,2 BHK,1310.0,2,2,111.0,2,8473.28,8473.28
Super built-up  Area,Ready To Move,Cooke Town,4 BHK,3900.0,5,1,415.0,4,10641.03,10641.03
Super built-up  Area,Ready To Move,Cooke Town,3 BHK,2560.0,4,1,310.0,3,12109.38,12109.38
Plot  Area,Ready To Move,Cooke Town,3 Bedroom,2600.0,3,1,375.0,3,14423.08,14423.08
Super built-up  Area,Ready To Move,Cooke Town,2 BHK,1100.0,2,3,90.0,2,8181.82,8181.82
Super built-up  Area,Ready To Move,Cooke Town,3 BHK,2300.0,3,1,250.0,3,10869.57,10869.57
Super built-up  Area,Ready To Move,Cox Town,3 BHK,1975.0,3,3,150.0,3,7594.94,7594.94
Super built-up  Area,Ready To Move,Cox Town,3 BHK,1650.0,3,3,100.0,3,6060.61,6060.61
Super built-up  Area,Ready To Move,Cox Town,3 BHK,1730.0,3,3,140.0,3,8092.49,8092.49
Super built-up  Area,Ready To Move,Cox Town,3 BHK,1600.0,3,1,150.0,3,9375.0,9375.0
Super built-up  Area,Ready To Move,Cox Town,2 BHK,1250.0,2,2,95.0,2,7600.0,7600.0
Built-up  Area,Ready To Move,Cox Town,2 BHK,1280.0,2,1,120.0,2,9375.0,9375.0
Built-up  Area,Ready To Move,Cox Town,2 BHK,1073.0,2,2,72.0,2,6710.16,6710.16
Super built-up  Area,Ready To Move,Cox Town,2 BHK,1000.0,2,3,58.0,2,5800.0,5800.0
Super built-up  Area,Ready To Move,Cox Town,2 BHK,1200.0,2,2,140.0,2,11666.67,11666.67
Super built-up  Area,Ready To Move,Cunningham Road,4 BHK,5270.0,4,3,1250.0,4,23719.17,23719.17
Super built-up  Area,Ready To Move,Cunningham Road,3 BHK,3875.0,3,2,864.0,3,22296.77,22296.77
Super built-up  Area,Ready To Move,Cunningham Road,3 BHK,3875.0,3,2,800.0,3,20645.16,20645.16
Super built-up  Area,18-Feb,Cunningham Road,3 BHK,3815.0,3,1,763.0,3,20000.0,20000.0
Super built-up  Area,Ready To Move,Cunningham Road,3 BHK,2880.0,3,2,501.0,3,17395.83,17395.83
Super built-up  Area,19-Jul,Cunningham Road,3 BHK,3489.0,3,1,662.0,3,18973.92,18973.92
Super built-up  Area,Ready To Move,Cunningham Road,3 BHK,4170.0,3,2,800.0,3,19184.65,19184.65
Super built-up  Area,Ready To Move,Cunningham Road,3 BHK,2700.0,3,1,501.0,3,18555.56,18555.56
Super built-up  Area,Ready To Move,Cunningham Road,3 BHK,2880.0,3,2,560.0,3,19444.44,19444.44
Super built-up  Area,17-Sep,Dasanapura,2 BHK,708.0,2,2,37.0,2,5225.99,5225.99
Super built-up  Area,Ready To Move,Dasanapura,2 BHK,708.0,1,1,40.0,2,5649.72,5649.72
Built-up  Area,Ready To Move,Dasanapura,2 BHK,965.0,2,1,42.5,2,4404.15,4404.15
Super built-up  Area,Ready To Move,Dasanapura,2 BHK,814.0,2,1,42.0,2,5159.71,5159.71
Built-up  Area,Ready To Move,Dasanapura,2 BHK,1163.0,2,1,65.0,2,5588.99,5588.99
Super built-up  Area,18-May,Dasanapura,3 BHK,1286.0,2,1,68.0,3,5287.71,5287.71
Super built-up  Area,Ready To Move,Dasanapura,2 BHK,708.0,2,1,31.15,2,4399.72,4399.72
Super built-up  Area,Ready To Move,Dasanapura,1 BHK,708.0,1,1,41.0,1,5790.96,5790.96
Super built-up  Area,Ready To Move,Dasanapura,2 BHK,814.0,2,1,43.7,2,5368.55,5368.55
Super built-up  Area,Ready To Move,Dasarahalli,2 BHK,1295.0,2,1,65.0,2,5019.31,5019.31
Built-up  Area,Ready To Move,Dasarahalli,2 BHK,1150.0,2,0,70.0,2,6086.96,6086.96
Super built-up  Area,Ready To Move,Dasarahalli,3 BHK,2100.0,3,3,120.0,3,5714.29,5714.29
Super built-up  Area,Ready To Move,Dasarahalli,2 BHK,1220.0,2,2,52.0,2,4262.3,4262.3
Super built-up  Area,Ready To Move,Dasarahalli,2 BHK,1375.0,2,1,60.0,2,4363.64,4363.64
Super built-up  Area,18-Jul,Dasarahalli,2 BHK,1333.0,2,1,78.56,2,5893.47,5893.47
Super built-up  Area,Ready To Move,Dasarahalli,2 BHK,1220.0,2,2,62.0,2,5081.97,5081.97
Built-up  Area,20-Feb,Devanahalli,4 Bedroom,3210.0,4,1,192.0,4,5981.31,5981.31
Super built-up  Area,19-Apr,Devanahalli,2 BHK,1260.0,2,2,66.78,2,5300.0,5300.0
Super built-up  Area,22-Dec,Devanahalli,3 BHK,1282.0,2,2,68.52,3,5344.77,5344.77
Super built-up  Area,18-Aug,Devanahalli,2 BHK,1360.0,2,1,65.0,2,4779.41,4779.41
Super built-up  Area,18-Apr,Devanahalli,2 BHK,1408.0,2,2,85.0,2,6036.93,6036.93
Super built-up  Area,Ready To Move,Devanahalli,2 BHK,1010.0,2,1,51.0,2,5049.5,5049.5
Super built-up  Area,Ready To Move,Devanahalli,2 BHK,1080.0,2,0,53.35,2,4939.81,4939.81
Plot  Area,Ready To Move,Devanahalli,5 Bedroom,2400.0,5,3,100.0,5,4166.67,4166.67
Super built-up  Area,18-Apr,Devanahalli,2 BHK,1174.0,2,1,59.0,2,5025.55,5025.55
Plot  Area,Immediate Possession,Devanahalli,2 BHK,3752.5,2,1,177.115,2,4719.92,4719.92
Super built-up  Area,19-Dec,Devanahalli,1 BHK,658.0,1,1,34.0,1,5167.17,5167.17
Super built-up  Area,18-Apr,Devanahalli,1 BHK,658.0,1,0,26.91,1,4089.67,4089.67
Super built-up  Area,18-May,Devanahalli,1 BHK,698.5,1,0,28.57,1,4090.19,4090.19
Super built-up  Area,Ready To Move,Devanahalli,2 BHK,1080.0,2,1,52.0,2,4814.81,4814.81
Super built-up  Area,21-Jul,Devanahalli,3 BHK,1700.0,3,0,88.2,3,5188.24,5188.24
Super built-up  Area,22-Nov,Devanahalli,3 BHK,1498.0,3,3,79.15,3,5283.71,5283.71
Super built-up  Area,22-Nov,Devanahalli,3 BHK,1466.0,3,3,77.59,3,5292.63,5292.63
Super built-up  Area,Ready To Move,Devanahalli,1 BHK,775.0,1,0,39.0,1,5032.26,5032.26
Super built-up  Area,18-May,Devanahalli,1 BHK,1020.0,2,1,49.87,1,4889.22,4889.22
Super built-up  Area,Ready To Move,Devanahalli,3 BHK,1550.0,3,1,85.0,3,5483.87,5483.87
Super built-up  Area,18-May,Devanahalli,2 BHK,1340.0,2,1,65.0,2,4850.75,4850.75
Built-up  Area,18-Mar,Devanahalli,3 Bedroom,2125.0,3,1,107.0,3,5035.29,5035.29
Super built-up  Area,18-Apr,Devanahalli,1 BHK,658.0,1,1,26.91,1,4089.67,4089.67
Built-up  Area,Ready To Move,Devanahalli,2 BHK,1010.0,2,1,58.0,2,5742.57,5742.57
Super built-up  Area,Ready To Move,Devanahalli,1 BHK,1075.0,1,1,52.57,1,4890.23,4890.23
Super built-up  Area,Ready To Move,Devarachikkanahalli,2 BHK,1250.0,2,2,40.0,2,3200.0,3200.0
Plot  Area,Ready To Move,Devarachikkanahalli,2 Bedroom,1200.0,2,2,83.0,2,6916.67,6916.67
Super built-up  Area,Ready To Move,Devarachikkanahalli,2 BHK,1170.0,2,2,40.0,2,3418.8,3418.8
Built-up  Area,Ready To Move,Devarachikkanahalli,1 BHK,615.0,1,1,24.0,1,3902.44,3902.44
Super built-up  Area,Ready To Move,Devarachikkanahalli,2 BHK,1230.0,2,1,58.0,2,4715.45,4715.45
Super built-up  Area,Ready To Move,Devarachikkanahalli,3 BHK,1425.0,2,2,65.0,3,4561.4,4561.4
Super built-up  Area,Ready To Move,Devarachikkanahalli,2 BHK,947.0,2,2,43.0,2,4540.65,4540.65
Super built-up  Area,Ready To Move,Devarachikkanahalli,2 BHK,1130.0,2,2,36.0,2,3185.84,3185.84
Super built-up  Area,Ready To Move,Devarachikkanahalli,3 BHK,1417.0,2,2,76.0,3,5363.44,5363.44
Super built-up  Area,Ready To Move,Devarachikkanahalli,2 BHK,1230.0,2,1,58.0,2,4715.45,4715.45
Super built-up  Area,Ready To Move,Devarachikkanahalli,3 BHK,1705.0,3,2,75.0,3,4398.83,4398.83
Built-up  Area,Ready To Move,Devarachikkanahalli,2 BHK,1116.0,2,1,47.0,2,4211.47,4211.47
Super built-up  Area,Ready To Move,Devarachikkanahalli,2 BHK,991.0,2,2,40.0,2,4036.33,4036.33
Built-up  Area,Ready To Move,Dodda Nekkundi,2 BHK,1260.0,2,2,55.0,2,4365.08,4365.08
Super built-up  Area,Ready To Move,Dodda Nekkundi,2 BHK,850.0,2,3,28.0,2,3294.12,3294.12
Super built-up  Area,Ready To Move,Dodda Nekkundi,2 BHK,1390.0,2,2,60.0,2,4316.55,4316.55
Super built-up  Area,Ready To Move,Dodda Nekkundi,3 BHK,1804.0,3,2,121.0,3,6707.32,6707.32
Super built-up  Area,Ready To Move,Dodda Nekkundi,2 BHK,1080.0,2,2,50.0,2,4629.63,4629.63
Super built-up  Area,Ready To Move,Dodda Nekkundi,3 BHK,1999.0,3,2,132.0,3,6603.3,6603.3
Super built-up  Area,Ready To Move,Dodda Nekkundi,2 BHK,1100.0,2,2,48.0,2,4363.64,4363.64
Super built-up  Area,Ready To Move,Dodda Nekkundi,3 BHK,1999.0,3,2,135.0,3,6753.38,6753.38
Super built-up  Area,Ready To Move,Dodda Nekkundi,2 BHK,1100.0,2,1,41.15,2,3740.91,3740.91
Super built-up  Area,Ready To Move,Dodda Nekkundi,3 BHK,1252.0,2,1,71.0,3,5670.93,5670.93
Super built-up  Area,Ready To Move,Dodda Nekkundi,2 BHK,1155.0,2,1,46.0,2,3982.68,3982.68
Super built-up  Area,Ready To Move,Dodda Nekkundi,2 BHK,1128.0,2,2,45.0,2,3989.36,3989.36
Super built-up  Area,Ready To Move,Dodda Nekkundi,2 BHK,1148.0,2,1,56.0,2,4878.05,4878.05
Built-up  Area,Ready To Move,Dodda Nekkundi,2 BHK,1145.0,2,1,46.5,2,4061.14,4061.14
Super built-up  Area,Ready To Move,Dodda Nekkundi,3 BHK,1829.0,3,2,125.0,3,6834.34,6834.34
Super built-up  Area,Ready To Move,Dodda Nekkundi,2 BHK,1100.0,2,1,41.16,2,3741.82,3741.82
Super built-up  Area,Ready To Move,Dodda Nekkundi,2 BHK,1100.0,2,1,46.75,2,4250.0,4250.0
Super built-up  Area,Ready To Move,Dodda Nekkundi,2 BHK,1315.0,2,2,50.0,2,3802.28,3802.28
Super built-up  Area,Ready To Move,Dodda Nekkundi,2 BHK,1135.0,2,2,58.0,2,5110.13,5110.13
Super built-up  Area,Ready To Move,Dodda Nekkundi,2 BHK,1100.0,2,1,41.18,2,3743.64,3743.64
Built-up  Area,Ready To Move,Dodda Nekkundi,2 BHK,1370.0,2,2,60.0,2,4379.56,4379.56
Super built-up  Area,Ready To Move,Dodda Nekkundi,2 BHK,1200.0,2,2,71.0,2,5916.67,5916.67
Super built-up  Area,Ready To Move,Dodda Nekkundi,3 BHK,1585.0,2,2,79.0,3,4984.23,4984.23
Built-up  Area,Ready To Move,Dodda Nekkundi,2 BHK,1005.0,2,2,45.0,2,4477.61,4477.61
Super built-up  Area,Ready To Move,Dodda Nekkundi,2 BHK,1264.0,2,1,52.0,2,4113.92,4113.92
Super built-up  Area,Ready To Move,Doddaballapur,4 BHK,1690.0,3,2,80.0,4,4733.73,4733.73
Plot  Area,Ready To Move,Doddaballapur,4 Bedroom,4200.0,4,3,325.0,4,7738.1,7738.1
Plot  Area,Ready To Move,Doddaballapur,3 Bedroom,3876.0,3,1,300.0,3,7739.94,7739.94
Plot  Area,Ready To Move,Doddaballapur,3 Bedroom,2776.0,4,2,195.0,3,7024.5,7024.5
Plot  Area,Ready To Move,Doddaballapur,3 Bedroom,2440.0,3,1,142.0,3,5819.67,5819.67
Plot  Area,Ready To Move,Doddaballapur,4 Bedroom,2400.0,3,0,200.0,4,8333.33,8333.33
Super built-up  Area,18-Apr,Doddaballapur,1 BHK,654.0,1,1,49.0,1,7492.35,7492.35
Plot  Area,Ready To Move,Doddaballapur,4 Bedroom,3206.0,5,1,270.0,4,8421.71,8421.71
Super built-up  Area,Ready To Move,Doddakallasandra,2 BHK,1010.0,2,1,40.39,2,3999.01,3999.01
Super built-up  Area,Ready To Move,Doddakallasandra,2 BHK,1010.0,2,1,40.39,2,3999.01,3999.01
Super built-up  Area,Ready To Move,Doddakallasandra,2 BHK,1072.0,2,1,42.87,2,3999.07,3999.07
Super built-up  Area,Ready To Move,Doddakallasandra,2 BHK,1010.0,2,1,40.4,2,4000.0,4000.0
Super built-up  Area,Ready To Move,Doddakallasandra,2 BHK,1010.0,2,1,41.0,2,4059.41,4059.41
Super built-up  Area,Ready To Move,Doddakallasandra,2 BHK,1072.0,2,1,42.87,2,3999.07,3999.07
Super built-up  Area,Ready To Move,Doddathoguru,2 BHK,970.0,2,0,33.0,2,3402.06,3402.06
Built-up  Area,Ready To Move,Doddathoguru,2 BHK,1050.0,2,1,32.0,2,3047.62,3047.62
Super built-up  Area,Ready To Move,Doddathoguru,2 BHK,850.0,2,1,25.0,2,2941.18,2941.18
Super built-up  Area,Ready To Move,Doddathoguru,2 BHK,1030.0,2,2,42.0,2,4077.67,4077.67
Super built-up  Area,Ready To Move,Doddathoguru,3 BHK,1549.0,3,2,65.0,3,4196.26,4196.26
Super built-up  Area,Ready To Move,Doddathoguru,1 BHK,550.0,1,1,17.0,1,3090.91,3090.91
Super built-up  Area,Ready To Move,Doddathoguru,2 BHK,1015.0,2,2,33.5,2,3300.49,3300.49
Super built-up  Area,Ready To Move,Doddathoguru,2 BHK,1104.0,2,2,39.0,2,3532.61,3532.61
Super built-up  Area,Ready To Move,Doddathoguru,2 BHK,915.0,2,1,32.0,2,3497.27,3497.27
Super built-up  Area,Ready To Move,Doddathoguru,1 BHK,750.0,1,1,25.5,1,3400.0,3400.0
Super built-up  Area,Ready To Move,Doddathoguru,3 BHK,1595.0,3,3,62.0,3,3887.15,3887.15
Super built-up  Area,Ready To Move,Doddathoguru,2 BHK,855.0,2,1,32.0,2,3742.69,3742.69
Super built-up  Area,Ready To Move,Doddathoguru,2 BHK,1105.0,2,1,50.0,2,4524.89,4524.89
Built-up  Area,Ready To Move,Doddathoguru,2 BHK,925.0,2,2,30.0,2,3243.24,3243.24
Built-up  Area,Ready To Move,Doddathoguru,3 BHK,1208.0,3,1,45.0,3,3725.17,3725.17
Built-up  Area,Ready To Move,Doddathoguru,2 BHK,1100.0,2,2,50.0,2,4545.45,4545.45
Super built-up  Area,Ready To Move,Doddathoguru,2 BHK,940.0,2,1,32.9,2,3500.0,3500.0
Super built-up  Area,Ready To Move,Doddathoguru,3 BHK,1382.0,3,1,65.0,3,4703.33,4703.33
Built-up  Area,Ready To Move,Doddathoguru,2 BHK,1107.0,2,3,44.0,2,3974.71,3974.71
Built-up  Area,Ready To Move,Doddathoguru,2 BHK,907.0,2,1,40.0,2,4410.14,4410.14
Super built-up  Area,Ready To Move,Doddathoguru,3 BHK,1783.0,3,3,85.0,3,4767.25,4767.25
Super built-up  Area,Ready To Move,Doddathoguru,1 BHK,550.0,1,1,17.0,1,3090.91,3090.91
Super built-up  Area,Ready To Move,Domlur,3 BHK,1540.0,3,2,90.0,3,5844.16,5844.16
Super built-up  Area,Ready To Move,Domlur,3 BHK,1875.0,2,2,150.0,3,8000.0,8000.0
Super built-up  Area,Ready To Move,Domlur,3 BHK,1429.0,3,3,86.0,3,6018.19,6018.19
Built-up  Area,Ready To Move,Domlur,1 BHK,640.0,1,0,55.0,1,8593.75,8593.75
Super built-up  Area,Ready To Move,Domlur,2 BHK,1050.0,2,2,85.0,2,8095.24,8095.24
Super built-up  Area,Ready To Move,Domlur,3 BHK,1800.0,3,2,150.0,3,8333.33,8333.33
Super built-up  Area,Ready To Move,Domlur,3 BHK,1720.0,3,1,135.0,3,7848.84,7848.84
Super built-up  Area,Ready To Move,Domlur,3 BHK,1950.0,3,3,165.0,3,8461.54,8461.54
Built-up  Area,18-Mar,Domlur,3 BHK,2180.0,3,2,285.0,3,13073.39,13073.39
Super built-up  Area,Ready To Move,Domlur,1 BHK,650.0,1,1,70.0,1,10769.23,10769.23
Super built-up  Area,Ready To Move,Domlur,1 BHK,780.0,1,1,70.0,1,8974.36,8974.36
Super built-up  Area,Ready To Move,Domlur,3 BHK,2180.0,3,2,285.0,3,13073.39,13073.39
Super built-up  Area,Ready To Move,Domlur,3 BHK,1740.0,3,0,120.0,3,6896.55,6896.55
Built-up  Area,Ready To Move,Domlur,3 BHK,1695.0,3,2,125.0,3,7374.63,7374.63
Super built-up  Area,Ready To Move,Domlur,2 BHK,1246.0,2,1,95.0,2,7624.4,7624.4
Super built-up  Area,Ready To Move,Domlur,3 BHK,2100.0,3,2,145.0,3,6904.76,6904.76
Super built-up  Area,Ready To Move,Domlur,2 BHK,1276.0,2,2,80.0,2,6269.59,6269.59
Super built-up  Area,Ready To Move,Domlur,3 BHK,1850.0,3,1,180.0,3,9729.73,9729.73
Super built-up  Area,Ready To Move,Domlur,3 BHK,2955.0,3,1,235.0,3,7952.62,7952.62
Built-up  Area,Ready To Move,Domlur,3 BHK,1650.0,3,1,180.0,3,10909.09,10909.09
Super built-up  Area,19-Aug,Dommasandra,2 BHK,805.0,2,1,22.14,2,2750.31,2750.31
Built-up  Area,Ready To Move,Dommasandra,3 BHK,1267.0,3,2,56.0,3,4419.89,4419.89
Super built-up  Area,Ready To Move,Dommasandra,2 BHK,1200.0,2,2,50.0,2,4166.67,4166.67
Built-up  Area,Ready To Move,Dommasandra,4 Bedroom,2700.0,3,2,68.0,4,2518.52,2518.52
Super built-up  Area,Ready To Move,Dommasandra,2 BHK,1153.0,2,2,43.5,2,3772.77,3772.77
Plot  Area,18-Mar,Dommasandra,2 Bedroom,1500.0,2,0,40.0,2,2666.67,2666.67
Super built-up  Area,Ready To Move,Dommasandra,2 BHK,1090.0,2,2,43.5,2,3990.83,3990.83
Super built-up  Area,18-Dec,Dommasandra,2 BHK,850.0,2,1,25.4,2,2988.24,2988.24
Super built-up  Area,18-Dec,Dommasandra,2 BHK,674.0,1,1,19.9,2,2952.52,2952.52
Super built-up  Area,Ready To Move,Dommasandra,2 BHK,999.0,2,2,32.9,2,3293.29,3293.29
Super built-up  Area,Ready To Move,EPIP Zone,2 BHK,1285.0,2,2,82.0,2,6381.32,6381.32
Super built-up  Area,18-Apr,EPIP Zone,3 BHK,2330.0,3,2,162.0,3,6952.79,6952.79
Super built-up  Area,Ready To Move,EPIP Zone,2 BHK,1330.0,2,1,92.5,2,6954.89,6954.89
Super built-up  Area,Ready To Move,EPIP Zone,2 BHK,1330.0,2,1,86.98,2,6539.85,6539.85
Super built-up  Area,18-Feb,EPIP Zone,2 BHK,1330.0,2,1,93.36,2,7019.55,7019.55
Super built-up  Area,Ready To Move,EPIP Zone,3 BHK,1500.0,3,3,102.0,3,6800.0,6800.0
Built-up  Area,Ready To Move,EPIP Zone,2 BHK,1280.0,2,1,69.0,2,5390.62,5390.62
Built-up  Area,Ready To Move,EPIP Zone,2 BHK,1125.0,2,1,65.0,2,5777.78,5777.78
Super built-up  Area,Ready To Move,EPIP Zone,3 BHK,1734.0,3,3,125.0,3,7208.77,7208.77
Super built-up  Area,Ready To Move,EPIP Zone,2 BHK,1343.0,2,2,86.0,2,6403.57,6403.57
Super built-up  Area,18-Apr,EPIP Zone,3 BHK,2350.0,4,2,163.0,3,6936.17,6936.17
Super built-up  Area,18-Apr,EPIP Zone,3 BHK,1860.0,3,2,130.0,3,6989.25,6989.25
Super built-up  Area,Ready To Move,EPIP Zone,3 BHK,2210.0,3,3,165.0,3,7466.06,7466.06
Super built-up  Area,Ready To Move,EPIP Zone,3 BHK,2710.0,3,2,177.0,3,6531.37,6531.37
Super built-up  Area,Ready To Move,Electronic City,3 BHK,1025.0,2,1,47.0,3,4585.37,4585.37
Super built-up  Area,Ready To Move,Electronic City,3 BHK,1500.0,2,1,64.5,3,4300.0,4300.0
Built-up  Area,Ready To Move,Electronic City,2 BHK,1060.0,2,1,60.0,2,5660.38,5660.38
Super built-up  Area,18-Apr,Electronic City,2 BHK,1152.0,2,1,64.5,2,5598.96,5598.96
Built-up  Area,Ready To Move,Electronic City,2 BHK,770.0,1,1,36.0,2,4675.32,4675.32
Super built-up  Area,Ready To Move,Electronic City,2 BHK,1070.0,2,1,52.0,2,4859.81,4859.81
Built-up  Area,Ready To Move,Electronic City,2 BHK,1025.0,2,1,46.0,2,4487.8,4487.8
Super built-up  Area,Ready To Move,Electronic City,1 BHK,589.0,1,1,27.0,1,4584.04,4584.04
Super built-up  Area,Ready To Move,Electronic City,2 BHK,910.0,2,1,40.0,2,4395.6,4395.6
Super built-up  Area,17-Jun,Electronic City,2 BHK,1108.0,2,1,63.0,2,5685.92,5685.92
Super built-up  Area,18-Apr,Electronic City,2 BHK,1128.0,2,1,65.0,2,5762.41,5762.41
Super built-up  Area,Ready To Move,Electronic City,3 BHK,1800.0,3,2,95.0,3,5277.78,5277.78
Built-up  Area,18-Apr,Electronic City,1 BHK,630.0,1,1,34.65,1,5500.0,5500.0
Super built-up  Area,18-Apr,Electronic City,2 BHK,1128.0,2,1,63.0,2,5585.11,5585.11
Super built-up  Area,18-Apr,Electronic City,3 BHK,1599.0,3,2,99.0,3,6191.37,6191.37
Super built-up  Area,Ready To Move,Electronic City,2 BHK,1070.0,2,1,55.0,2,5140.19,5140.19
Super built-up  Area,Ready To Move,Electronic City,2 BHK,940.0,2,1,41.0,2,4361.7,4361.7
Super built-up  Area,18-Apr,Electronic City,2 BHK,1128.0,2,1,68.75,2,6094.86,6094.86
Super built-up  Area,18-Apr,Electronic City,2 BHK,1342.0,2,1,73.3,2,5462.0,5462.0
Super built-up  Area,Ready To Move,Electronic City,3 BHK,1360.0,2,1,71.0,3,5220.59,5220.59
Super built-up  Area,18-Dec,Electronic City,2 BHK,1265.0,2,0,56.93,2,4500.4,4500.4
Super built-up  Area,21-Dec,Electronic City,3 BHK,1691.0,2,2,102.0,3,6031.93,6031.93
Super built-up  Area,18-Aug,Electronic City,2 BHK,1128.0,2,1,65.49,2,5805.85,5805.85
Super built-up  Area,Ready To Move,Electronic City,2 BHK,1070.0,2,1,56.1,2,5242.99,5242.99
Plot  Area,Ready To Move,Electronic City,4 Bedroom,2000.0,4,0,120.0,4,6000.0,6000.0
Built-up  Area,Ready To Move,Electronic City,2 BHK,890.0,2,2,45.0,2,5056.18,5056.18
Super built-up  Area,18-May,Electronic City,2 BHK,1128.0,2,1,65.65,2,5820.04,5820.04
Built-up  Area,Ready To Move,Electronic City,2 BHK,865.0,2,0,42.0,2,4855.49,4855.49
Super built-up  Area,Ready To Move,Electronic City,2 BHK,910.0,2,2,42.0,2,4615.38,4615.38
Built-up  Area,Ready To Move,Electronic City,3 BHK,1360.0,2,1,75.0,3,5514.71,5514.71
Super built-up  Area,Ready To Move,Electronic City,2 BHK,770.0,1,1,40.0,2,5194.81,5194.81
Super built-up  Area,Ready To Move,Electronic City,2 BHK,1128.0,2,1,64.0,2,5673.76,5673.76
Super built-up  Area,Ready To Move,Electronic City,2 BHK,1070.0,2,1,54.0,2,5046.73,5046.73
Super built-up  Area,18-Jan,Electronic City,3 BHK,1571.0,3,2,89.0,3,5665.18,5665.18
Super built-up  Area,18-Dec,Electronic City,3 BHK,1111.0,3,1,50.0,3,4500.45,4500.45
Super built-up  Area,Ready To Move,Electronic City,2 BHK,870.0,2,1,39.5,2,4540.23,4540.23
Super built-up  Area,18-Apr,Electronic City,3 BHK,1374.0,2,1,72.0,3,5240.17,5240.17
Super built-up  Area,18-Aug,Electronic City,2 BHK,1128.0,2,1,65.35,2,5793.44,5793.44
Super built-up  Area,18-Apr,Electronic City,2 BHK,1128.0,2,1,65.0,2,5762.41,5762.41
Super built-up  Area,Ready To Move,Electronic City,2 BHK,755.0,1,1,34.0,2,4503.31,4503.31
Super built-up  Area,21-Dec,Electronic City,3 BHK,1563.0,3,2,91.84,3,5875.88,5875.88
Super built-up  Area,Ready To Move,Electronic City,3 BHK,1652.0,3,2,70.0,3,4237.29,4237.29
Super built-up  Area,18-Apr,Electronic City,2 BHK,1025.0,2,1,54.5,2,5317.07,5317.07
Super built-up  Area,Ready To Move,Electronic City,3 BHK,1350.0,3,2,58.0,3,4296.3,4296.3
Super built-up  Area,Ready To Move,Electronic City,3 BHK,1700.0,3,2,75.0,3,4411.76,4411.76
Super built-up  Area,Ready To Move,Electronic City,2 BHK,1128.0,2,1,68.0,2,6028.37,6028.37
Built-up  Area,Ready To Move,Electronic City,1 BHK,700.0,1,1,35.0,1,5000.0,5000.0
Super built-up  Area,Ready To Move,Electronic City,3 BHK,1360.0,2,1,70.5,3,5183.82,5183.82
Super built-up  Area,Ready To Move,Electronic City,3 BHK,1571.0,3,2,105.0,3,6683.64,6683.64
Built-up  Area,18-Jan,Electronic City,3 BHK,1600.0,3,2,104.0,3,6500.0,6500.0
Built-up  Area,Ready To Move,Electronic City,3 BHK,1500.0,2,1,100.0,3,6666.67,6666.67
Super built-up  Area,18-Apr,Electronic City,2 BHK,1152.0,2,1,65.0,2,5642.36,5642.36
Super built-up  Area,Ready To Move,Electronic City,2 BHK,1070.0,2,1,60.0,2,5607.48,5607.48
Super built-up  Area,18-Apr,Electronic City,2 BHK,1128.0,2,1,65.5,2,5806.74,5806.74
Super built-up  Area,Ready To Move,Electronic City,2 BHK,1200.0,2,1,59.0,2,4916.67,4916.67
Super built-up  Area,18-Mar,Electronic City,2 BHK,1152.0,2,1,65.75,2,5707.47,5707.47
Super built-up  Area,18-Feb,Electronic City,2 BHK,1070.0,2,1,55.0,2,5140.19,5140.19
Super built-up  Area,Ready To Move,Electronic City,2 BHK,1060.0,2,1,58.0,2,5471.7,5471.7
Super built-up  Area,18-Jul,Electronic City,2 BHK,1025.0,2,1,54.1,2,5278.05,5278.05
Super built-up  Area,Ready To Move,Electronic City,3 BHK,1500.0,2,1,78.0,3,5200.0,5200.0
Super built-up  Area,20-Dec,Electronic City,2 BHK,1213.0,2,1,59.32,2,4890.35,4890.35
Super built-up  Area,Ready To Move,Electronic City,3 BHK,1575.0,3,2,90.0,3,5714.29,5714.29
Built-up  Area,Ready To Move,Electronic City,1 RK,435.0,1,1,19.5,1,4482.76,4482.76
Built-up  Area,Ready To Move,Electronic City,3 BHK,1449.0,3,2,100.0,3,6901.31,6901.31
Super built-up  Area,Ready To Move,Electronic City,2 BHK,1125.0,2,1,58.0,2,5155.56,5155.56
Super built-up  Area,Ready To Move,Electronic City,3 BHK,1575.0,3,3,101.0,3,6412.7,6412.7
Built-up  Area,Ready To Move,Electronic City,1 BHK,550.0,1,1,12.0,1,2181.82,2181.82
Super built-up  Area,Ready To Move,Electronic City,2 BHK,919.0,2,2,40.0,2,4352.56,4352.56
Super built-up  Area,18-Apr,Electronic City,3 BHK,1500.0,2,1,78.25,3,5216.67,5216.67
Super built-up  Area,Ready To Move,Electronic City,2 BHK,1363.0,2,1,79.0,2,5796.04,5796.04
Super built-up  Area,Ready To Move,Electronic City,2 BHK,1108.0,2,1,67.15,2,6060.47,6060.47
Super built-up  Area,18-Aug,Electronic City,2 BHK,1128.0,2,1,65.7,2,5824.47,5824.47
Built-up  Area,Ready To Move,Electronic City,2 BHK,1060.0,2,1,51.0,2,4811.32,4811.32
Built-up  Area,18-Apr,Electronic City,3 BHK,1650.0,3,2,100.0,3,6060.61,6060.61
Super built-up  Area,Ready To Move,Electronic City,2 BHK,1025.0,2,1,49.0,2,4780.49,4780.49
Super built-up  Area,Ready To Move,Electronic City,3 BHK,1449.0,3,2,90.0,3,6211.18,6211.18
Super built-up  Area,Ready To Move,Electronic City,2 BHK,1070.0,2,1,58.0,2,5420.56,5420.56
Super built-up  Area,Ready To Move,Electronic City,2 BHK,1210.0,2,1,54.0,2,4462.81,4462.81
Built-up  Area,18-Apr,Electronic City,3 BHK,1500.0,2,1,75.0,3,5000.0,5000.0
Super built-up  Area,Ready To Move,Electronic City,2 BHK,1070.0,2,1,52.0,2,4859.81,4859.81
Super built-up  Area,20-Dec,Electronic City,4 BHK,2435.0,4,3,119.0,4,4887.06,4887.06
Super built-up  Area,Ready To Move,Electronic City,2 BHK,1073.0,2,2,60.0,2,5591.8,5591.8
Super built-up  Area,18-Apr,Electronic City,3 BHK,1500.0,2,1,78.0,3,5200.0,5200.0
Super built-up  Area,17-Jun,Electronic City,2 BHK,1070.0,2,1,47.0,2,4392.52,4392.52
Super built-up  Area,Ready To Move,Electronic City,2 BHK,1296.0,2,2,65.0,2,5015.43,5015.43
Super built-up  Area,21-Dec,Electronic City,2 BHK,1140.0,2,1,70.93,2,6221.93,6221.93
Super built-up  Area,20-Dec,Electronic City,4 BHK,2093.0,4,1,104.0,4,4968.94,4968.94
Super built-up  Area,Ready To Move,Electronic City,2 BHK,1025.0,2,1,53.9,2,5258.54,5258.54
Built-up  Area,Ready To Move,Electronic City,2 BHK,940.0,2,1,54.0,2,5744.68,5744.68
Super built-up  Area,Ready To Move,Electronic City,1 BHK,435.0,1,1,21.0,1,4827.59,4827.59
Super built-up  Area,18-Mar,Electronic City,3 BHK,1500.0,2,1,77.5,3,5166.67,5166.67
Super built-up  Area,Ready To Move,Electronic City,3 BHK,1631.0,3,2,80.0,3,4904.97,4904.97
Super built-up  Area,18-Apr,Electronic City,2 BHK,1355.0,2,1,67.0,2,4944.65,4944.65
Super built-up  Area,Ready To Move,Electronic City,1 BHK,435.0,1,1,22.0,1,5057.47,5057.47
Super built-up  Area,Ready To Move,Electronic City,2 BHK,1039.0,2,1,50.0,2,4812.32,4812.32
Super built-up  Area,Ready To Move,Electronic City,2 BHK,770.0,1,1,39.9,2,5181.82,5181.82
Super built-up  Area,18-Apr,Electronic City,2 BHK,1128.0,2,1,64.0,2,5673.76,5673.76
Super built-up  Area,18-Mar,Electronic City,1 BHK,605.0,1,0,13.31,1,2200.0,2200.0
Super built-up  Area,19-Dec,Electronic City,1 BHK,530.0,1,1,13.5,1,2547.17,2547.17
Super built-up  Area,Ready To Move,Electronic City,2 BHK,1070.0,2,1,53.0,2,4953.27,4953.27
Super built-up  Area,17-Oct,Electronic City,3 BHK,1571.0,3,2,83.0,3,5283.26,5283.26
Super built-up  Area,Ready To Move,Electronic City,3 BHK,1350.0,3,2,66.0,3,4888.89,4888.89
Super built-up  Area,Ready To Move,Electronic City,3 BHK,1652.0,3,3,110.0,3,6658.6,6658.6
Super built-up  Area,18-Aug,Electronic City,2 BHK,1128.0,2,1,65.58,2,5813.83,5813.83
Built-up  Area,Ready To Move,Electronic City,1 BHK,635.0,1,1,28.0,1,4409.45,4409.45
Super built-up  Area,18-Aug,Electronic City,2 BHK,1128.0,2,1,65.4,2,5797.87,5797.87
Super built-up  Area,18-Apr,Electronic City,2 BHK,1355.0,2,1,72.9,2,5380.07,5380.07
Built-up  Area,Ready To Move,Electronic City,2 BHK,770.0,1,1,35.0,2,4545.45,4545.45
Super built-up  Area,Ready To Move,Electronic City,2 BHK,865.0,2,1,40.0,2,4624.28,4624.28
Super built-up  Area,Ready To Move,Electronic City,2 BHK,1108.0,2,1,63.0,2,5685.92,5685.92
Super built-up  Area,18-Apr,Electronic City,1 BHK,630.0,1,1,40.5,1,6428.57,6428.57
Super built-up  Area,Ready To Move,Electronic City,1 BHK,605.0,1,1,22.0,1,3636.36,3636.36
Super built-up  Area,Ready To Move,Electronic City,2 BHK,1070.0,2,1,48.0,2,4485.98,4485.98
Super built-up  Area,Ready To Move,Electronic City,3 BHK,1360.0,2,1,70.0,3,5147.06,5147.06
Super built-up  Area,Ready To Move,Electronic City,1 BHK,635.0,1,0,28.0,1,4409.45,4409.45
Super built-up  Area,18-Apr,Electronic City,2 BHK,1128.0,2,1,65.45,2,5802.3,5802.3
Super built-up  Area,Ready To Move,Electronic City,2 BHK,890.0,2,1,40.0,2,4494.38,4494.38
Super built-up  Area,Ready To Move,Electronic City,3 BHK,1360.0,2,1,58.0,3,4264.71,4264.71
Super built-up  Area,18-Aug,Electronic City,1 BHK,630.0,1,1,33.7,1,5349.21,5349.21
Built-up  Area,Ready To Move,Electronic City,3 Bedroom,1400.0,3,1,90.0,3,6428.57,6428.57
Built-up  Area,Ready To Move,Electronic City,3 BHK,1287.0,3,1,55.0,3,4273.5,4273.5
Super built-up  Area,Ready To Move,Electronic City,2 BHK,1258.0,2,1,85.5,2,6796.5,6796.5
Built-up  Area,Ready To Move,Electronic City,2 BHK,1386.0,2,1,85.0,2,6132.76,6132.76
Built-up  Area,Ready To Move,Electronic City,1 RK,550.0,1,1,27.0,1,4909.09,4909.09
Super built-up  Area,Ready To Move,Electronic City,2 BHK,1025.0,2,1,50.0,2,4878.05,4878.05
Super built-up  Area,Ready To Move,Electronic City,2 BHK,1070.0,2,1,55.0,2,5140.19,5140.19
Super built-up  Area,18-Apr,Electronic City,2 BHK,1342.0,2,1,72.0,2,5365.13,5365.13
Built-up  Area,Ready To Move,Electronic City,3 BHK,1275.0,3,1,70.0,3,5490.2,5490.2
Super built-up  Area,Ready To Move,Electronic City,2 BHK,770.0,1,1,38.0,2,4935.06,4935.06
Super built-up  Area,17-Jun,Electronic City,3 BHK,1644.0,3,2,92.59,3,5632.0,5632.0
Built-up  Area,Ready To Move,Electronic City,2 BHK,1250.0,2,1,62.0,2,4960.0,4960.0
Super built-up  Area,Ready To Move,Electronic City,1 BHK,418.0,1,1,12.0,1,2870.81,2870.81
Super built-up  Area,18-Apr,Electronic City,2 BHK,1128.0,2,1,64.8,2,5744.68,5744.68
Built-up  Area,Ready To Move,Electronic City,2 BHK,1060.0,2,1,55.0,2,5188.68,5188.68
Super built-up  Area,21-Dec,Electronic City,1 BHK,710.0,1,1,40.42,1,5692.96,5692.96
Super built-up  Area,Ready To Move,Electronic City,3 BHK,1275.0,3,3,63.43,3,4974.9,4974.9
Super built-up  Area,Ready To Move,Electronic City,3 BHK,1518.0,3,3,75.0,3,4940.71,4940.71
Built-up  Area,18-Dec,Electronic City,1 BHK,1090.0,2,1,31.48,1,2888.07,2888.07
Super built-up  Area,Ready To Move,Electronic City,2 BHK,1060.0,2,1,55.0,2,5188.68,5188.68
Super built-up  Area,Ready To Move,Electronic City,2 BHK,1353.0,2,3,75.0,2,5543.24,5543.24
Super built-up  Area,18-Jul,Electronic City,2 BHK,1128.0,2,1,67.0,2,5939.72,5939.72
Built-up  Area,17-Jul,Electronic City,2 BHK,1070.0,2,1,57.0,2,5327.1,5327.1
Built-up  Area,Ready To Move,Electronic City,3 BHK,1700.0,3,2,90.0,3,5294.12,5294.12
Super built-up  Area,Ready To Move,Electronic City,1 BHK,750.0,1,1,35.0,1,4666.67,4666.67
Built-up  Area,Ready To Move,Electronic City,2 BHK,1210.0,2,1,55.0,2,4545.45,4545.45
Built-up  Area,17-Jun,Electronic City,2 BHK,1070.0,2,1,60.0,2,5607.48,5607.48
Super built-up  Area,18-Jul,Electronic City,3 BHK,1615.0,3,2,97.0,3,6006.19,6006.19
Super built-up  Area,Ready To Move,Electronic City,2 BHK,1221.0,2,2,68.0,2,5569.21,5569.21
Built-up  Area,Ready To Move,Electronic City,3 Bedroom,1500.0,3,1,73.0,3,4866.67,4866.67
Super built-up  Area,Ready To Move,Electronic City,2 BHK,995.0,2,1,48.0,2,4824.12,4824.12
Super built-up  Area,Ready To Move,Electronic City,2 BHK,1342.0,2,1,90.0,2,6706.41,6706.41
Super built-up  Area,18-Apr,Electronic City,2 BHK,1128.0,2,1,63.5,2,5629.43,5629.43
Super built-up  Area,Ready To Move,Electronic City,1 BHK,589.0,1,1,29.0,1,4923.6,4923.6
Super built-up  Area,Ready To Move,Electronic City,3 BHK,1575.0,3,1,94.5,3,6000.0,6000.0
Super built-up  Area,Ready To Move,Electronic City,2 BHK,1070.0,2,1,48.0,2,4485.98,4485.98
Super built-up  Area,Ready To Move,Electronic City,2 BHK,1025.0,2,1,54.0,2,5268.29,5268.29
Super built-up  Area,Ready To Move,Electronic City,3 BHK,1500.0,2,1,70.0,3,4666.67,4666.67
Super built-up  Area,Ready To Move,Electronic City,3 BHK,1500.0,2,1,64.5,3,4300.0,4300.0
Super built-up  Area,21-Dec,Electronic City,4 BHK,2093.0,4,2,134.0,4,6402.29,6402.29
Super built-up  Area,18-Apr,Electronic City,2 BHK,1355.0,2,1,73.0,2,5387.45,5387.45
Super built-up  Area,Ready To Move,Electronic City,3 BHK,1360.0,2,1,64.99,3,4778.68,4778.68
Super built-up  Area,Ready To Move,Electronic City,2 BHK,1060.0,2,1,52.0,2,4905.66,4905.66
Super built-up  Area,19-Dec,Electronic City Phase II,2 BHK,1056.0,2,1,39.07,2,3699.81,3699.81
Super built-up  Area,18-Jul,Electronic City Phase II,2 BHK,1020.0,2,1,30.6,2,3000.0,3000.0
Super built-up  Area,Ready To Move,Electronic City Phase II,2 BHK,1069.0,2,2,45.0,2,4209.54,4209.54
Super built-up  Area,18-May,Electronic City Phase II,1 BHK,630.0,1,1,28.35,1,4500.0,4500.0
Super built-up  Area,18-Jul,Electronic City Phase II,2 BHK,1000.0,2,1,25.0,2,2500.0,2500.0
Built-up  Area,18-Jul,Electronic City Phase II,2 BHK,1090.0,2,1,28.34,2,2600.0,2600.0
Super built-up  Area,18-Dec,Electronic City Phase II,4 BHK,2225.0,4,0,98.88,4,4444.04,4444.04
Super built-up  Area,Ready To Move,Electronic City Phase II,2 BHK,775.0,2,2,38.0,2,4903.23,4903.23
Super built-up  Area,Ready To Move,Electronic City Phase II,2 BHK,1266.0,2,2,59.0,2,4660.35,4660.35
Super built-up  Area,18-Aug,Electronic City Phase II,2 BHK,1000.0,2,1,28.88,2,2888.0,2888.0
Super built-up  Area,18-Jul,Electronic City Phase II,2 BHK,972.0,2,1,44.0,2,4526.75,4526.75
Super built-up  Area,Ready To Move,Electronic City Phase II,2 BHK,1031.0,2,1,55.0,2,5334.63,5334.63
Super built-up  Area,18-Apr,Electronic City Phase II,2 BHK,1003.0,2,1,40.6,2,4047.86,4047.86
Super built-up  Area,Ready To Move,Electronic City Phase II,2 BHK,1031.0,2,1,56.35,2,5465.57,5465.57
Super built-up  Area,18-May,Electronic City Phase II,3 BHK,1395.0,2,1,62.78,3,4500.36,4500.36
Built-up  Area,18-Aug,Electronic City Phase II,2 BHK,1160.0,2,1,33.5,2,2887.93,2887.93
Super built-up  Area,18-May,Electronic City Phase II,2 BHK,1065.0,2,1,30.75,2,2887.32,2887.32
Super built-up  Area,Ready To Move,Electronic City Phase II,2 BHK,1219.0,2,1,61.25,2,5024.61,5024.61
Built-up  Area,18-Aug,Electronic City Phase II,2 BHK,1000.0,2,1,28.88,2,2888.0,2888.0
Built-up  Area,Ready To Move,Electronic City Phase II,3 BHK,1790.0,3,3,100.0,3,5586.59,5586.59
Super built-up  Area,Ready To Move,Electronic City Phase II,2 BHK,769.0,2,1,40.0,2,5201.56,5201.56
Super built-up  Area,Ready To Move,Electronic City Phase II,2 BHK,900.0,2,2,32.5,2,3611.11,3611.11
Carpet  Area,18-May,Electronic City Phase II,3 BHK,993.0,2,2,50.0,3,5035.25,5035.25
Super built-up  Area,18-May,Electronic City Phase II,3 BHK,1418.0,3,2,52.47,3,3700.28,3700.28
Built-up  Area,Ready To Move,Electronic City Phase II,2 BHK,1070.0,2,2,45.0,2,4205.61,4205.61
Built-up  Area,18-Aug,Electronic City Phase II,2 BHK,1140.0,2,1,33.06,2,2900.0,2900.0
Super built-up  Area,18-Oct,Electronic City Phase II,2 BHK,1089.0,2,0,32.67,2,3000.0,3000.0
Super built-up  Area,Ready To Move,Electronic City Phase II,2 BHK,1031.0,2,1,55.0,2,5334.63,5334.63
Built-up  Area,Ready To Move,Electronic City Phase II,2 BHK,1253.0,2,1,65.8,2,5251.4,5251.4
Super built-up  Area,18-May,Electronic City Phase II,2 BHK,1160.0,2,1,33.5,2,2887.93,2887.93
Super built-up  Area,Ready To Move,Electronic City Phase II,3 BHK,975.0,2,2,45.0,3,4615.38,4615.38
Plot  Area,18-Mar,Electronic City Phase II,4 Bedroom,6000.0,4,1,260.0,4,4333.33,4333.33
Super built-up  Area,Ready To Move,Electronic City Phase II,2 BHK,1116.0,2,2,37.0,2,3315.41,3315.41
Built-up  Area,18-Aug,Electronic City Phase II,2 BHK,1125.0,2,1,29.25,2,2600.0,2600.0
Super built-up  Area,18-May,Electronic City Phase II,2 BHK,1000.0,2,1,28.88,2,2888.0,2888.0
Super built-up  Area,18-Aug,Electronic City Phase II,2 BHK,1000.0,2,1,28.88,2,2888.0,2888.0
Built-up  Area,18-Dec,Electronic City Phase II,2 BHK,1000.0,2,1,28.88,2,2888.0,2888.0
Built-up  Area,18-Jul,Electronic City Phase II,2 BHK,1165.0,2,1,30.29,2,2600.0,2600.0
Built-up  Area,Ready To Move,Electronic City Phase II,4 Bedroom,3550.0,4,1,167.5,4,4718.31,4718.31
Super built-up  Area,Ready To Move,Electronic City Phase II,2 BHK,1031.0,2,1,53.0,2,5140.64,5140.64
Built-up  Area,18-Aug,Electronic City Phase II,2 BHK,1065.0,2,1,30.88,2,2899.53,2899.53
Super built-up  Area,Ready To Move,Electronic City Phase II,3 BHK,1549.0,3,2,80.0,3,5164.62,5164.62
Super built-up  Area,Ready To Move,Electronic City Phase II,2 BHK,1065.0,2,1,56.13,2,5270.42,5270.42
Super built-up  Area,Ready To Move,Electronic City Phase II,2 BHK,920.0,2,2,26.0,2,2826.09,2826.09
Super built-up  Area,18-Apr,Electronic City Phase II,2 BHK,1140.0,2,1,33.84,2,2968.42,2968.42
Super built-up  Area,Ready To Move,Electronic City Phase II,2 BHK,1219.0,2,1,61.26,2,5025.43,5025.43
Built-up  Area,16-Oct,Electronic City Phase II,3 BHK,1252.0,2,3,65.0,3,5191.69,5191.69
Built-up  Area,18-Aug,Electronic City Phase II,2 BHK,1125.0,2,1,32.49,2,2888.0,2888.0
Super built-up  Area,Ready To Move,Electronic City Phase II,2 BHK,1286.0,2,2,69.0,2,5365.47,5365.47
Super built-up  Area,18-May,Electronic City Phase II,2 BHK,1140.0,2,1,32.92,2,2887.72,2887.72
Super built-up  Area,18-May,Electronic City Phase II,2 BHK,1116.0,2,2,40.0,2,3584.23,3584.23
Built-up  Area,Ready To Move,Electronic City Phase II,3 BHK,1150.0,3,3,46.0,3,4000.0,4000.0
Super built-up  Area,Ready To Move,Electronic City Phase II,3 BHK,1192.0,2,3,47.0,3,3942.95,3942.95
Super built-up  Area,Ready To Move,Electronic City Phase II,2 BHK,1020.0,2,2,32.0,2,3137.25,3137.25
Built-up  Area,Ready To Move,Electronic City Phase II,4 Bedroom,1900.0,3,1,97.0,4,5105.26,5105.26
Super built-up  Area,18-Jul,Electronic City Phase II,2 BHK,1020.0,2,1,27.43,2,2689.22,2689.22
Built-up  Area,18-Jul,Electronic City Phase II,2 BHK,1025.0,2,1,26.65,2,2600.0,2600.0
Built-up  Area,18-Aug,Electronic City Phase II,2 BHK,1020.0,2,1,29.45,2,2887.25,2887.25
Built-up  Area,18-Aug,Electronic City Phase II,2 BHK,1000.0,2,1,28.88,2,2888.0,2888.0
Super built-up  Area,18-Jul,Electronic City Phase II,2 BHK,1140.0,2,2,28.5,2,2500.0,2500.0
Super built-up  Area,18-May,Electronic City Phase II,2 BHK,1125.0,2,1,32.49,2,2888.0,2888.0
Super built-up  Area,18-May,Electronic City Phase II,2 BHK,1200.0,2,1,34.65,2,2887.5,2887.5
Super built-up  Area,18-May,Electronic City Phase II,2 BHK,1160.0,2,1,52.2,2,4500.0,4500.0
Super built-up  Area,18-Jun,Electronic City Phase II,2 BHK,1244.0,2,1,55.0,2,4421.22,4421.22
Built-up  Area,18-Aug,Electronic City Phase II,2 BHK,1160.0,2,1,33.51,2,2888.79,2888.79
Super built-up  Area,18-May,Electronic City Phase II,2 BHK,972.0,2,1,40.0,2,4115.23,4115.23
Built-up  Area,18-Dec,Electronic City Phase II,2 BHK,1160.0,2,1,33.51,2,2888.79,2888.79
Built-up  Area,18-Jul,Electronic City Phase II,2 BHK,1090.0,2,1,31.48,2,2888.07,2888.07
Built-up  Area,18-Aug,Electronic City Phase II,2 BHK,1140.0,2,1,32.92,2,2887.72,2887.72
Super built-up  Area,Ready To Move,Electronic City Phase II,1 BHK,650.0,1,1,35.0,1,5384.62,5384.62
Built-up  Area,Ready To Move,Electronic City Phase II,2 BHK,1155.0,2,1,57.0,2,4935.06,4935.06
Super built-up  Area,Ready To Move,Electronic City Phase II,3 BHK,1800.0,3,3,92.0,3,5111.11,5111.11
Built-up  Area,Ready To Move,Electronic City Phase II,2 BHK,1300.0,2,2,28.0,2,2153.85,2153.85
Super built-up  Area,18-May,Electronic City Phase II,2 BHK,1160.0,2,1,33.5,2,2887.93,2887.93
Built-up  Area,18-Aug,Electronic City Phase II,2 BHK,1025.0,2,1,29.6,2,2887.8,2887.8
Super built-up  Area,19-Aug,Electronic City Phase II,2 BHK,829.0,2,1,22.8,2,2750.3,2750.3
Super built-up  Area,18-May,Electronic City Phase II,4 BHK,2187.5,4,0,105.0,4,4800.0,4800.0
Super built-up  Area,Ready To Move,Electronic City Phase II,2 BHK,1252.0,2,1,67.0,2,5351.44,5351.44
Built-up  Area,18-Dec,Electronic City Phase II,2 BHK,1125.0,2,1,32.63,2,2900.44,2900.44
Super built-up  Area,18-Apr,Electronic City Phase II,2 BHK,1140.0,2,1,34.0,2,2982.46,2982.46
Super built-up  Area,Ready To Move,Electronic City Phase II,3 BHK,1252.0,2,1,65.0,3,5191.69,5191.69
Super built-up  Area,Ready To Move,Electronic City Phase II,2 BHK,1135.0,2,2,46.0,2,4052.86,4052.86
Super built-up  Area,Ready To Move,Electronic City Phase II,3 BHK,1305.0,3,1,65.0,3,4980.84,4980.84
Built-up  Area,18-Aug,Electronic City Phase II,2 BHK,1165.0,2,1,33.64,2,2887.55,2887.55
Super built-up  Area,18-May,Electronic City Phase II,3 BHK,1336.0,2,3,50.35,3,3768.71,3768.71
Built-up  Area,Ready To Move,Electronic City Phase II,1 BHK,575.0,1,1,16.75,1,2913.04,2913.04
Super built-up  Area,Ready To Move,Electronic City Phase II,3 BHK,925.0,2,1,49.82,3,5385.95,5385.95
Built-up  Area,18-Dec,Electronic City Phase II,2 BHK,1065.0,2,1,30.76,2,2888.26,2888.26
Built-up  Area,18-Aug,Electronic City Phase II,2 BHK,1065.0,2,1,30.75,2,2887.32,2887.32
Built-up  Area,18-Dec,Electronic City Phase II,2 BHK,1140.0,2,1,33.06,2,2900.0,2900.0
Super built-up  Area,Ready To Move,Electronic City Phase II,2 BHK,911.0,2,1,26.5,2,2908.89,2908.89
Built-up  Area,18-Aug,Electronic City Phase II,2 BHK,1200.0,2,1,34.65,2,2887.5,2887.5
Super built-up  Area,Ready To Move,Electronic City Phase II,2 BHK,1031.0,2,1,54.48,2,5284.19,5284.19
Super built-up  Area,Ready To Move,Electronics City Phase 1,3 BHK,1475.0,3,2,78.29,3,5307.8,5307.8
Built-up  Area,Ready To Move,Electronics City Phase 1,3 BHK,1490.0,3,1,78.8,3,5288.59,5288.59
Super built-up  Area,Ready To Move,Electronics City Phase 1,2 BHK,1113.27,2,2,53.0,2,4760.75,4760.75
Super built-up  Area,Ready To Move,Electronics City Phase 1,3 BHK,1490.0,3,1,84.0,3,5637.58,5637.58
Built-up  Area,Ready To Move,Electronics City Phase 1,2 BHK,1015.0,2,1,56.0,2,5517.24,5517.24
Super built-up  Area,Ready To Move,Electronics City Phase 1,3 BHK,1515.0,2,1,80.91,3,5340.59,5340.59
Built-up  Area,Ready To Move,Electronics City Phase 1,2 BHK,995.0,2,0,46.0,2,4623.12,4623.12
Super built-up  Area,Ready To Move,Electronics City Phase 1,3 BHK,1555.0,2,1,82.0,3,5273.31,5273.31
Built-up  Area,18-Jul,Electronics City Phase 1,2 BHK,1340.0,2,2,75.0,2,5597.01,5597.01
Super built-up  Area,Ready To Move,Electronics City Phase 1,3 BHK,1124.0,2,2,55.0,3,4893.24,4893.24
Super built-up  Area,18-May,Electronics City Phase 1,2 BHK,1175.0,2,1,57.0,2,4851.06,4851.06
Super built-up  Area,18-Dec,Electronics City Phase 1,1 BHK,755.0,1,1,42.41,1,5617.22,5617.22
Built-up  Area,Ready To Move,Electronics City Phase 1,1 BHK,580.0,1,1,27.0,1,4655.17,4655.17
Built-up  Area,Ready To Move,Electronics City Phase 1,2 BHK,940.0,2,2,49.0,2,5212.77,5212.77
Super built-up  Area,19-Dec,Electronics City Phase 1,2 BHK,1335.0,2,2,67.0,2,5018.73,5018.73
Super built-up  Area,Ready To Move,Electronics City Phase 1,2 BHK,1113.12,2,2,55.0,2,4941.07,4941.07
Built-up  Area,Ready To Move,Electronics City Phase 1,3 BHK,1350.0,3,0,71.0,3,5259.26,5259.26
Super built-up  Area,Ready To Move,Electronics City Phase 1,2 BHK,995.0,2,1,49.8,2,5005.03,5005.03
Built-up  Area,Ready To Move,Electronics City Phase 1,1 BHK,635.0,1,0,26.0,1,4094.49,4094.49
Super built-up  Area,18-May,Electronics City Phase 1,2 BHK,1190.0,2,1,68.0,2,5714.29,5714.29
Super built-up  Area,19-Dec,Electronics City Phase 1,3 BHK,1450.0,3,2,72.54,3,5002.76,5002.76
Super built-up  Area,Ready To Move,Electronics City Phase 1,1 RK,360.0,1,0,16.9,1,4694.44,4694.44
Built-up  Area,Ready To Move,Electronics City Phase 1,1 BHK,638.0,1,1,32.0,1,5015.67,5015.67
Super built-up  Area,18-Dec,Electronics City Phase 1,2 BHK,1175.0,2,2,64.98,2,5530.21,5530.21
Super built-up  Area,Ready To Move,Electronics City Phase 1,1 BHK,585.0,1,1,21.0,1,3589.74,3589.74
Super built-up  Area,19-Dec,Electronics City Phase 1,2 BHK,1200.0,2,2,59.76,2,4980.0,4980.0
Super built-up  Area,18-Mar,Electronics City Phase 1,2 BHK,1145.0,2,1,54.0,2,4716.16,4716.16
Super built-up  Area,Ready To Move,Electronics City Phase 1,2 BHK,1125.0,2,2,65.0,2,5777.78,5777.78
Super built-up  Area,Ready To Move,Electronics City Phase 1,3 BHK,1550.0,2,2,82.0,3,5290.32,5290.32
Built-up  Area,Ready To Move,Electronics City Phase 1,2 BHK,865.0,2,0,40.0,2,4624.28,4624.28
Super built-up  Area,Ready To Move,Electronics City Phase 1,3 BHK,1800.0,3,2,93.0,3,5166.67,5166.67
Super built-up  Area,18-Jul,Electronics City Phase 1,2 BHK,1314.0,2,2,60.0,2,4566.21,4566.21
Super built-up  Area,18-Apr,Electronics City Phase 1,2 BHK,1170.0,2,1,62.0,2,5299.15,5299.15
Super built-up  Area,18-Dec,Electronics City Phase 1,3 BHK,1450.0,3,2,79.0,3,5448.28,5448.28
Super built-up  Area,Ready To Move,Electronics City Phase 1,2 BHK,940.0,2,1,48.0,2,5106.38,5106.38
Super built-up  Area,17-May,Electronics City Phase 1,2 BHK,940.0,2,1,44.0,2,4680.85,4680.85
Super built-up  Area,Ready To Move,Electronics City Phase 1,2 BHK,1300.0,2,1,67.0,2,5153.85,5153.85
Built-up  Area,Ready To Move,Electronics City Phase 1,2 BHK,1028.0,2,1,51.0,2,4961.09,4961.09
Super built-up  Area,18-May,Electronics City Phase 1,2 BHK,1205.0,2,2,60.0,2,4979.25,4979.25
Super built-up  Area,18-Jun,Electronics City Phase 1,2 BHK,1305.0,2,1,67.0,2,5134.1,5134.1
Super built-up  Area,Ready To Move,Electronics City Phase 1,1 BHK,755.0,1,0,30.12,1,3989.4,3989.4
Super built-up  Area,Ready To Move,Electronics City Phase 1,2 BHK,1175.0,2,1,60.0,2,5106.38,5106.38
Super built-up  Area,Ready To Move,Frazer Town,3 BHK,1700.0,3,1,180.0,3,10588.24,10588.24
Built-up  Area,Ready To Move,Frazer Town,3 BHK,1305.0,3,1,95.45,3,7314.18,7314.18
Super built-up  Area,Ready To Move,Frazer Town,3 BHK,1870.0,3,3,185.0,3,9893.05,9893.05
Super built-up  Area,Ready To Move,Frazer Town,3 BHK,1750.0,3,2,150.0,3,8571.43,8571.43
Super built-up  Area,Ready To Move,Frazer Town,3 BHK,2000.0,3,1,200.0,3,10000.0,10000.0
Built-up  Area,Ready To Move,Frazer Town,3 BHK,3500.0,4,2,330.0,3,9428.57,9428.57
Super built-up  Area,Ready To Move,Frazer Town,3 BHK,2350.0,4,3,285.0,3,12127.66,12127.66
Super built-up  Area,Ready To Move,Frazer Town,2 BHK,1550.0,2,2,140.0,2,9032.26,9032.26
Built-up  Area,Ready To Move,Frazer Town,3 BHK,1900.0,4,2,145.0,3,7631.58,7631.58
Super built-up  Area,Ready To Move,Frazer Town,3 BHK,2560.0,3,2,265.0,3,10351.56,10351.56
Super built-up  Area,Ready To Move,Frazer Town,3 BHK,2400.0,3,2,260.0,3,10833.33,10833.33
Super built-up  Area,Ready To Move,Frazer Town,3 BHK,2560.0,3,1,288.0,3,11250.0,11250.0
Built-up  Area,Ready To Move,Frazer Town,4 BHK,3436.0,5,1,341.0,4,9924.33,9924.33
Built-up  Area,Ready To Move,Frazer Town,2 BHK,1315.0,2,2,140.0,2,10646.39,10646.39
Super built-up  Area,Ready To Move,Frazer Town,3 BHK,1706.0,3,3,154.0,3,9026.96,9026.96
Built-up  Area,18-Apr,Frazer Town,3 BHK,2079.0,3,3,220.0,3,10582.01,10582.01
Built-up  Area,Ready To Move,Frazer Town,4 BHK,3435.0,2,1,341.0,4,9927.22,9927.22
Super built-up  Area,Ready To Move,Frazer Town,4 BHK,3436.0,5,1,345.0,4,10040.75,10040.75
Super built-up  Area,Ready To Move,Frazer Town,3 BHK,3100.0,3,1,400.0,3,12903.23,12903.23
Super built-up  Area,Ready To Move,Frazer Town,3 BHK,5400.0,3,2,400.0,3,7407.41,7407.41
Super built-up  Area,Ready To Move,Frazer Town,2 BHK,1180.0,2,1,105.0,2,8898.31,8898.31
Super built-up  Area,Ready To Move,Frazer Town,4 BHK,2900.0,4,2,325.0,4,11206.9,11206.9
Super built-up  Area,Ready To Move,Frazer Town,3 BHK,1870.0,3,3,180.0,3,9625.67,9625.67
Plot  Area,Ready To Move,Frazer Town,1 Bedroom,896.0,1,0,100.0,1,11160.71,11160.71
Built-up  Area,Ready To Move,Frazer Town,2 BHK,1420.0,2,0,120.0,2,8450.7,8450.7
Super built-up  Area,Ready To Move,GM Palaya,3 BHK,1820.0,2,3,86.0,3,4725.27,4725.27
Super built-up  Area,18-May,GM Palaya,2 BHK,1225.0,2,2,47.0,2,3836.73,3836.73
Super built-up  Area,18-Mar,GM Palaya,2 BHK,1140.0,2,2,48.95,2,4293.86,4293.86
Built-up  Area,Ready To Move,GM Palaya,3 BHK,1315.0,2,2,65.0,3,4942.97,4942.97
Super built-up  Area,Ready To Move,GM Palaya,3 BHK,1315.0,3,1,65.0,3,4942.97,4942.97
Super built-up  Area,Ready To Move,GM Palaya,3 BHK,1315.0,3,0,64.0,3,4866.92,4866.92
Built-up  Area,Ready To Move,GM Palaya,3 BHK,1735.0,3,2,70.0,3,4034.58,4034.58
Super built-up  Area,Ready To Move,GM Palaya,3 BHK,1643.0,2,2,70.0,3,4260.5,4260.5
Super built-up  Area,Ready To Move,Garudachar Palya,3 BHK,1325.0,2,2,60.8,3,4588.68,4588.68
Super built-up  Area,Ready To Move,Garudachar Palya,2 BHK,1060.0,2,1,48.7,2,4594.34,4594.34
Super built-up  Area,Ready To Move,Garudachar Palya,2 BHK,1150.0,2,1,52.75,2,4586.96,4586.96
Super built-up  Area,Ready To Move,Garudachar Palya,3 BHK,1295.0,2,1,59.5,3,4594.59,4594.59
Super built-up  Area,Ready To Move,Garudachar Palya,3 BHK,1320.0,2,2,60.6,3,4590.91,4590.91
Super built-up  Area,Ready To Move,Garudachar Palya,3 BHK,1295.0,2,2,59.5,3,4594.59,4594.59
Super built-up  Area,Ready To Move,Garudachar Palya,2 BHK,1150.0,2,2,52.8,2,4591.3,4591.3
Super built-up  Area,Ready To Move,Garudachar Palya,2 BHK,1150.0,2,1,52.8,2,4591.3,4591.3
Super built-up  Area,Ready To Move,Garudachar Palya,2 BHK,1060.0,2,1,48.5,2,4575.47,4575.47
Super built-up  Area,Ready To Move,Garudachar Palya,2 BHK,1150.0,2,1,52.5,2,4565.22,4565.22
Super built-up  Area,Ready To Move,Garudachar Palya,3 BHK,1325.0,2,2,60.8,3,4588.68,4588.68
Super built-up  Area,Ready To Move,Garudachar Palya,2 BHK,1060.0,2,1,48.66,2,4590.57,4590.57
Super built-up  Area,Ready To Move,Garudachar Palya,2 BHK,1150.0,2,2,52.0,2,4521.74,4521.74
Super built-up  Area,Ready To Move,Garudachar Palya,2 BHK,1154.0,2,1,51.8,2,4488.73,4488.73
Plot  Area,Ready To Move,Giri Nagar,4 Bedroom,2400.0,4,1,400.0,4,16666.67,16666.67
Plot  Area,Ready To Move,Giri Nagar,3 Bedroom,1800.0,3,2,252.0,3,14000.0,14000.0
Plot  Area,Ready To Move,Giri Nagar,3 Bedroom,1350.0,3,0,240.0,3,17777.78,17777.78
Plot  Area,Ready To Move,Giri Nagar,4 Bedroom,2400.0,4,2,400.0,4,16666.67,16666.67
Built-up  Area,Ready To Move,Giri Nagar,6 Bedroom,3000.0,4,1,375.0,6,12500.0,12500.0
Plot  Area,Ready To Move,Giri Nagar,6 Bedroom,2400.0,6,1,400.0,6,16666.67,16666.67
Plot  Area,Ready To Move,Giri Nagar,4 Bedroom,4000.0,3,2,750.0,4,18750.0,18750.0
Built-up  Area,Ready To Move,Gollarapalya Hosahalli,2 BHK,861.0,2,1,34.5,2,4006.97,4006.97
Super built-up  Area,Ready To Move,Gollarapalya Hosahalli,3 BHK,1408.0,3,3,62.0,3,4403.41,4403.41
Built-up  Area,Ready To Move,Gollarapalya Hosahalli,2 BHK,861.0,2,1,34.5,2,4006.97,4006.97
Super built-up  Area,Ready To Move,Gollarapalya Hosahalli,3 BHK,1318.0,3,1,54.0,3,4097.12,4097.12
Built-up  Area,Ready To Move,Gollarapalya Hosahalli,2 BHK,861.0,2,0,36.5,2,4239.26,4239.26
Super built-up  Area,Ready To Move,Gollarapalya Hosahalli,3 BHK,1320.0,3,2,60.0,3,4545.45,4545.45
Built-up  Area,Ready To Move,Gollarapalya Hosahalli,3 BHK,1345.0,3,2,60.0,3,4460.97,4460.97
Built-up  Area,Ready To Move,Gollarapalya Hosahalli,4 BHK,1905.0,3,1,86.0,4,4514.44,4514.44
Super built-up  Area,Ready To Move,Gollarapalya Hosahalli,3 BHK,1318.0,3,2,56.0,3,4248.86,4248.86
Super built-up  Area,Ready To Move,Gollarapalya Hosahalli,2 BHK,1129.0,2,1,50.0,2,4428.7,4428.7
Built-up  Area,Ready To Move,Gottigere,2 BHK,1100.0,2,2,40.0,2,3636.36,3636.36
Built-up  Area,Ready To Move,Gottigere,2 BHK,967.0,2,3,45.0,2,4653.57,4653.57
Super built-up  Area,Ready To Move,Gottigere,3 BHK,1618.0,3,3,82.5,3,5098.89,5098.89
Super built-up  Area,Ready To Move,Gottigere,2 BHK,1222.0,2,1,63.0,2,5155.48,5155.48
Super built-up  Area,Ready To Move,Gottigere,3 BHK,1300.0,3,3,65.0,3,5000.0,5000.0
Super built-up  Area,Ready To Move,Gottigere,2 BHK,950.0,2,1,38.0,2,4000.0,4000.0
Super built-up  Area,Ready To Move,Gottigere,2 BHK,1153.0,2,1,48.5,2,4206.42,4206.42
Plot  Area,Ready To Move,Gottigere,1 Bedroom,812.0,1,0,26.0,1,3201.97,3201.97
Super built-up  Area,Ready To Move,Gottigere,3 BHK,1460.0,2,2,65.0,3,4452.05,4452.05
Super built-up  Area,Ready To Move,Gottigere,3 BHK,1500.0,3,2,70.0,3,4666.67,4666.67
Super built-up  Area,Ready To Move,Gottigere,3 BHK,1621.0,3,3,72.0,3,4441.7,4441.7
Plot  Area,Ready To Move,Gottigere,1 Bedroom,812.0,1,1,26.0,1,3201.97,3201.97
Super built-up  Area,Ready To Move,Gottigere,2 BHK,990.0,2,1,40.0,2,4040.4,4040.4
Super built-up  Area,Ready To Move,Gottigere,2 BHK,1235.0,2,2,63.0,2,5101.21,5101.21
Super built-up  Area,Ready To Move,Gottigere,3 BHK,1385.0,3,2,64.0,3,4620.94,4620.94
Super built-up  Area,Ready To Move,Gottigere,2 BHK,1000.0,2,1,35.0,2,3500.0,3500.0
Super built-up  Area,Ready To Move,Gottigere,2 BHK,1010.0,2,1,35.0,2,3465.35,3465.35
Super built-up  Area,Ready To Move,Gottigere,3 BHK,1435.0,2,3,62.0,3,4320.56,4320.56
Built-up  Area,Ready To Move,Gottigere,2 BHK,945.0,2,0,45.0,2,4761.9,4761.9
Plot  Area,Ready To Move,Gottigere,4 Bedroom,2500.0,3,2,120.0,4,4800.0,4800.0
Super built-up  Area,Ready To Move,Gottigere,3 BHK,1230.0,2,2,52.0,3,4227.64,4227.64
Super built-up  Area,Ready To Move,Gottigere,2 BHK,1120.0,2,2,50.0,2,4464.29,4464.29
Super built-up  Area,Ready To Move,Gottigere,3 BHK,1500.0,3,2,63.0,3,4200.0,4200.0
Super built-up  Area,Ready To Move,Gottigere,2 BHK,1200.0,2,3,40.0,2,3333.33,3333.33
Super built-up  Area,Ready To Move,Gottigere,2 BHK,1280.0,2,1,61.0,2,4765.62,4765.62
Super built-up  Area,Ready To Move,Gottigere,2 BHK,1205.0,2,1,56.58,2,4695.44,4695.44
Super built-up  Area,Ready To Move,Gottigere,2 BHK,1170.0,2,2,40.0,2,3418.8,3418.8
Built-up  Area,Ready To Move,Gottigere,4 Bedroom,3000.0,3,0,132.0,4,4400.0,4400.0
Super built-up  Area,Ready To Move,Gottigere,3 BHK,1613.0,3,3,72.0,3,4463.73,4463.73
Super built-up  Area,Ready To Move,Gottigere,2 BHK,1110.0,2,2,36.25,2,3265.77,3265.77
Super built-up  Area,Ready To Move,Gottigere,2 BHK,1245.0,2,2,59.0,2,4738.96,4738.96
Super built-up  Area,Ready To Move,Gottigere,2 BHK,1200.0,2,2,50.0,2,4166.67,4166.67
Built-up  Area,Ready To Move,Green Glen Layout,3 BHK,1670.0,3,2,120.0,3,7185.63,7185.63
Super built-up  Area,Ready To Move,Green Glen Layout,4 BHK,3250.0,4,3,230.0,4,7076.92,7076.92
Super built-up  Area,Ready To Move,Green Glen Layout,3 BHK,1776.42,3,2,105.0,3,5910.76,5910.76
Super built-up  Area,Ready To Move,Green Glen Layout,4 BHK,3250.0,4,1,230.0,4,7076.92,7076.92
Built-up  Area,Ready To Move,Green Glen Layout,2 BHK,940.0,2,1,56.8,2,6042.55,6042.55
Built-up  Area,Ready To Move,Green Glen Layout,2 BHK,1075.0,2,1,60.0,2,5581.4,5581.4
Super built-up  Area,Ready To Move,Green Glen Layout,3 BHK,1715.0,3,2,115.0,3,6705.54,6705.54
Super built-up  Area,Ready To Move,Green Glen Layout,3 BHK,1751.0,2,1,115.0,3,6567.68,6567.68
Super built-up  Area,Ready To Move,Green Glen Layout,3 BHK,1750.0,3,2,130.0,3,7428.57,7428.57
Super built-up  Area,Ready To Move,Green Glen Layout,3 BHK,1530.0,3,2,105.0,3,6862.75,6862.75
Super built-up  Area,Ready To Move,Green Glen Layout,3 BHK,1752.0,3,2,105.0,3,5993.15,5993.15
Super built-up  Area,Ready To Move,Green Glen Layout,3 BHK,1680.0,4,3,95.0,3,5654.76,5654.76
Super built-up  Area,Ready To Move,Green Glen Layout,3 BHK,1728.0,3,2,125.0,3,7233.8,7233.8
Super built-up  Area,Ready To Move,Green Glen Layout,3 BHK,1645.0,3,2,110.0,3,6686.93,6686.93
Super built-up  Area,Ready To Move,Green Glen Layout,3 BHK,1517.0,3,3,100.0,3,6591.96,6591.96
Super built-up  Area,Ready To Move,Green Glen Layout,4 BHK,3150.0,4,3,218.0,4,6920.63,6920.63
Super built-up  Area,Ready To Move,Green Glen Layout,3 BHK,1750.0,3,2,120.0,3,6857.14,6857.14
Super built-up  Area,Ready To Move,Green Glen Layout,3 BHK,1751.0,3,2,115.0,3,6567.68,6567.68
Super built-up  Area,Ready To Move,Green Glen Layout,3 BHK,1750.0,3,2,105.0,3,6000.0,6000.0
Super built-up  Area,Ready To Move,Green Glen Layout,3 BHK,1885.0,3,2,135.0,3,7161.8,7161.8
Super built-up  Area,Ready To Move,Green Glen Layout,3 BHK,1715.0,3,3,120.0,3,6997.08,6997.08
Super built-up  Area,Ready To Move,Green Glen Layout,3 BHK,1623.29,2,2,105.0,3,6468.35,6468.35
Super built-up  Area,Ready To Move,Green Glen Layout,3 BHK,1715.0,3,3,115.0,3,6705.54,6705.54
Super built-up  Area,Ready To Move,Green Glen Layout,3 BHK,1715.0,3,2,105.0,3,6122.45,6122.45
Built-up  Area,Ready To Move,Green Glen Layout,3 BHK,1600.0,3,3,105.0,3,6562.5,6562.5
Super built-up  Area,Ready To Move,Green Glen Layout,3 BHK,1717.0,3,3,125.0,3,7280.14,7280.14
Built-up  Area,Ready To Move,Green Glen Layout,2 BHK,1250.0,2,0,75.0,2,6000.0,6000.0
Super built-up  Area,Ready To Move,Green Glen Layout,3 BHK,1715.0,3,3,112.0,3,6530.61,6530.61
Super built-up  Area,Ready To Move,Gubbalala,3 BHK,1470.0,2,2,82.0,3,5578.23,5578.23
Super built-up  Area,Ready To Move,Gubbalala,3 BHK,1745.0,3,2,104.0,3,5959.89,5959.89
Super built-up  Area,Ready To Move,Gubbalala,3 BHK,1745.0,3,2,115.0,3,6590.26,6590.26
Super built-up  Area,Ready To Move,Gubbalala,3 BHK,1745.0,3,2,110.0,3,6303.72,6303.72
Super built-up  Area,Ready To Move,Gubbalala,3 BHK,1650.0,3,2,71.0,3,4303.03,4303.03
Built-up  Area,Ready To Move,Gubbalala,5 BHK,2570.0,4,1,141.0,5,5486.38,5486.38
Super built-up  Area,Ready To Move,Gubbalala,2 BHK,1205.0,2,2,70.0,2,5809.13,5809.13
Super built-up  Area,Ready To Move,Gubbalala,3 BHK,1435.0,2,2,80.0,3,5574.91,5574.91
Super built-up  Area,Ready To Move,Gubbalala,2 BHK,1475.0,2,2,80.0,2,5423.73,5423.73
Super built-up  Area,Ready To Move,Gubbalala,2 BHK,1100.0,2,2,49.5,2,4500.0,4500.0
Super built-up  Area,Ready To Move,Gubbalala,2 BHK,1060.0,2,1,46.0,2,4339.62,4339.62
Super built-up  Area,Ready To Move,Gubbalala,3 BHK,2000.0,3,3,125.0,3,6250.0,6250.0
Super built-up  Area,18-Apr,Gunjur,2 BHK,1140.0,2,3,43.0,2,3771.93,3771.93
Super built-up  Area,Ready To Move,Gunjur,3 BHK,1356.0,2,3,66.0,3,4867.26,4867.26
Built-up  Area,Ready To Move,Gunjur,3 BHK,1600.0,3,3,75.0,3,4687.5,4687.5
Plot  Area,Ready To Move,Gunjur,4 Bedroom,2000.0,3,0,95.0,4,4750.0,4750.0
Super built-up  Area,18-Aug,Gunjur,2 BHK,1140.0,2,2,49.11,2,4307.89,4307.89
Super built-up  Area,Ready To Move,Gunjur,2 BHK,1195.0,2,2,44.0,2,3682.01,3682.01
Built-up  Area,Ready To Move,Gunjur,2 BHK,1190.0,2,2,40.0,2,3361.34,3361.34
Built-up  Area,18-Mar,Gunjur,2 BHK,1457.0,2,3,60.0,2,4118.05,4118.05
Super built-up  Area,Ready To Move,Gunjur,2 BHK,1080.0,2,2,41.0,2,3796.3,3796.3
Super built-up  Area,Ready To Move,Gunjur,2 BHK,1175.0,2,2,43.48,2,3700.43,3700.43
Super built-up  Area,Ready To Move,Gunjur,3 BHK,1362.0,3,2,62.63,3,4598.38,4598.38
Super built-up  Area,Ready To Move,Gunjur,2 BHK,1071.0,2,1,51.0,2,4761.9,4761.9
Super built-up  Area,Ready To Move,Gunjur,2 BHK,1063.0,2,2,40.0,2,3762.94,3762.94
Super built-up  Area,18-Aug,Gunjur,2 BHK,1235.0,2,2,52.76,2,4272.06,4272.06
Super built-up  Area,Ready To Move,Gunjur,3 BHK,1362.0,3,1,62.63,3,4598.38,4598.38
Super built-up  Area,Ready To Move,Gunjur,3 BHK,1362.0,3,1,62.63,3,4598.38,4598.38
Super built-up  Area,Ready To Move,Gunjur,3 BHK,1588.0,2,3,90.0,3,5667.51,5667.51
Super built-up  Area,18-May,Gunjur,2 BHK,1235.0,2,2,44.5,2,3603.24,3603.24
Super built-up  Area,Ready To Move,Gunjur,2 BHK,1457.0,2,3,60.0,2,4118.05,4118.05
Super built-up  Area,Ready To Move,HAL 2nd Stage,3 BHK,1490.0,2,2,300.0,3,20134.23,20134.23
Plot  Area,17-Dec,HAL 2nd Stage,2 Bedroom,600.0,3,2,145.0,2,24166.67,24166.67
Plot  Area,Ready To Move,HAL 2nd Stage,3 Bedroom,2700.0,3,0,500.0,3,18518.52,18518.52
Plot  Area,Ready To Move,HAL 2nd Stage,5 Bedroom,2040.0,4,1,500.0,5,24509.8,24509.8
Built-up  Area,Ready To Move,HBR Layout,3 BHK,2800.0,2,0,200.0,3,7142.86,7142.86
Super built-up  Area,Ready To Move,HBR Layout,3 BHK,1722.0,3,1,95.0,3,5516.84,5516.84
Plot  Area,Ready To Move,HBR Layout,4 Bedroom,1200.0,4,0,120.0,4,10000.0,10000.0
Super built-up  Area,Ready To Move,HBR Layout,2 BHK,1200.0,2,2,60.0,2,5000.0,5000.0
Super built-up  Area,Ready To Move,HBR Layout,2 BHK,1004.0,2,1,49.0,2,4880.48,4880.48
Built-up  Area,Ready To Move,HBR Layout,3 BHK,1783.0,3,2,125.0,3,7010.66,7010.66
Super built-up  Area,Ready To Move,HBR Layout,3 BHK,1656.0,3,2,90.0,3,5434.78,5434.78
Super built-up  Area,Ready To Move,HBR Layout,2 BHK,1089.0,2,1,60.0,2,5509.64,5509.64
Super built-up  Area,Ready To Move,HBR Layout,3 BHK,1700.0,3,1,110.0,3,6470.59,6470.59
Built-up  Area,Ready To Move,HBR Layout,2 BHK,1198.0,2,1,65.0,2,5425.71,5425.71
Plot  Area,Ready To Move,HBR Layout,4 Bedroom,1200.0,4,2,115.0,4,9583.33,9583.33
Built-up  Area,Ready To Move,HBR Layout,2 Bedroom,1200.0,2,0,120.0,2,10000.0,10000.0
Super built-up  Area,Ready To Move,HBR Layout,3 BHK,1832.0,3,2,160.0,3,8733.62,8733.62
Built-up  Area,Ready To Move,HRBR Layout,2 BHK,1374.0,2,2,95.0,2,6914.12,6914.12
Built-up  Area,Ready To Move,HRBR Layout,2 BHK,1440.0,2,2,98.0,2,6805.56,6805.56
Super built-up  Area,Ready To Move,HRBR Layout,3 BHK,2800.0,3,2,250.0,3,8928.57,8928.57
Super built-up  Area,Ready To Move,HRBR Layout,2 BHK,1210.0,2,1,75.0,2,6198.35,6198.35
Super built-up  Area,Ready To Move,HRBR Layout,2 BHK,1265.0,2,1,78.0,2,6166.01,6166.01
Super built-up  Area,Ready To Move,HRBR Layout,2 BHK,1170.0,2,2,75.0,2,6410.26,6410.26
Built-up  Area,Ready To Move,HRBR Layout,4 BHK,1900.0,3,1,90.0,4,4736.84,4736.84
Super built-up  Area,Ready To Move,HRBR Layout,3 BHK,1625.0,3,2,120.0,3,7384.62,7384.62
Super built-up  Area,21-Dec,HRBR Layout,2 BHK,1301.0,2,1,120.0,2,9223.67,9223.67
Super built-up  Area,Ready To Move,HRBR Layout,2 BHK,1145.0,2,2,68.5,2,5982.53,5982.53
Built-up  Area,Ready To Move,HRBR Layout,2 BHK,1300.0,2,3,90.0,2,6923.08,6923.08
Super built-up  Area,Ready To Move,HSR Layout,2 BHK,1372.0,2,1,68.0,2,4956.27,4956.27
Super built-up  Area,Ready To Move,HSR Layout,3 BHK,1475.0,3,2,75.0,3,5084.75,5084.75
Built-up  Area,Ready To Move,HSR Layout,2 BHK,1467.0,2,1,55.0,2,3749.15,3749.15
Super built-up  Area,Ready To Move,HSR Layout,2 BHK,1140.0,2,2,46.0,2,4035.09,4035.09
Super built-up  Area,Ready To Move,HSR Layout,2 BHK,1372.0,2,1,61.0,2,4446.06,4446.06
Super built-up  Area,Ready To Move,HSR Layout,3 BHK,1750.0,3,2,95.0,3,5428.57,5428.57
Super built-up  Area,Ready To Move,HSR Layout,2 BHK,1027.0,2,2,44.0,2,4284.32,4284.32
Super built-up  Area,Ready To Move,HSR Layout,3 BHK,1650.0,3,2,110.0,3,6666.67,6666.67
Super built-up  Area,Ready To Move,HSR Layout,2 BHK,1140.0,2,2,46.0,2,4035.09,4035.09
Super built-up  Area,Ready To Move,HSR Layout,2 BHK,1372.0,2,1,61.0,2,4446.06,4446.06
Super built-up  Area,Ready To Move,HSR Layout,2 BHK,1140.0,2,2,46.0,2,4035.09,4035.09
Super built-up  Area,Ready To Move,HSR Layout,2 BHK,1185.0,2,2,60.0,2,5063.29,5063.29
Super built-up  Area,Ready To Move,HSR Layout,2 BHK,1127.0,2,1,68.0,2,6033.72,6033.72
Super built-up  Area,Ready To Move,HSR Layout,3 BHK,1600.0,2,2,115.0,3,7187.5,7187.5
Super built-up  Area,Ready To Move,HSR Layout,2 BHK,1145.0,2,2,48.0,2,4192.14,4192.14
Super built-up  Area,Ready To Move,HSR Layout,2 BHK,1009.0,2,2,56.0,2,5550.05,5550.05
Super built-up  Area,Ready To Move,HSR Layout,2 BHK,1300.0,2,2,98.0,2,7538.46,7538.46
Super built-up  Area,Ready To Move,HSR Layout,2 BHK,1140.0,2,2,46.0,2,4035.09,4035.09
Built-up  Area,Ready To Move,HSR Layout,2 BHK,1126.0,2,1,69.0,2,6127.89,6127.89
Super built-up  Area,Ready To Move,HSR Layout,2 BHK,1140.0,2,2,46.0,2,4035.09,4035.09
Super built-up  Area,Ready To Move,HSR Layout,2 BHK,1145.0,2,2,46.0,2,4017.47,4017.47
Super built-up  Area,Ready To Move,HSR Layout,2 BHK,1142.0,2,2,65.0,2,5691.77,5691.77
Super built-up  Area,Ready To Move,HSR Layout,2 BHK,1145.0,2,2,46.0,2,4017.47,4017.47
Super built-up  Area,Ready To Move,HSR Layout,3 BHK,1844.0,3,3,95.0,3,5151.84,5151.84
Built-up  Area,Ready To Move,HSR Layout,2 BHK,1203.0,2,2,72.0,2,5985.04,5985.04
Super built-up  Area,Ready To Move,HSR Layout,2 BHK,1140.0,2,2,46.0,2,4035.09,4035.09
Built-up  Area,Ready To Move,HSR Layout,5 Bedroom,4200.0,5,1,245.0,5,5833.33,5833.33
Super built-up  Area,Ready To Move,HSR Layout,2 BHK,1140.0,2,2,46.0,2,4035.09,4035.09
Super built-up  Area,Ready To Move,HSR Layout,2 BHK,1145.0,2,2,46.0,2,4017.47,4017.47
Super built-up  Area,Ready To Move,HSR Layout,2 BHK,1009.0,2,2,56.0,2,5550.05,5550.05
Built-up  Area,Ready To Move,HSR Layout,2 BHK,1145.0,2,2,46.0,2,4017.47,4017.47
Super built-up  Area,Ready To Move,HSR Layout,2 BHK,1100.0,2,2,44.0,2,4000.0,4000.0
Super built-up  Area,Ready To Move,HSR Layout,2 BHK,1203.0,2,2,60.0,2,4987.53,4987.53
Built-up  Area,Ready To Move,HSR Layout,2 BHK,1120.0,2,1,70.0,2,6250.0,6250.0
Super built-up  Area,Ready To Move,HSR Layout,2 BHK,1140.0,2,2,46.0,2,4035.09,4035.09
Super built-up  Area,Ready To Move,HSR Layout,2 BHK,1289.0,2,1,70.0,2,5430.57,5430.57
Super built-up  Area,Ready To Move,HSR Layout,3 BHK,1844.0,3,1,89.0,3,4826.46,4826.46
Built-up  Area,Ready To Move,HSR Layout,2 BHK,1203.0,2,2,60.0,2,4987.53,4987.53
Super built-up  Area,Ready To Move,HSR Layout,2 BHK,1140.0,2,2,46.0,2,4035.09,4035.09
Super built-up  Area,18-Apr,Haralur Road,2 BHK,1240.0,2,1,70.0,2,5645.16,5645.16
Super built-up  Area,Ready To Move,Haralur Road,2 BHK,1027.0,2,2,44.0,2,4284.32,4284.32
Super built-up  Area,Ready To Move,Haralur Road,2 BHK,1194.0,2,2,47.0,2,3936.35,3936.35
Built-up  Area,Ready To Move,Haralur Road,2 BHK,1202.0,2,1,53.0,2,4409.32,4409.32
Super built-up  Area,Ready To Move,Haralur Road,2 BHK,1056.0,2,1,61.0,2,5776.52,5776.52
Super built-up  Area,18-Jul,Haralur Road,3 BHK,1810.0,3,2,100.0,3,5524.86,5524.86
Super built-up  Area,Ready To Move,Haralur Road,2 BHK,1194.0,2,2,46.0,2,3852.6,3852.6
Super built-up  Area,18-Jul,Haralur Road,2 BHK,1225.0,2,1,67.38,2,5500.41,5500.41
Super built-up  Area,Ready To Move,Haralur Road,2 BHK,1243.0,2,1,46.0,2,3700.72,3700.72
Super built-up  Area,Ready To Move,Haralur Road,2 BHK,1027.0,2,2,44.0,2,4284.32,4284.32
Super built-up  Area,Ready To Move,Haralur Road,3 BHK,1920.0,3,1,115.0,3,5989.58,5989.58
Super built-up  Area,18-May,Haralur Road,3 BHK,1875.0,3,2,110.0,3,5866.67,5866.67
Super built-up  Area,Ready To Move,Haralur Road,2 BHK,1194.0,2,2,47.0,2,3936.35,3936.35
Super built-up  Area,Ready To Move,Haralur Road,2 BHK,1140.0,2,2,43.0,2,3771.93,3771.93
Super built-up  Area,Ready To Move,Haralur Road,2 BHK,1027.0,2,2,44.0,2,4284.32,4284.32
Super built-up  Area,Ready To Move,Haralur Road,2 BHK,1194.0,2,2,46.0,2,3852.6,3852.6
Super built-up  Area,Ready To Move,Haralur Road,3 BHK,2017.0,3,2,125.0,3,6197.32,6197.32
Super built-up  Area,Ready To Move,Haralur Road,2 BHK,1140.0,2,2,43.0,2,3771.93,3771.93
Super built-up  Area,18-Jul,Haralur Road,3 BHK,1875.0,3,3,110.0,3,5866.67,5866.67
Super built-up  Area,Ready To Move,Haralur Road,2 BHK,1092.0,2,2,44.0,2,4029.3,4029.3
Super built-up  Area,Ready To Move,Haralur Road,3 BHK,2475.0,4,1,130.0,3,5252.53,5252.53
Super built-up  Area,Ready To Move,Haralur Road,2 BHK,1300.0,2,2,73.0,2,5615.38,5615.38
Super built-up  Area,Ready To Move,Haralur Road,2 BHK,1194.0,2,2,47.0,2,3936.35,3936.35
Super built-up  Area,Ready To Move,Haralur Road,2 BHK,1243.0,2,2,46.0,2,3700.72,3700.72
Super built-up  Area,Ready To Move,Haralur Road,3 BHK,1850.0,3,1,110.0,3,5945.95,5945.95
Super built-up  Area,18-Aug,Haralur Road,2 BHK,1225.0,2,1,67.38,2,5500.41,5500.41
Super built-up  Area,Ready To Move,Haralur Road,2 BHK,1243.0,2,2,46.0,2,3700.72,3700.72
Super built-up  Area,Ready To Move,Haralur Road,4 BHK,3400.0,5,3,240.0,4,7058.82,7058.82
Super built-up  Area,Ready To Move,Haralur Road,2 BHK,1464.0,2,2,56.0,2,3825.14,3825.14
Super built-up  Area,18-Aug,Haralur Road,2 BHK,1230.0,2,1,78.0,2,6341.46,6341.46
Built-up  Area,Ready To Move,Haralur Road,2 BHK,1000.0,2,2,44.0,2,4400.0,4400.0
Super built-up  Area,Ready To Move,Haralur Road,2 BHK,1300.0,2,2,79.0,2,6076.92,6076.92
Super built-up  Area,Ready To Move,Haralur Road,3 BHK,1444.0,2,1,80.0,3,5540.17,5540.17
Built-up  Area,Ready To Move,Haralur Road,2 BHK,1088.0,2,1,68.0,2,6250.0,6250.0
Super built-up  Area,Ready To Move,Haralur Road,2 BHK,1027.0,2,1,44.0,2,4284.32,4284.32
Super built-up  Area,18-Mar,Haralur Road,2 BHK,1225.0,2,1,70.0,2,5714.29,5714.29
Super built-up  Area,Ready To Move,Haralur Road,2 BHK,1194.0,2,2,46.0,2,3852.6,3852.6
Super built-up  Area,18-Dec,Haralur Road,3 BHK,1830.0,3,2,101.0,3,5519.13,5519.13
Super built-up  Area,Ready To Move,Haralur Road,3 BHK,1810.0,3,2,126.0,3,6961.33,6961.33
Super built-up  Area,Ready To Move,Haralur Road,2 BHK,1464.0,2,2,56.0,2,3825.14,3825.14
Super built-up  Area,18-Mar,Haralur Road,3 BHK,1520.0,2,2,96.0,3,6315.79,6315.79
Super built-up  Area,Ready To Move,Haralur Road,2 BHK,1300.0,2,2,75.0,2,5769.23,5769.23
Super built-up  Area,Ready To Move,Haralur Road,3 BHK,2017.0,2,2,125.0,3,6197.32,6197.32
Super built-up  Area,Ready To Move,Haralur Road,2 BHK,1243.0,2,2,46.0,2,3700.72,3700.72
Super built-up  Area,Ready To Move,Haralur Road,2 BHK,1027.0,2,2,44.0,2,4284.32,4284.32
Super built-up  Area,18-Mar,Haralur Road,4 BHK,2805.0,5,3,160.0,4,5704.1,5704.1
Super built-up  Area,Ready To Move,Haralur Road,2 BHK,1243.0,2,2,46.0,2,3700.72,3700.72
Super built-up  Area,Ready To Move,Haralur Road,2 BHK,1027.0,2,2,44.0,2,4284.32,4284.32
Built-up  Area,Ready To Move,Haralur Road,3 BHK,2017.0,3,2,105.0,3,5205.75,5205.75
Super built-up  Area,Ready To Move,Haralur Road,2 BHK,1243.0,2,2,46.0,2,3700.72,3700.72
Super built-up  Area,Ready To Move,Haralur Road,2 BHK,1243.0,2,2,46.0,2,3700.72,3700.72
Super built-up  Area,18-Mar,Haralur Road,3 BHK,1520.0,2,2,90.0,3,5921.05,5921.05
Built-up  Area,Ready To Move,Haralur Road,2 BHK,1300.0,2,2,60.0,2,4615.38,4615.38
Super built-up  Area,18-Dec,Haralur Road,3 BHK,1985.0,3,2,130.0,3,6549.12,6549.12
Super built-up  Area,Ready To Move,Haralur Road,3 BHK,1255.0,2,1,90.0,3,7171.31,7171.31
Super built-up  Area,Ready To Move,Haralur Road,2 BHK,1056.0,2,1,60.0,2,5681.82,5681.82
Super built-up  Area,Ready To Move,Haralur Road,2 BHK,1140.0,2,1,42.0,2,3684.21,3684.21
Super built-up  Area,Ready To Move,Haralur Road,2 BHK,1245.0,2,3,62.0,2,4979.92,4979.92
Built-up  Area,Ready To Move,Haralur Road,2 BHK,1140.0,2,2,58.0,2,5087.72,5087.72
Super built-up  Area,Ready To Move,Haralur Road,2 BHK,1140.0,2,2,42.0,2,3684.21,3684.21
Super built-up  Area,Ready To Move,Haralur Road,2 BHK,1027.0,2,2,43.0,2,4186.95,4186.95
Super built-up  Area,18-May,Haralur Road,2 BHK,1194.0,2,2,47.0,2,3936.35,3936.35
Super built-up  Area,Ready To Move,Haralur Road,2 BHK,1194.0,2,2,47.0,2,3936.35,3936.35
Super built-up  Area,Ready To Move,Haralur Road,3 BHK,1560.0,3,1,90.0,3,5769.23,5769.23
Super built-up  Area,18-Apr,Haralur Road,3 BHK,1520.0,2,2,85.0,3,5592.11,5592.11
Super built-up  Area,Ready To Move,Haralur Road,2 BHK,1243.0,2,2,45.0,2,3620.27,3620.27
Super built-up  Area,18-Apr,Haralur Road,2 BHK,1027.0,2,2,44.0,2,4284.32,4284.32
Super built-up  Area,Ready To Move,Haralur Road,2 BHK,1194.0,2,2,46.0,2,3852.6,3852.6
Super built-up  Area,Ready To Move,Haralur Road,3 BHK,1650.0,3,3,100.0,3,6060.61,6060.61
Super built-up  Area,Ready To Move,Haralur Road,3 BHK,1580.0,3,1,73.0,3,4620.25,4620.25
Super built-up  Area,Ready To Move,Haralur Road,2 BHK,1243.0,2,2,46.0,2,3700.72,3700.72
Super built-up  Area,Ready To Move,Haralur Road,2 BHK,1194.0,2,2,47.0,2,3936.35,3936.35
Super built-up  Area,18-Aug,Haralur Road,3 BHK,1520.0,2,2,96.0,3,6315.79,6315.79
Super built-up  Area,18-Jul,Haralur Road,3 BHK,1510.0,3,2,83.05,3,5500.0,5500.0
Built-up  Area,Ready To Move,Haralur Road,2 BHK,1056.0,2,1,65.0,2,6155.3,6155.3
Super built-up  Area,18-Aug,Haralur Road,3 BHK,1810.0,3,2,100.0,3,5524.86,5524.86
Super built-up  Area,Ready To Move,Haralur Road,2 BHK,1243.0,2,2,46.0,2,3700.72,3700.72
Super built-up  Area,18-Mar,Haralur Road,1 BHK,575.0,1,1,38.0,1,6608.7,6608.7
Super built-up  Area,Ready To Move,Haralur Road,2 BHK,1194.0,2,2,46.0,2,3852.6,3852.6
Super built-up  Area,Ready To Move,Haralur Road,2 BHK,1243.0,2,2,46.0,2,3700.72,3700.72
Super built-up  Area,Ready To Move,Haralur Road,2 BHK,1194.0,2,2,46.0,2,3852.6,3852.6
Super built-up  Area,Ready To Move,Haralur Road,2 BHK,1140.0,2,2,43.0,2,3771.93,3771.93
Super built-up  Area,18-Apr,Haralur Road,3 BHK,1850.0,3,2,120.0,3,6486.49,6486.49
Super built-up  Area,Ready To Move,Haralur Road,2 BHK,1194.0,2,2,47.0,2,3936.35,3936.35
Super built-up  Area,Ready To Move,Haralur Road,2 BHK,1194.0,2,2,47.0,2,3936.35,3936.35
Super built-up  Area,Ready To Move,Haralur Road,2 BHK,1243.0,2,1,46.0,2,3700.72,3700.72
Super built-up  Area,Ready To Move,Haralur Road,3 BHK,1710.0,3,2,85.0,3,4970.76,4970.76
Super built-up  Area,Ready To Move,Haralur Road,3 BHK,1730.0,3,1,95.0,3,5491.33,5491.33
Super built-up  Area,Ready To Move,Haralur Road,2 BHK,1243.0,2,2,46.0,2,3700.72,3700.72
Super built-up  Area,Ready To Move,Haralur Road,2 BHK,1243.0,2,2,46.0,2,3700.72,3700.72
Super built-up  Area,Ready To Move,Haralur Road,2 BHK,1243.0,2,2,46.0,2,3700.72,3700.72
Super built-up  Area,Ready To Move,Haralur Road,3 BHK,1817.0,3,2,110.0,3,6053.94,6053.94
Super built-up  Area,18-Mar,Haralur Road,2 BHK,1225.0,2,1,77.0,2,6285.71,6285.71
Super built-up  Area,Ready To Move,Haralur Road,2 BHK,1285.0,2,1,78.0,2,6070.04,6070.04
Super built-up  Area,18-Aug,Haralur Road,2 BHK,1225.0,2,1,67.48,2,5508.57,5508.57
Super built-up  Area,18-Dec,Haralur Road,2 BHK,1225.0,2,1,69.84,2,5701.22,5701.22
Super built-up  Area,Ready To Move,Haralur Road,2 BHK,1200.0,2,2,46.0,2,3833.33,3833.33
Super built-up  Area,Ready To Move,Haralur Road,2 BHK,1315.0,2,1,85.0,2,6463.88,6463.88
Built-up  Area,Ready To Move,Haralur Road,3 BHK,1976.0,3,2,92.0,3,4655.87,4655.87
Super built-up  Area,Ready To Move,Haralur Road,2 BHK,1300.0,2,2,75.0,2,5769.23,5769.23
Super built-up  Area,Ready To Move,Haralur Road,2 BHK,1309.0,2,1,82.0,2,6264.32,6264.32
Super built-up  Area,Ready To Move,Haralur Road,2 BHK,1027.0,1,2,44.0,2,4284.32,4284.32
Super built-up  Area,Ready To Move,Haralur Road,2 BHK,1243.0,2,2,46.0,2,3700.72,3700.72
Super built-up  Area,Ready To Move,Haralur Road,2 BHK,1243.0,2,2,46.0,2,3700.72,3700.72
Super built-up  Area,Ready To Move,Haralur Road,2 BHK,1140.0,2,2,43.0,2,3771.93,3771.93
Super built-up  Area,Ready To Move,Haralur Road,2 BHK,1300.0,2,1,75.0,2,5769.23,5769.23
Super built-up  Area,Ready To Move,Haralur Road,2 BHK,1243.0,2,2,46.0,2,3700.72,3700.72
Built-up  Area,Ready To Move,Haralur Road,3 BHK,1890.0,3,2,84.0,3,4444.44,4444.44
Super built-up  Area,18-Apr,Haralur Road,2 BHK,1230.0,2,1,67.65,2,5500.0,5500.0
Super built-up  Area,Ready To Move,Haralur Road,2 BHK,1194.0,2,2,46.0,2,3852.6,3852.6
Super built-up  Area,Ready To Move,Haralur Road,2 BHK,1092.0,2,2,44.0,2,4029.3,4029.3
Super built-up  Area,Ready To Move,Haralur Road,3 BHK,1255.0,3,1,90.0,3,7171.31,7171.31
Super built-up  Area,Ready To Move,Haralur Road,3 BHK,1735.0,3,2,97.0,3,5590.78,5590.78
Super built-up  Area,18-Dec,Haralur Road,3 BHK,1810.0,3,2,97.83,3,5404.97,5404.97
Super built-up  Area,Ready To Move,Haralur Road,2 BHK,1200.0,2,2,46.0,2,3833.33,3833.33
Super built-up  Area,Ready To Move,Haralur Road,2 BHK,1243.0,2,2,46.0,2,3700.72,3700.72
Super built-up  Area,18-Feb,Haralur Road,3 BHK,1810.0,3,2,112.0,3,6187.85,6187.85
Super built-up  Area,Ready To Move,Harlur,2 BHK,1508.0,2,1,77.0,2,5106.1,5106.1
Super built-up  Area,Ready To Move,Harlur,3 BHK,1752.12,3,2,135.0,3,7704.95,7704.95
Super built-up  Area,Ready To Move,Harlur,3 BHK,1709.0,3,2,150.0,3,8777.06,8777.06
Super built-up  Area,Ready To Move,Harlur,2 BHK,1174.0,2,1,69.0,2,5877.34,5877.34
Super built-up  Area,Ready To Move,Harlur,2 BHK,1033.0,2,2,49.0,2,4743.47,4743.47
Built-up  Area,Ready To Move,Harlur,2 BHK,1197.0,2,1,84.0,2,7017.54,7017.54
Super built-up  Area,Ready To Move,Harlur,3 BHK,1757.0,3,2,132.0,3,7512.81,7512.81
Super built-up  Area,Ready To Move,Harlur,2 BHK,1174.0,2,1,76.0,2,6473.59,6473.59
Super built-up  Area,Ready To Move,Harlur,3 BHK,1754.0,3,2,125.0,3,7126.57,7126.57
Super built-up  Area,Ready To Move,Harlur,2 BHK,1290.0,2,1,85.0,2,6589.15,6589.15
Super built-up  Area,Ready To Move,Harlur,3 BHK,1752.12,3,2,116.0,3,6620.55,6620.55
Super built-up  Area,Ready To Move,Harlur,3 BHK,1754.0,3,2,135.0,3,7696.69,7696.69
Super built-up  Area,Ready To Move,Harlur,3 BHK,1754.0,3,2,124.0,3,7069.56,7069.56
Super built-up  Area,Ready To Move,Harlur,2 BHK,1152.0,2,2,69.0,2,5989.58,5989.58
Super built-up  Area,Ready To Move,Harlur,2 BHK,1290.0,2,1,87.0,2,6744.19,6744.19
Super built-up  Area,Ready To Move,Harlur,3 BHK,1749.0,3,2,115.0,3,6575.19,6575.19
Built-up  Area,18-Feb,Harlur,4 Bedroom,3385.0,4,1,260.0,4,7680.95,7680.95
Super built-up  Area,Ready To Move,Harlur,3 BHK,1758.0,3,2,133.0,3,7565.42,7565.42
Super built-up  Area,Ready To Move,Harlur,2 BHK,1197.0,2,1,79.0,2,6599.83,6599.83
Super built-up  Area,Ready To Move,Harlur,2 BHK,1174.0,2,1,78.0,2,6643.95,6643.95
Super built-up  Area,Ready To Move,Harlur,2 BHK,1200.0,2,2,52.0,2,4333.33,4333.33
Super built-up  Area,17-Jun,Harlur,2 BHK,1197.0,2,1,79.0,2,6599.83,6599.83
Super built-up  Area,Ready To Move,Harlur,3 BHK,1749.0,3,2,112.0,3,6403.66,6403.66
Super built-up  Area,Ready To Move,Harlur,2 BHK,1174.0,2,1,75.0,2,6388.42,6388.42
Super built-up  Area,Ready To Move,Harlur,3 BHK,1750.0,3,2,136.0,3,7771.43,7771.43
Super built-up  Area,Ready To Move,Harlur,3 BHK,1620.0,3,1,110.0,3,6790.12,6790.12
Super built-up  Area,Ready To Move,Harlur,3 BHK,1762.0,3,2,133.0,3,7548.24,7548.24
Super built-up  Area,Ready To Move,Harlur,3 BHK,1756.0,3,2,131.0,3,7460.14,7460.14
Super built-up  Area,Ready To Move,Harlur,3 BHK,1755.0,3,2,130.0,3,7407.41,7407.41
Super built-up  Area,Ready To Move,Harlur,3 BHK,1864.0,3,1,140.0,3,7510.73,7510.73
Super built-up  Area,Ready To Move,Harlur,2 BHK,1331.0,2,1,88.0,2,6611.57,6611.57
Super built-up  Area,Ready To Move,Harlur,3 BHK,1752.12,3,2,133.0,3,7590.8,7590.8
Built-up  Area,Ready To Move,Harlur,2 BHK,1133.0,2,1,55.0,2,4854.37,4854.37
Super built-up  Area,Ready To Move,Harlur,3 BHK,1756.0,3,2,128.0,3,7289.29,7289.29
Super built-up  Area,Ready To Move,Harlur,3 BHK,1749.0,3,2,120.0,3,6861.06,6861.06
Built-up  Area,Ready To Move,Harlur,2 BHK,1197.0,2,1,82.0,2,6850.46,6850.46
Super built-up  Area,Ready To Move,Harlur,2 BHK,1303.0,2,1,90.0,2,6907.14,6907.14
Super built-up  Area,Ready To Move,Harlur,3 BHK,1754.0,3,2,132.0,3,7525.66,7525.66
Super built-up  Area,Ready To Move,Harlur,2 BHK,1174.0,2,1,75.0,2,6388.42,6388.42
Super built-up  Area,Ready To Move,Harlur,3 BHK,1756.0,3,2,134.0,3,7630.98,7630.98
Super built-up  Area,Ready To Move,Harlur,2 BHK,1197.0,2,1,78.0,2,6516.29,6516.29
Super built-up  Area,Ready To Move,Harlur,2 BHK,1290.0,2,1,89.9,2,6968.99,6968.99
Super built-up  Area,18-Dec,Harlur,2 BHK,1386.0,2,2,85.0,2,6132.76,6132.76
Super built-up  Area,Ready To Move,Harlur,2 BHK,1174.0,2,1,74.0,2,6303.24,6303.24
Super built-up  Area,Ready To Move,Harlur,2 BHK,1174.0,2,1,78.0,2,6643.95,6643.95
Super built-up  Area,Ready To Move,Harlur,3 BHK,1755.0,3,2,115.0,3,6552.71,6552.71
Built-up  Area,Ready To Move,Harlur,4 BHK,2569.0,4,1,175.0,4,6811.99,6811.99
Super built-up  Area,Ready To Move,Harlur,2 BHK,1197.0,2,1,77.0,2,6432.75,6432.75
Super built-up  Area,Ready To Move,Harlur,3 BHK,1752.12,3,2,125.0,3,7134.21,7134.21
Super built-up  Area,17-Apr,Harlur,4 BHK,2569.0,5,3,180.0,4,7006.62,7006.62
Built-up  Area,Ready To Move,Harlur,2 BHK,1225.0,2,2,56.0,2,4571.43,4571.43
Super built-up  Area,Ready To Move,Harlur,2 BHK,1197.0,2,1,76.0,2,6349.21,6349.21
Super built-up  Area,Ready To Move,Harlur,2 BHK,1197.0,2,1,75.0,2,6265.66,6265.66
Super built-up  Area,Ready To Move,Harlur,3 BHK,1755.0,3,2,117.0,3,6666.67,6666.67
Super built-up  Area,Ready To Move,Harlur,2 BHK,1197.0,2,1,79.9,2,6675.02,6675.02
Super built-up  Area,Ready To Move,Harlur,2 BHK,936.0,2,1,45.0,2,4807.69,4807.69
Super built-up  Area,Ready To Move,Harlur,4 BHK,2990.0,4,1,225.0,4,7525.08,7525.08
Built-up  Area,Ready To Move,Harlur,2 BHK,1370.0,2,2,88.0,2,6423.36,6423.36
Super built-up  Area,Ready To Move,Harlur,2 BHK,1335.0,2,0,72.76,2,5450.19,5450.19
Super built-up  Area,Ready To Move,Hebbal,3 BHK,1760.0,2,2,123.0,3,6988.64,6988.64
Super built-up  Area,18-Mar,Hebbal,4 BHK,5611.5,4,0,477.0,4,8500.4,8500.4
Super built-up  Area,Ready To Move,Hebbal,2 BHK,1349.0,2,1,98.2,2,7279.47,7279.47
Super built-up  Area,Ready To Move,Hebbal,4 BHK,2483.0,5,2,212.0,4,8538.06,8538.06
Super built-up  Area,18-Dec,Hebbal,3 BHK,1760.0,2,2,130.0,3,7386.36,7386.36
Super built-up  Area,18-Dec,Hebbal,3 BHK,1920.0,3,2,134.0,3,6979.17,6979.17
Super built-up  Area,18-Sep,Hebbal,2 BHK,1337.0,2,1,82.0,2,6133.13,6133.13
Super built-up  Area,Ready To Move,Hebbal,2 BHK,1349.0,2,1,98.0,2,7264.64,7264.64
Super built-up  Area,21-Mar,Hebbal,3 BHK,1790.0,3,2,127.0,3,7094.97,7094.97
Carpet  Area,18-Mar,Hebbal,2 BHK,687.325,2,0,42.72,2,6215.4,6215.4
Super built-up  Area,19-Jun,Hebbal,3 BHK,1985.0,4,2,189.0,3,9521.41,9521.41
Super built-up  Area,Ready To Move,Hebbal,4 BHK,2483.0,5,2,215.0,4,8658.88,8658.88
Super built-up  Area,Ready To Move,Hebbal,2 BHK,1080.0,2,1,54.0,2,5000.0,5000.0
Super built-up  Area,18-May,Hebbal,2 BHK,812.0,2,2,55.0,2,6773.4,6773.4
Super built-up  Area,19-Oct,Hebbal,4 BHK,3067.0,4,2,230.0,4,7499.18,7499.18
Super built-up  Area,19-Oct,Hebbal,3 BHK,2526.0,2,2,250.0,3,9897.07,9897.07
Super built-up  Area,19-Dec,Hebbal,4 BHK,3067.0,4,3,230.0,4,7499.18,7499.18
Carpet  Area,18-Dec,Hebbal,2 BHK,823.0,2,1,50.63,2,6151.88,6151.88
Super built-up  Area,Ready To Move,Hebbal,2 BHK,1420.0,2,1,123.0,2,8661.97,8661.97
Super built-up  Area,Ready To Move,Hebbal,2 BHK,1420.0,2,1,99.39,2,6999.3,6999.3
Super built-up  Area,18-Jul,Hebbal,4 BHK,4235.0,4,2,365.0,4,8618.65,8618.65
Super built-up  Area,19-Jun,Hebbal,3 BHK,1700.0,3,2,124.0,3,7294.12,7294.12
Super built-up  Area,17-Dec,Hebbal,4 BHK,3960.0,5,3,386.0,4,9747.47,9747.47
Super built-up  Area,18-Dec,Hebbal,2 BHK,1420.0,2,1,99.39,2,6999.3,6999.3
Super built-up  Area,18-Jul,Hebbal,2 BHK,1440.0,2,1,115.0,2,7986.11,7986.11
Super built-up  Area,Ready To Move,Hebbal,2 BHK,1100.0,2,1,54.0,2,4909.09,4909.09
Super built-up  Area,Ready To Move,Hebbal,3 BHK,2400.0,4,1,180.0,3,7500.0,7500.0
Built-up  Area,17-Dec,Hebbal,2 BHK,1420.0,2,2,107.0,2,7535.21,7535.21
Super built-up  Area,19-Jun,Hebbal,2 BHK,1320.0,2,1,92.0,2,6969.7,6969.7
Built-up  Area,Ready To Move,Hebbal,2 BHK,919.0,2,1,49.0,2,5331.88,5331.88
Super built-up  Area,19-Dec,Hebbal,3 BHK,1645.0,3,2,135.0,3,8206.69,8206.69
Super built-up  Area,Ready To Move,Hebbal,3 BHK,2080.0,3,3,175.0,3,8413.46,8413.46
Super built-up  Area,Ready To Move,Hebbal,4 BHK,2483.0,5,2,230.0,4,9262.99,9262.99
Super built-up  Area,19-Oct,Hebbal,3 BHK,2600.0,3,2,195.0,3,7500.0,7500.0
Super built-up  Area,19-Jun,Hebbal,3 BHK,1645.0,3,2,117.0,3,7112.46,7112.46
Super built-up  Area,21-Mar,Hebbal,2 BHK,1251.0,2,1,88.73,2,7092.73,7092.73
Super built-up  Area,19-Jun,Hebbal,3 BHK,1645.0,3,2,121.0,3,7355.62,7355.62
Super built-up  Area,Ready To Move,Hebbal,3 BHK,1760.0,3,2,123.0,3,6988.64,6988.64
Super built-up  Area,20-Dec,Hebbal,4 BHK,3960.0,5,3,386.0,4,9747.47,9747.47
Super built-up  Area,19-Jun,Hebbal,3 BHK,1645.0,3,2,120.0,3,7294.83,7294.83
Super built-up  Area,19-Dec,Hebbal,3 BHK,1255.0,2,1,90.0,3,7171.31,7171.31
Super built-up  Area,19-Mar,Hebbal,3 BHK,1645.0,3,2,117.0,3,7112.46,7112.46
Super built-up  Area,21-Dec,Hebbal,3 BHK,1636.0,3,1,119.0,3,7273.84,7273.84
Super built-up  Area,18-Mar,Hebbal,3 BHK,2661.0,3,1,226.5,3,8511.84,8511.84
Super built-up  Area,20-Aug,Hebbal,3 BHK,1255.0,2,1,95.0,3,7569.72,7569.72
Super built-up  Area,19-Dec,Hebbal,3 BHK,1255.0,2,1,95.0,3,7569.72,7569.72
Super built-up  Area,18-Apr,Hebbal,2 BHK,1088.0,2,2,61.45,2,5647.98,5647.98
Super built-up  Area,Ready To Move,Hebbal,2 BHK,1349.0,2,1,97.8,2,7249.81,7249.81
Super built-up  Area,Ready To Move,Hebbal,2 BHK,1344.0,2,1,108.0,2,8035.71,8035.71
Super built-up  Area,19-Dec,Hebbal,3 BHK,1255.0,2,1,90.0,3,7171.31,7171.31
Super built-up  Area,18-Jan,Hebbal,2 BHK,1138.0,2,1,110.0,2,9666.08,9666.08
Super built-up  Area,19-Jun,Hebbal,4 BHK,2790.0,5,3,204.0,4,7311.83,7311.83
Super built-up  Area,18-May,Hebbal,2 BHK,1088.0,2,2,62.0,2,5698.53,5698.53
Super built-up  Area,Ready To Move,Hebbal,3 BHK,1987.0,4,2,165.0,3,8303.98,8303.98
Built-up  Area,Ready To Move,Hebbal,2 BHK,1299.0,2,1,100.0,2,7698.23,7698.23
Super built-up  Area,Ready To Move,Hebbal,2 BHK,1200.0,2,1,60.0,2,5000.0,5000.0
Super built-up  Area,19-Jun,Hebbal,3 BHK,1645.0,3,2,117.0,3,7112.46,7112.46
Super built-up  Area,Ready To Move,Hebbal,2 BHK,1390.0,2,2,95.0,2,6834.53,6834.53
Super built-up  Area,Ready To Move,Hebbal,2 BHK,1333.0,2,1,100.0,2,7501.88,7501.88
Super built-up  Area,Ready To Move,Hebbal,3 BHK,2650.0,4,3,199.0,3,7509.43,7509.43
Super built-up  Area,Ready To Move,Hebbal,3 BHK,1800.0,3,2,140.0,3,7777.78,7777.78
Super built-up  Area,19-Jun,Hebbal,4 BHK,2470.0,4,2,203.0,4,8218.62,8218.62
Super built-up  Area,18-Nov,Hebbal,3 BHK,1255.0,2,1,95.0,3,7569.72,7569.72
Built-up  Area,Ready To Move,Hebbal,2 BHK,1333.0,2,1,104.0,2,7801.95,7801.95
Super built-up  Area,19-Jun,Hebbal,3 BHK,1645.0,3,2,117.0,3,7112.46,7112.46
Super built-up  Area,18-Mar,Hebbal,3 BHK,2600.0,3,2,199.0,3,7653.85,7653.85
Super built-up  Area,Ready To Move,Hebbal,2 BHK,1345.0,2,1,97.0,2,7211.9,7211.9
Super built-up  Area,18-Dec,Hebbal,2 BHK,985.0,2,2,62.0,2,6294.42,6294.42
Super built-up  Area,19-Dec,Hebbal,2 BHK,1320.0,2,1,91.0,2,6893.94,6893.94
Super built-up  Area,Ready To Move,Hebbal,3 BHK,2388.0,3,1,195.0,3,8165.83,8165.83
Super built-up  Area,Ready To Move,Hebbal,2 BHK,1040.0,2,1,55.0,2,5288.46,5288.46
Super built-up  Area,19-Oct,Hebbal,3 BHK,2600.0,3,2,195.0,3,7500.0,7500.0
Super built-up  Area,19-Jun,Hebbal,4 BHK,2630.0,5,0,188.0,4,7148.29,7148.29
Super built-up  Area,19-Dec,Hebbal,3 BHK,1645.0,3,2,113.0,3,6869.3,6869.3
Super built-up  Area,Ready To Move,Hebbal,2 BHK,1420.0,2,1,99.39,2,6999.3,6999.3
Super built-up  Area,18-Sep,Hebbal,2 BHK,1162.0,2,1,69.0,2,5938.04,5938.04
Built-up  Area,Ready To Move,Hebbal,2 BHK,1100.0,2,1,60.0,2,5454.55,5454.55
Super built-up  Area,20-Dec,Hebbal,4 BHK,4235.0,5,3,364.0,4,8595.04,8595.04
Super built-up  Area,Ready To Move,Hebbal,2 BHK,1299.0,2,1,97.0,2,7467.28,7467.28
Super built-up  Area,19-Dec,Hebbal,4 BHK,2470.0,5,2,192.0,4,7773.28,7773.28
Super built-up  Area,19-Mar,Hebbal,3 BHK,1645.0,3,2,117.0,3,7112.46,7112.46
Super built-up  Area,18-Dec,Hebbal,3 BHK,1920.0,3,2,134.0,3,6979.17,6979.17
Super built-up  Area,18-Aug,Hebbal,3 BHK,1920.0,3,2,150.0,3,7812.5,7812.5
Super built-up  Area,Ready To Move,Hebbal,4 BHK,2375.0,4,2,189.0,4,7957.89,7957.89
Super built-up  Area,18-Dec,Hebbal,2 BHK,1420.0,2,1,99.26,2,6990.14,6990.14
Super built-up  Area,21-Dec,Hebbal,2 BHK,1252.0,2,1,92.0,2,7348.24,7348.24
Super built-up  Area,18-Mar,Hebbal,2 BHK,1162.0,2,1,59.0,2,5077.45,5077.45
Super built-up  Area,Ready To Move,Hebbal,2 BHK,1294.0,2,1,115.0,2,8887.17,8887.17
Built-up  Area,Ready To Move,Hebbal,2 BHK,1150.0,2,1,57.0,2,4956.52,4956.52
Super built-up  Area,Ready To Move,Hebbal,3 BHK,1740.0,2,1,137.0,3,7873.56,7873.56
Super built-up  Area,18-Feb,Hebbal,3 BHK,1662.0,3,2,155.0,3,9326.11,9326.11
Built-up  Area,Ready To Move,Hebbal,3 BHK,2250.0,3,1,219.0,3,9733.33,9733.33
Super built-up  Area,Ready To Move,Hebbal,2 BHK,1349.0,2,1,98.0,2,7264.64,7264.64
Super built-up  Area,Ready To Move,Hebbal,2 BHK,1349.0,2,1,96.8,2,7175.69,7175.69
Super built-up  Area,Ready To Move,Hebbal Kempapura,3 BHK,1700.0,3,2,155.0,3,9117.65,9117.65
Super built-up  Area,Ready To Move,Hebbal Kempapura,3 BHK,1800.0,3,2,175.0,3,9722.22,9722.22
Super built-up  Area,Ready To Move,Hebbal Kempapura,3 BHK,2900.0,4,1,300.0,3,10344.83,10344.83
Super built-up  Area,Ready To Move,Hebbal Kempapura,3 BHK,3522.0,3,2,380.0,3,10789.32,10789.32
Plot  Area,Ready To Move,Hebbal Kempapura,5 Bedroom,2280.0,5,1,200.0,5,8771.93,8771.93
Plot  Area,Ready To Move,Hebbal Kempapura,2 Bedroom,1200.0,2,1,125.0,2,10416.67,10416.67
Super built-up  Area,Ready To Move,Hebbal Kempapura,3 BHK,2900.0,4,1,240.0,3,8275.86,8275.86
Built-up  Area,Ready To Move,Hebbal Kempapura,2 BHK,1300.0,2,2,102.0,2,7846.15,7846.15
Super built-up  Area,Ready To Move,Hebbal Kempapura,3 BHK,1466.0,2,3,140.0,3,9549.8,9549.8
Built-up  Area,Ready To Move,Hebbal Kempapura,3 BHK,1725.0,2,1,165.0,3,9565.22,9565.22
Plot  Area,Ready To Move,Hebbal Kempapura,3 Bedroom,1200.0,3,1,125.0,3,10416.67,10416.67
Built-up  Area,Ready To Move,Hebbal Kempapura,3 BHK,3408.0,3,3,260.0,3,7629.11,7629.11
Super built-up  Area,Ready To Move,Hebbal Kempapura,2 BHK,1485.0,3,3,132.0,2,8888.89,8888.89
Super built-up  Area,Ready To Move,Hebbal Kempapura,2 BHK,1400.0,2,2,108.0,2,7714.29,7714.29
Super built-up  Area,Ready To Move,Hebbal Kempapura,3 BHK,1800.0,3,3,150.0,3,8333.33,8333.33
Plot  Area,Ready To Move,Hebbal Kempapura,5 Bedroom,2400.0,5,2,200.0,5,8333.33,8333.33
Built-up  Area,Ready To Move,Hebbal Kempapura,5 Bedroom,2800.0,5,1,220.0,5,7857.14,7857.14
Built-up  Area,Ready To Move,Hebbal Kempapura,3 BHK,1785.0,3,0,165.0,3,9243.7,9243.7
Super built-up  Area,Ready To Move,Hebbal Kempapura,4 BHK,3729.0,4,2,384.0,4,10297.67,10297.67
Super built-up  Area,Ready To Move,Hebbal Kempapura,3 BHK,1600.0,3,3,170.0,3,10625.0,10625.0
Super built-up  Area,Ready To Move,Hebbal Kempapura,3 BHK,1730.0,3,2,175.0,3,10115.61,10115.61
Super built-up  Area,Ready To Move,Hegde Nagar,3 BHK,1569.0,3,1,101.0,3,6437.22,6437.22
Built-up  Area,Ready To Move,Hegde Nagar,6 Bedroom,3000.0,7,2,210.0,6,7000.0,7000.0
Super built-up  Area,Ready To Move,Hegde Nagar,3 BHK,2026.0,3,2,132.0,3,6515.3,6515.3
Super built-up  Area,Ready To Move,Hegde Nagar,3 BHK,1801.0,3,2,115.0,3,6385.34,6385.34
Plot  Area,Ready To Move,Hegde Nagar,2 Bedroom,1050.0,1,1,56.0,2,5333.33,5333.33
Super built-up  Area,Ready To Move,Hegde Nagar,2 BHK,1341.0,2,1,97.0,2,7233.41,7233.41
Super built-up  Area,Ready To Move,Hegde Nagar,3 BHK,2112.95,4,2,145.0,3,6862.44,6862.44
Plot  Area,Ready To Move,Hegde Nagar,4 Bedroom,1200.0,4,1,83.0,4,6916.67,6916.67
Super built-up  Area,Ready To Move,Hegde Nagar,3 BHK,1703.0,3,2,113.0,3,6635.35,6635.35
Super built-up  Area,Ready To Move,Hegde Nagar,3 BHK,1570.0,3,1,105.0,3,6687.9,6687.9
Super built-up  Area,Ready To Move,Hegde Nagar,3 BHK,1801.0,3,2,140.0,3,7773.46,7773.46
Super built-up  Area,Ready To Move,Hegde Nagar,3 BHK,1584.01,3,1,103.0,3,6502.48,6502.48
Super built-up  Area,Ready To Move,Hegde Nagar,3 BHK,1965.0,4,2,125.0,3,6361.32,6361.32
Plot  Area,Ready To Move,Hegde Nagar,2 Bedroom,1200.0,2,0,75.0,2,6250.0,6250.0
Super built-up  Area,Ready To Move,Hegde Nagar,3 BHK,1847.0,3,2,135.0,3,7309.15,7309.15
Super built-up  Area,Ready To Move,Hegde Nagar,3 BHK,1965.0,4,2,132.0,3,6717.56,6717.56
Super built-up  Area,Ready To Move,Hegde Nagar,3 BHK,1703.0,3,2,125.0,3,7339.99,7339.99
Super built-up  Area,Ready To Move,Hegde Nagar,3 BHK,1847.0,3,2,125.0,3,6767.73,6767.73
Super built-up  Area,Ready To Move,Hegde Nagar,3 BHK,2144.6,4,2,145.0,3,6761.17,6761.17
Super built-up  Area,Ready To Move,Hegde Nagar,3 BHK,1718.0,3,2,119.0,3,6926.66,6926.66
Super built-up  Area,Ready To Move,Hegde Nagar,3 BHK,1847.0,3,2,123.0,3,6659.45,6659.45
Super built-up  Area,Ready To Move,Hegde Nagar,2 BHK,1340.0,2,2,72.0,2,5373.13,5373.13
Super built-up  Area,19-Sep,Hegde Nagar,3 BHK,2087.01,3,2,115.0,3,5510.28,5510.28
Super built-up  Area,16-Dec,Hegde Nagar,3 BHK,1703.0,3,2,130.0,3,7633.59,7633.59
Super built-up  Area,Ready To Move,Hegde Nagar,3 BHK,2087.01,4,2,135.0,3,6468.58,6468.58
Super built-up  Area,Ready To Move,Hegde Nagar,3 BHK,1718.0,3,2,130.0,3,7566.94,7566.94
Super built-up  Area,Ready To Move,Hegde Nagar,3 BHK,1884.0,4,2,118.0,3,6263.27,6263.27
Super built-up  Area,Ready To Move,Hegde Nagar,3 BHK,1930.0,4,2,122.0,3,6321.24,6321.24
Super built-up  Area,Ready To Move,Hegde Nagar,3 BHK,1584.01,3,1,104.0,3,6565.62,6565.62
Super built-up  Area,Ready To Move,Hegde Nagar,3 BHK,1168.0,2,1,68.0,3,5821.92,5821.92
Super built-up  Area,Ready To Move,Hegde Nagar,3 BHK,2162.03,4,2,129.0,3,5966.61,5966.61
Super built-up  Area,Ready To Move,Hegde Nagar,3 BHK,2087.01,4,2,160.0,3,7666.47,7666.47
Plot  Area,Ready To Move,Hegde Nagar,2 Bedroom,1000.0,2,0,66.0,2,6600.0,6600.0
Built-up  Area,Ready To Move,Hegde Nagar,3 BHK,1348.0,2,2,80.5,3,5971.81,5971.81
Super built-up  Area,Ready To Move,Hennur,2 BHK,1075.0,2,1,52.0,2,4837.21,4837.21
Super built-up  Area,Ready To Move,Hennur,2 BHK,1255.0,2,1,52.32,2,4168.92,4168.92
Super built-up  Area,Ready To Move,Hennur,2 BHK,1225.0,2,1,57.0,2,4653.06,4653.06
Super built-up  Area,Ready To Move,Hennur,2 BHK,1255.0,2,1,57.5,2,4581.67,4581.67
Super built-up  Area,Ready To Move,Hennur,2 BHK,1259.0,2,2,57.0,2,4527.4,4527.4
Super built-up  Area,Ready To Move,Hennur,2 BHK,1255.0,2,2,53.5,2,4262.95,4262.95
Super built-up  Area,Ready To Move,Hennur,2 BHK,1285.0,2,1,60.0,2,4669.26,4669.26
Super built-up  Area,Ready To Move,Hennur,2 BHK,1285.0,2,1,60.0,2,4669.26,4669.26
Built-up  Area,Ready To Move,Hennur,2 BHK,1100.0,2,1,60.0,2,5454.55,5454.55
Super built-up  Area,Ready To Move,Hennur,2 BHK,1231.0,2,2,48.0,2,3899.27,3899.27
Super built-up  Area,Ready To Move,Hennur,2 BHK,1255.0,2,1,58.0,2,4621.51,4621.51
Super built-up  Area,Ready To Move,Hennur,2 BHK,1040.0,2,2,42.12,2,4050.0,4050.0
Super built-up  Area,Ready To Move,Hennur,2 BHK,1255.0,2,1,54.5,2,4342.63,4342.63
Super built-up  Area,Ready To Move,Hennur,2 BHK,1041.0,2,2,40.6,2,3900.1,3900.1
Super built-up  Area,Ready To Move,Hennur,2 BHK,1255.0,2,1,55.5,2,4422.31,4422.31
Super built-up  Area,Ready To Move,Hennur,2 BHK,1231.0,2,2,50.0,2,4061.74,4061.74
Built-up  Area,Ready To Move,Hennur,5 Bedroom,2500.0,5,2,125.0,5,5000.0,5000.0
Super built-up  Area,Ready To Move,Hennur,2 BHK,1160.0,2,1,49.0,2,4224.14,4224.14
Super built-up  Area,Ready To Move,Hennur,3 BHK,2400.0,3,1,135.0,3,5625.0,5625.0
Super built-up  Area,Ready To Move,Hennur,2 BHK,1255.0,2,2,53.5,2,4262.95,4262.95
Super built-up  Area,Ready To Move,Hennur,2 BHK,1255.0,2,2,55.5,2,4422.31,4422.31
Super built-up  Area,Ready To Move,Hennur,2 BHK,1100.0,2,1,44.55,2,4050.0,4050.0
Super built-up  Area,Ready To Move,Hennur,2 BHK,1255.0,2,1,57.5,2,4581.67,4581.67
Super built-up  Area,Ready To Move,Hennur,2 BHK,960.0,2,1,48.0,2,5000.0,5000.0
Super built-up  Area,Ready To Move,Hennur,2 BHK,1020.0,2,1,48.0,2,4705.88,4705.88
Super built-up  Area,Ready To Move,Hennur,2 BHK,1255.0,2,1,52.32,2,4168.92,4168.92
Super built-up  Area,Ready To Move,Hennur,2 BHK,1295.0,2,1,64.0,2,4942.08,4942.08
Super built-up  Area,Ready To Move,Hennur,3 BHK,1935.0,3,2,102.0,3,5271.32,5271.32
Super built-up  Area,Ready To Move,Hennur,3 BHK,1345.0,2,1,69.0,3,5130.11,5130.11
Super built-up  Area,Ready To Move,Hennur,2 BHK,1255.0,2,1,58.0,2,4621.51,4621.51
Built-up  Area,Ready To Move,Hennur,2 BHK,1420.0,2,1,62.0,2,4366.2,4366.2
Super built-up  Area,Ready To Move,Hennur,2 BHK,1155.0,2,2,54.5,2,4718.61,4718.61
Super built-up  Area,Ready To Move,Hennur,2 BHK,1255.0,2,1,52.32,2,4168.92,4168.92
Super built-up  Area,Ready To Move,Hennur,2 BHK,1255.0,2,2,52.35,2,4171.31,4171.31
Super built-up  Area,Ready To Move,Hennur,2 BHK,1255.0,2,2,54.5,2,4342.63,4342.63
Super built-up  Area,Ready To Move,Hennur,3 BHK,1830.0,2,3,113.0,3,6174.86,6174.86
Super built-up  Area,18-Dec,Hennur,3 BHK,1830.5,3,0,84.205,3,4600.11,4600.11
Super built-up  Area,Ready To Move,Hennur,2 BHK,1255.0,2,1,55.5,2,4422.31,4422.31
Super built-up  Area,Ready To Move,Hennur,2 BHK,1255.0,2,1,53.57,2,4268.53,4268.53
Super built-up  Area,Ready To Move,Hennur,2 BHK,1255.0,2,2,56.5,2,4501.99,4501.99
Built-up  Area,Ready To Move,Hennur,2 BHK,1050.0,2,2,42.73,2,4069.52,4069.52
Super built-up  Area,Ready To Move,Hennur,2 BHK,1295.0,2,1,62.0,2,4787.64,4787.64
Super built-up  Area,Ready To Move,Hennur Road,3 BHK,2089.0,3,2,140.0,3,6701.77,6701.77
Built-up  Area,18-Oct,Hennur Road,4 Bedroom,3203.5,4,1,224.5,4,7007.96,7007.96
Built-up  Area,Ready To Move,Hennur Road,8 Bedroom,5000.0,8,1,250.0,8,5000.0,5000.0
Super built-up  Area,Ready To Move,Hennur Road,2 BHK,1385.0,2,1,83.09,2,5999.28,5999.28
Super built-up  Area,18-Sep,Hennur Road,2 BHK,1317.5,2,0,63.77,2,4840.23,4840.23
Built-up  Area,19-Mar,Hennur Road,3 Bedroom,2264.0,3,1,159.0,3,7022.97,7022.97
Built-up  Area,Ready To Move,Hennur Road,2 BHK,1157.0,2,1,84.0,2,7260.16,7260.16
Super built-up  Area,Ready To Move,Hennur Road,3 BHK,1904.0,3,2,120.0,3,6302.52,6302.52
Super built-up  Area,Ready To Move,Hennur Road,3 BHK,1891.0,3,1,109.0,3,5764.15,5764.15
Super built-up  Area,19-Sep,Hennur Road,3 BHK,1561.0,3,2,95.0,3,6085.84,6085.84
Super built-up  Area,Ready To Move,Hennur Road,3 BHK,2060.0,3,1,149.0,3,7233.01,7233.01
Super built-up  Area,19-Mar,Hennur Road,3 BHK,1482.0,2,1,92.0,3,6207.83,6207.83
Super built-up  Area,Ready To Move,Hennur Road,2 BHK,1232.0,2,2,89.0,2,7224.03,7224.03
Super built-up  Area,Ready To Move,Hennur Road,2 BHK,1065.0,2,1,42.6,2,4000.0,4000.0
Super built-up  Area,18-Oct,Hennur Road,3 BHK,1482.0,2,1,87.0,3,5870.45,5870.45
Super built-up  Area,Ready To Move,Hennur Road,3 BHK,1891.0,3,1,139.0,3,7350.61,7350.61
Super built-up  Area,Ready To Move,Hennur Road,3 BHK,1703.0,3,1,101.0,3,5930.71,5930.71
Super built-up  Area,19-Mar,Hennur Road,2 BHK,1232.0,2,0,69.61,2,5650.16,5650.16
Super built-up  Area,Ready To Move,Hennur Road,2 BHK,987.0,2,1,49.0,2,4964.54,4964.54
Built-up  Area,Ready To Move,Hennur Road,3 BHK,2160.0,3,2,160.0,3,7407.41,7407.41
Super built-up  Area,Ready To Move,Hennur Road,3 BHK,1680.0,3,1,99.27,3,5908.93,5908.93
Super built-up  Area,Ready To Move,Hennur Road,2 BHK,1065.0,2,1,42.6,2,4000.0,4000.0
Super built-up  Area,Ready To Move,Hennur Road,2 BHK,1385.0,2,1,83.09,2,5999.28,5999.28
Super built-up  Area,Ready To Move,Hennur Road,3 BHK,2350.0,3,2,174.0,3,7404.26,7404.26
Super built-up  Area,Ready To Move,Hennur Road,3 BHK,1586.0,3,3,93.94,3,5923.08,5923.08
Super built-up  Area,Ready To Move,Hennur Road,3 BHK,1975.0,3,3,123.0,3,6227.85,6227.85
Super built-up  Area,Ready To Move,Hennur Road,3 BHK,1290.0,2,1,94.5,3,7325.58,7325.58
Super built-up  Area,21-Mar,Hennur Road,2 BHK,901.0,2,1,49.5,2,5493.9,5493.9
Super built-up  Area,Ready To Move,Hennur Road,3 BHK,1445.0,3,1,86.56,3,5990.31,5990.31
Super built-up  Area,19-Mar,Hennur Road,3 BHK,1482.0,2,3,97.0,3,6545.21,6545.21
Super built-up  Area,Ready To Move,Hennur Road,2 BHK,1182.0,2,2,82.5,2,6979.7,6979.7
Super built-up  Area,18-May,Hennur Road,2 BHK,1036.0,2,1,59.46,2,5739.38,5739.38
Super built-up  Area,Ready To Move,Hennur Road,3 BHK,1891.0,3,1,109.0,3,5764.15,5764.15
Super built-up  Area,19-Mar,Hennur Road,2 BHK,1232.0,2,1,69.61,2,5650.16,5650.16
Super built-up  Area,Ready To Move,Hennur Road,3 BHK,2320.0,3,2,170.0,3,7327.59,7327.59
Super built-up  Area,Ready To Move,Hennur Road,3 BHK,1936.0,3,1,118.0,3,6095.04,6095.04
Super built-up  Area,Ready To Move,Hennur Road,2 BHK,1480.0,2,2,65.0,2,4391.89,4391.89
Super built-up  Area,18-Sep,Hennur Road,3 BHK,1590.0,3,2,96.5,3,6069.18,6069.18
Built-up  Area,18-May,Hennur Road,3 BHK,1445.0,2,1,105.0,3,7266.44,7266.44
Super built-up  Area,18-Dec,Hennur Road,2 BHK,1036.0,2,1,59.45,2,5738.42,5738.42
Super built-up  Area,Ready To Move,Hennur Road,3 BHK,1832.0,3,1,125.0,3,6823.14,6823.14
Super built-up  Area,18-Jan,Hennur Road,2 BHK,1359.0,2,2,104.0,2,7652.69,7652.69
Super built-up  Area,19-Mar,Hennur Road,2 BHK,1341.0,2,1,75.76,2,5649.52,5649.52
Super built-up  Area,18-Dec,Hennur Road,2 BHK,1040.0,2,2,50.0,2,4807.69,4807.69
Super built-up  Area,Ready To Move,Hennur Road,2 BHK,1414.0,2,1,84.18,2,5953.32,5953.32
Super built-up  Area,Ready To Move,Hennur Road,3 BHK,1949.0,3,1,133.0,3,6824.01,6824.01
Super built-up  Area,19-Mar,Hennur Road,2 BHK,1232.0,2,2,89.0,2,7224.03,7224.03
Super built-up  Area,Ready To Move,Hennur Road,3 BHK,1250.0,2,1,77.88,3,6230.4,6230.4
Super built-up  Area,Ready To Move,Hennur Road,4 BHK,2502.0,4,2,180.0,4,7194.24,7194.24
Built-up  Area,Ready To Move,Hennur Road,3 BHK,1831.0,3,1,110.0,3,6007.65,6007.65
Super built-up  Area,18-Oct,Hennur Road,2 BHK,1232.0,2,1,87.0,2,7061.69,7061.69
Super built-up  Area,18-Jan,Hennur Road,2 BHK,1232.0,2,1,74.0,2,6006.49,6006.49
Super built-up  Area,18-Jul,Hennur Road,2 BHK,1232.0,2,1,66.0,2,5357.14,5357.14
Super built-up  Area,19-Mar,Hennur Road,2 BHK,1341.0,2,1,95.0,2,7084.27,7084.27
Super built-up  Area,19-Mar,Hennur Road,2 BHK,1232.0,2,1,88.0,2,7142.86,7142.86
Super built-up  Area,Ready To Move,Hennur Road,3 BHK,2365.0,4,2,175.0,3,7399.58,7399.58
Super built-up  Area,Ready To Move,Hennur Road,2 BHK,1310.0,2,1,66.0,2,5038.17,5038.17
Built-up  Area,Ready To Move,Hennur Road,2 BHK,1015.0,2,2,50.0,2,4926.11,4926.11
Super built-up  Area,Ready To Move,Hennur Road,3 BHK,2264.0,3,2,168.0,3,7420.49,7420.49
Super built-up  Area,Ready To Move,Hennur Road,3 BHK,2002.0,3,2,120.0,3,5994.01,5994.01
Super built-up  Area,19-Mar,Hennur Road,2 BHK,1232.0,2,1,69.6,2,5649.35,5649.35
Super built-up  Area,18-Dec,Hennur Road,2 BHK,1195.0,2,2,73.0,2,6108.79,6108.79
Super built-up  Area,Ready To Move,Hennur Road,2 BHK,1020.0,2,3,47.0,2,4607.84,4607.84
Plot  Area,Ready To Move,Hennur Road,5 Bedroom,5100.0,6,3,375.0,5,7352.94,7352.94
Super built-up  Area,Ready To Move,Hennur Road,2 BHK,1061.0,2,1,54.92,2,5176.25,5176.25
Built-up  Area,Ready To Move,Hennur Road,2 BHK,1020.0,2,0,45.0,2,4411.76,4411.76
Super built-up  Area,Ready To Move,Hennur Road,3 BHK,2041.0,3,3,128.0,3,6271.44,6271.44
Super built-up  Area,19-Mar,Hennur Road,2 BHK,1232.0,2,1,87.0,2,7061.69,7061.69
Built-up  Area,Ready To Move,Hennur Road,2 BHK,1066.0,2,1,52.23,2,4899.62,4899.62
Super built-up  Area,Ready To Move,Hennur Road,2 BHK,973.0,2,1,56.0,2,5755.4,5755.4
Built-up  Area,Ready To Move,Hennur Road,2 BHK,1255.0,2,1,84.0,2,6693.23,6693.23
Super built-up  Area,18-Mar,Hennur Road,2 BHK,1232.0,2,1,83.0,2,6737.01,6737.01
Super built-up  Area,Ready To Move,Hennur Road,3 BHK,1832.0,3,1,116.0,3,6331.88,6331.88
Super built-up  Area,Ready To Move,Hennur Road,3 BHK,2050.0,3,1,120.0,3,5853.66,5853.66
Super built-up  Area,Ready To Move,Hennur Road,3 BHK,1445.0,2,2,86.69,3,5999.31,5999.31
Super built-up  Area,18-Sep,Hennur Road,3 BHK,1445.0,2,1,83.0,3,5743.94,5743.94
Super built-up  Area,Ready To Move,Hennur Road,3 BHK,1654.0,3,1,97.8,3,5912.94,5912.94
Super built-up  Area,15-Nov,Hennur Road,3 BHK,1480.0,3,1,100.0,3,6756.76,6756.76
Super built-up  Area,19-Sep,Hennur Road,3 BHK,1450.0,3,1,88.6,3,6110.34,6110.34
Super built-up  Area,Ready To Move,Hennur Road,2 BHK,1155.0,2,1,69.18,2,5989.61,5989.61
Super built-up  Area,Ready To Move,Hennur Road,2 BHK,1053.0,2,1,53.0,2,5033.24,5033.24
Super built-up  Area,Ready To Move,Hennur Road,2 BHK,1195.0,2,2,59.0,2,4937.24,4937.24
Super built-up  Area,Ready To Move,Hennur Road,3 BHK,1904.0,3,2,129.0,3,6775.21,6775.21
Super built-up  Area,Ready To Move,Hennur Road,3 BHK,1981.0,3,1,134.0,3,6764.26,6764.26
Super built-up  Area,Ready To Move,Hennur Road,2 BHK,1155.0,2,1,69.18,2,5989.61,5989.61
Super built-up  Area,18-Dec,Hennur Road,3 BHK,1590.0,3,2,105.0,3,6603.77,6603.77
Super built-up  Area,Ready To Move,Hennur Road,3 BHK,2041.0,3,3,138.0,3,6761.39,6761.39
Built-up  Area,Ready To Move,Hennur Road,3 BHK,1100.0,2,1,78.0,3,7090.91,7090.91
Built-up  Area,19-Dec,Hennur Road,4 Bedroom,1880.0,4,0,154.0,4,8191.49,8191.49
Super built-up  Area,18-Aug,Hennur Road,2 BHK,1232.0,2,1,69.61,2,5650.16,5650.16
Super built-up  Area,Ready To Move,Hennur Road,3 BHK,1748.0,3,1,103.0,3,5892.45,5892.45
Built-up  Area,Ready To Move,Hennur Road,2 BHK,1460.0,2,1,80.3,2,5500.0,5500.0
Super built-up  Area,Ready To Move,Hennur Road,3 BHK,1933.0,3,2,140.0,3,7242.63,7242.63
Super built-up  Area,18-Dec,Hennur Road,2 BHK,1030.0,2,1,46.5,2,4514.56,4514.56
Super built-up  Area,18-Aug,Hennur Road,2 BHK,1232.0,2,1,69.61,2,5650.16,5650.16
Super built-up  Area,Ready To Move,Hennur Road,3 BHK,1445.0,2,1,89.56,3,6197.92,6197.92
Super built-up  Area,Ready To Move,Hennur Road,2 BHK,973.0,2,1,50.74,2,5214.8,5214.8
Super built-up  Area,Ready To Move,Hennur Road,3 BHK,1305.0,2,1,77.0,3,5900.38,5900.38
Super built-up  Area,19-Mar,Hennur Road,2 BHK,1165.0,2,1,67.0,2,5751.07,5751.07
Super built-up  Area,Ready To Move,Hennur Road,2 BHK,980.0,2,1,51.0,2,5204.08,5204.08
Super built-up  Area,18-Aug,Hennur Road,2 BHK,1232.0,2,1,80.0,2,6493.51,6493.51
Super built-up  Area,Ready To Move,Hennur Road,2 BHK,1085.0,2,1,43.4,2,4000.0,4000.0
Super built-up  Area,Ready To Move,Hennur Road,2 BHK,950.0,2,1,55.0,2,5789.47,5789.47
Super built-up  Area,Ready To Move,Hennur Road,2 BHK,1140.0,2,2,56.0,2,4912.28,4912.28
Super built-up  Area,Ready To Move,Hennur Road,3 BHK,1891.0,3,1,110.0,3,5817.03,5817.03
Super built-up  Area,19-Mar,Hennur Road,2 BHK,1165.0,2,1,52.0,2,4463.52,4463.52
Built-up  Area,Ready To Move,Hennur Road,2 BHK,1450.0,2,2,80.0,2,5517.24,5517.24
Super built-up  Area,Ready To Move,Hennur Road,2 BHK,1155.0,2,1,69.18,2,5989.61,5989.61
Super built-up  Area,Ready To Move,Hennur Road,3 BHK,1936.0,3,1,131.0,3,6766.53,6766.53
Built-up  Area,Ready To Move,Hoodi,2 BHK,985.0,2,2,67.0,2,6802.03,6802.03
Built-up  Area,Ready To Move,Hoodi,2 BHK,1425.0,2,2,80.0,2,5614.04,5614.04
Super built-up  Area,Ready To Move,Hoodi,2 BHK,1420.0,2,2,75.0,2,5281.69,5281.69
Super built-up  Area,21-Dec,Hoodi,3 BHK,1639.0,3,2,110.0,3,6711.41,6711.41
Super built-up  Area,21-Jul,Hoodi,3 BHK,1639.0,3,1,98.32,3,5998.78,5998.78
Super built-up  Area,19-Dec,Hoodi,2 BHK,1026.0,2,1,60.87,2,5932.75,5932.75
Super built-up  Area,Ready To Move,Hoodi,2 BHK,1050.0,2,2,50.0,2,4761.9,4761.9
Super built-up  Area,Ready To Move,Hoodi,2 BHK,1400.0,2,1,78.0,2,5571.43,5571.43
Plot  Area,Ready To Move,Hoodi,5 Bedroom,2400.0,5,2,160.0,5,6666.67,6666.67
Super built-up  Area,21-Jul,Hoodi,2 BHK,1196.0,2,0,71.74,2,5998.33,5998.33
Built-up  Area,Ready To Move,Hoodi,2 BHK,1500.0,2,1,84.0,2,5600.0,5600.0
Super built-up  Area,19-Dec,Hoodi,2 BHK,1055.0,2,1,57.63,2,5462.56,5462.56
Super built-up  Area,Ready To Move,Hoodi,3 BHK,1925.0,2,3,114.0,3,5922.08,5922.08
Super built-up  Area,Ready To Move,Hoodi,2 BHK,1400.0,2,1,82.0,2,5857.14,5857.14
Super built-up  Area,21-Dec,Hoodi,1 BHK,706.0,1,1,48.24,1,6832.86,6832.86
Super built-up  Area,Ready To Move,Hoodi,2 BHK,1257.0,2,1,69.0,2,5489.26,5489.26
Super built-up  Area,21-Jul,Hoodi,2 BHK,1132.0,2,0,67.9,2,5998.23,5998.23
Super built-up  Area,Ready To Move,Hoodi,3 BHK,1925.0,3,3,110.0,3,5714.29,5714.29
Super built-up  Area,Ready To Move,Hoodi,2 BHK,1257.0,2,1,71.03,2,5650.76,5650.76
Super built-up  Area,Ready To Move,Hoodi,2 BHK,1305.0,2,1,75.0,2,5747.13,5747.13
Built-up  Area,Ready To Move,Hoodi,2 BHK,1240.0,2,3,65.0,2,5241.94,5241.94
Super built-up  Area,21-Dec,Hoodi,2 BHK,1108.0,2,1,74.23,2,6699.46,6699.46
Super built-up  Area,Ready To Move,Hoodi,2 BHK,1257.0,2,1,68.5,2,5449.48,5449.48
Built-up  Area,Ready To Move,Hoodi,2 BHK,1000.0,2,2,48.0,2,4800.0,4800.0
Super built-up  Area,19-Dec,Hoodi,2 BHK,1063.0,2,1,61.17,2,5754.47,5754.47
Super built-up  Area,Ready To Move,Hoodi,2 BHK,1259.0,2,2,69.45,2,5516.28,5516.28
Super built-up  Area,21-Dec,Hoodi,1 BHK,711.0,1,0,42.65,1,5998.59,5998.59
Super built-up  Area,20-Sep,Hoodi,1 BHK,863.0,1,0,40.55,1,4698.73,4698.73
Super built-up  Area,Ready To Move,Hoodi,3 BHK,1715.0,2,2,100.0,3,5830.9,5830.9
Super built-up  Area,19-Dec,Hoodi,2 BHK,1447.0,3,2,76.0,2,5252.25,5252.25
Super built-up  Area,Ready To Move,Hoodi,3 BHK,2144.0,3,2,140.0,3,6529.85,6529.85
Super built-up  Area,21-Jul,Hoodi,2 BHK,1108.0,2,0,66.46,2,5998.19,5998.19
Super built-up  Area,21-Jul,Hoodi,3 BHK,1837.0,3,1,110.0,3,5988.02,5988.02
Built-up  Area,18-Mar,Hoodi,4 Bedroom,3385.0,4,1,220.0,4,6499.26,6499.26
Super built-up  Area,Ready To Move,Hoodi,2 BHK,1181.0,2,2,55.0,2,4657.07,4657.07
Built-up  Area,Ready To Move,Hoodi,3 BHK,1490.0,3,0,85.0,3,5704.7,5704.7
Super built-up  Area,20-Sep,Hoodi,2 BHK,1258.5,2,0,59.135,2,4698.85,4698.85
Super built-up  Area,Ready To Move,Horamavu Agara,2 BHK,1200.0,2,1,45.0,2,3750.0,3750.0
Super built-up  Area,Ready To Move,Horamavu Agara,3 BHK,1560.0,3,2,75.0,3,4807.69,4807.69
Built-up  Area,Ready To Move,Horamavu Agara,2 BHK,755.0,2,1,37.49,2,4965.56,4965.56
Built-up  Area,Ready To Move,Horamavu Agara,2 BHK,982.0,2,1,47.65,2,4852.34,4852.34
Super built-up  Area,Ready To Move,Horamavu Agara,3 BHK,1650.0,2,1,75.0,3,4545.45,4545.45
Super built-up  Area,18-Feb,Horamavu Agara,2 BHK,950.0,2,3,39.0,2,4105.26,4105.26
Super built-up  Area,19-Mar,Horamavu Agara,3 BHK,1756.0,3,2,92.0,3,5239.18,5239.18
Built-up  Area,Ready To Move,Horamavu Agara,2 BHK,1106.0,2,1,43.09,2,3896.02,3896.02
Super built-up  Area,18-Dec,Horamavu Agara,2 BHK,1079.0,2,2,41.0,2,3799.81,3799.81
Super built-up  Area,Ready To Move,Horamavu Agara,3 BHK,1265.0,2,1,65.0,3,5138.34,5138.34
Super built-up  Area,Ready To Move,Horamavu Agara,2 BHK,1060.0,2,1,37.0,2,3490.57,3490.57
Super built-up  Area,Ready To Move,Horamavu Agara,2 BHK,1107.83,2,1,41.51,2,3746.96,3746.96
Built-up  Area,Ready To Move,Horamavu Agara,2 BHK,980.0,2,1,38.19,2,3896.94,3896.94
Super built-up  Area,Ready To Move,Horamavu Agara,3 BHK,1250.0,3,2,65.0,3,5200.0,5200.0
Super built-up  Area,Ready To Move,Horamavu Agara,2 BHK,1145.0,2,1,41.21,2,3599.13,3599.13
Plot  Area,Ready To Move,Horamavu Agara,5 Bedroom,2400.0,3,3,80.0,5,3333.33,3333.33
Super built-up  Area,Ready To Move,Horamavu Agara,2 BHK,1000.0,2,1,46.0,2,4600.0,4600.0
Built-up  Area,Ready To Move,Horamavu Agara,2 BHK,760.0,2,2,37.49,2,4932.89,4932.89
Super built-up  Area,Ready To Move,Horamavu Agara,2 BHK,1150.0,2,1,42.0,2,3652.17,3652.17
Built-up  Area,Ready To Move,Horamavu Agara,2 BHK,750.0,2,1,37.49,2,4998.67,4998.67
Super built-up  Area,Ready To Move,Horamavu Agara,1 BHK,625.0,1,1,27.0,1,4320.0,4320.0
Built-up  Area,Ready To Move,Horamavu Agara,2 BHK,1080.0,2,1,38.0,2,3518.52,3518.52
Super built-up  Area,18-Aug,Horamavu Agara,2 BHK,994.0,2,1,42.28,2,4253.52,4253.52
Super built-up  Area,Ready To Move,Horamavu Agara,2 BHK,1107.83,2,1,41.51,2,3746.96,3746.96
Super built-up  Area,18-Aug,Horamavu Agara,2 BHK,1090.0,2,1,46.0,2,4220.18,4220.18
Built-up  Area,Ready To Move,Horamavu Agara,3 Bedroom,1400.0,3,3,63.0,3,4500.0,4500.0
Super built-up  Area,Ready To Move,Horamavu Agara,3 BHK,1557.0,3,1,70.0,3,4495.83,4495.83
Super built-up  Area,18-Mar,Horamavu Agara,2 BHK,1058.0,2,2,47.0,2,4442.34,4442.34
Super built-up  Area,19-Dec,Horamavu Banaswadi,2 BHK,1460.0,2,1,80.5,2,5513.7,5513.7
Super built-up  Area,Ready To Move,Horamavu Banaswadi,2 BHK,1156.0,2,2,46.0,2,3979.24,3979.24
Super built-up  Area,Ready To Move,Horamavu Banaswadi,2 BHK,1180.0,2,2,58.0,2,4915.25,4915.25
Super built-up  Area,Ready To Move,Horamavu Banaswadi,2 BHK,1307.0,2,2,51.6,2,3947.97,3947.97
Super built-up  Area,Ready To Move,Horamavu Banaswadi,2 BHK,1357.0,2,2,54.0,2,3979.37,3979.37
Super built-up  Area,Ready To Move,Horamavu Banaswadi,2 BHK,925.0,2,3,38.0,2,4108.11,4108.11
Super built-up  Area,Ready To Move,Horamavu Banaswadi,2 BHK,1272.0,2,2,48.0,2,3773.58,3773.58
Super built-up  Area,Ready To Move,Horamavu Banaswadi,2 BHK,1225.0,2,2,49.5,2,4040.82,4040.82
Super built-up  Area,Ready To Move,Horamavu Banaswadi,2 BHK,1272.0,2,2,51.5,2,4048.74,4048.74
Super built-up  Area,Ready To Move,Horamavu Banaswadi,2 BHK,1272.0,2,2,51.5,2,4048.74,4048.74
Super built-up  Area,Ready To Move,Horamavu Banaswadi,2 BHK,1156.0,2,2,46.9,2,4057.09,4057.09
Super built-up  Area,Ready To Move,Horamavu Banaswadi,2 BHK,1200.0,2,1,45.0,2,3750.0,3750.0
Super built-up  Area,Ready To Move,Horamavu Banaswadi,2 BHK,1254.0,2,2,47.0,2,3748.01,3748.01
Super built-up  Area,Ready To Move,Horamavu Banaswadi,3 BHK,1610.0,3,3,68.0,3,4223.6,4223.6
Super built-up  Area,Ready To Move,Horamavu Banaswadi,2 BHK,1210.0,2,1,50.0,2,4132.23,4132.23
Super built-up  Area,Ready To Move,Horamavu Banaswadi,2 BHK,1357.0,2,2,54.0,2,3979.37,3979.37
Super built-up  Area,Ready To Move,Horamavu Banaswadi,2 BHK,1272.0,2,2,50.0,2,3930.82,3930.82
Super built-up  Area,Ready To Move,Horamavu Banaswadi,2 BHK,1200.0,2,1,45.0,2,3750.0,3750.0
Super built-up  Area,Ready To Move,Horamavu Banaswadi,2 BHK,1025.0,2,2,45.0,2,4390.24,4390.24
Built-up  Area,Ready To Move,Horamavu Banaswadi,2 BHK,1081.0,2,1,52.0,2,4810.36,4810.36
Super built-up  Area,Ready To Move,Horamavu Banaswadi,2 BHK,1000.0,2,2,50.0,2,5000.0,5000.0
Super built-up  Area,Ready To Move,Hormavu,2 BHK,1500.0,2,1,78.0,2,5200.0,5200.0
Super built-up  Area,Ready To Move,Hormavu,2 BHK,1150.0,2,2,55.0,2,4782.61,4782.61
Built-up  Area,Ready To Move,Hormavu,2 BHK,1180.0,2,2,50.0,2,4237.29,4237.29
Plot  Area,Ready To Move,Hormavu,2 Bedroom,1200.0,2,0,67.0,2,5583.33,5583.33
Plot  Area,17-Jul,Hormavu,2 Bedroom,1200.0,3,0,70.0,2,5833.33,5833.33
Super built-up  Area,Ready To Move,Hormavu,2 BHK,1175.0,2,1,52.0,2,4425.53,4425.53
Super built-up  Area,Ready To Move,Hormavu,1 BHK,1351.0,2,1,53.0,1,3923.02,3923.02
Super built-up  Area,Ready To Move,Hormavu,2 BHK,1141.0,2,1,44.4,2,3891.32,3891.32
Super built-up  Area,19-Aug,Hormavu,2 BHK,1130.0,2,1,42.3,2,3743.36,3743.36
Built-up  Area,Ready To Move,Hormavu,3 BHK,1725.0,3,2,85.0,3,4927.54,4927.54
Super built-up  Area,Ready To Move,Hormavu,2 BHK,1153.0,2,1,65.0,2,5637.47,5637.47
Built-up  Area,Ready To Move,Hormavu,2 BHK,1150.0,2,1,53.11,2,4618.26,4618.26
Super built-up  Area,Ready To Move,Hormavu,2 BHK,1123.0,2,1,56.0,2,4986.64,4986.64
Super built-up  Area,Ready To Move,Hormavu,3 BHK,1385.0,2,2,69.0,3,4981.95,4981.95
Super built-up  Area,Ready To Move,Hormavu,2 BHK,1030.0,2,1,49.35,2,4791.26,4791.26
Super built-up  Area,Ready To Move,Hormavu,2 BHK,1018.0,2,1,50.8,2,4990.18,4990.18
Super built-up  Area,Ready To Move,Hormavu,3 BHK,1555.0,3,2,75.0,3,4823.15,4823.15
Super built-up  Area,Ready To Move,Hormavu,2 BHK,1143.0,2,1,53.0,2,4636.92,4636.92
Super built-up  Area,Ready To Move,Hormavu,2 BHK,1100.0,2,3,38.0,2,3454.55,3454.55
Built-up  Area,Ready To Move,Hormavu,2 BHK,1000.0,2,2,50.0,2,5000.0,5000.0
Super built-up  Area,Ready To Move,Hormavu,2 BHK,1200.0,2,2,68.0,2,5666.67,5666.67
Super built-up  Area,Ready To Move,Hormavu,2 BHK,1200.0,2,3,68.0,2,5666.67,5666.67
Super built-up  Area,Ready To Move,Hormavu,2 BHK,765.0,2,1,37.49,2,4900.65,4900.65
Super built-up  Area,Ready To Move,Hormavu,2 BHK,1081.5,2,0,38.665,2,3575.13,3575.13
Super built-up  Area,Ready To Move,Hormavu,2 BHK,1250.0,2,2,60.0,2,4800.0,4800.0
Super built-up  Area,Ready To Move,Hormavu,2 BHK,965.0,2,2,37.15,2,3849.74,3849.74
Carpet  Area,19-Jun,Hormavu,1 BHK,583.0,1,0,28.275,1,4849.91,4849.91
Super built-up  Area,Ready To Move,Hormavu,2 BHK,1129.0,2,1,44.0,2,3897.25,3897.25
Super built-up  Area,Ready To Move,Hormavu,3 BHK,1385.0,2,1,69.25,3,5000.0,5000.0
Super built-up  Area,Ready To Move,Hormavu,2 BHK,1165.0,2,1,40.0,2,3433.48,3433.48
Super built-up  Area,Ready To Move,Hormavu,2 BHK,1065.0,2,1,50.92,2,4781.22,4781.22
Super built-up  Area,Ready To Move,Hormavu,2 BHK,1046.0,2,1,60.0,2,5736.14,5736.14
Super built-up  Area,Ready To Move,Hormavu,2 BHK,1400.0,2,0,75.0,2,5357.14,5357.14
Super built-up  Area,Ready To Move,Hormavu,3 BHK,1365.0,2,2,65.0,3,4761.9,4761.9
Super built-up  Area,19-Aug,Hormavu,2 BHK,1196.0,2,1,44.8,2,3745.82,3745.82
Super built-up  Area,19-Jul,Hormavu,2 BHK,1263.0,2,1,47.36,2,3749.8,3749.8
Super built-up  Area,Ready To Move,Hormavu,2 BHK,1015.0,2,1,39.08,2,3850.25,3850.25
Plot  Area,Ready To Move,Hormavu,2 Bedroom,1200.0,2,0,73.0,2,6083.33,6083.33
Super built-up  Area,Ready To Move,Hormavu,2 BHK,1250.0,2,2,65.0,2,5200.0,5200.0
Super built-up  Area,Ready To Move,Hormavu,2 BHK,1075.0,2,1,53.7,2,4995.35,4995.35
Super built-up  Area,Ready To Move,Hormavu,2 BHK,980.0,2,2,42.0,2,4285.71,4285.71
Super built-up  Area,Ready To Move,Hormavu,2 BHK,1075.0,2,1,53.7,2,4995.35,4995.35
Carpet  Area,19-Jun,Hormavu,4 BHK,2282.0,4,0,115.0,4,5039.44,5039.44
Super built-up  Area,Ready To Move,Hormavu,2 BHK,1206.0,2,1,55.0,2,4560.53,4560.53
Super built-up  Area,Ready To Move,Hormavu,2 BHK,1310.0,2,2,67.0,2,5114.5,5114.5
Super built-up  Area,Ready To Move,Hormavu,2 BHK,1310.0,2,3,60.0,2,4580.15,4580.15
Super built-up  Area,Ready To Move,Hormavu,2 BHK,1020.0,2,2,45.75,2,4485.29,4485.29
Super built-up  Area,Ready To Move,Hormavu,2 BHK,1210.0,2,3,69.0,2,5702.48,5702.48
Super built-up  Area,Ready To Move,Hosa Road,3 BHK,1652.0,3,2,85.0,3,5145.28,5145.28
Super built-up  Area,18-Jul,Hosa Road,2 BHK,1161.0,2,1,55.15,2,4750.22,4750.22
Super built-up  Area,18-Jul,Hosa Road,2 BHK,1161.0,2,1,55.15,2,4750.22,4750.22
Super built-up  Area,Ready To Move,Hosa Road,2 BHK,1365.0,2,1,92.0,2,6739.93,6739.93
Super built-up  Area,Ready To Move,Hosa Road,2 BHK,1243.0,2,2,48.5,2,3901.85,3901.85
Super built-up  Area,19-Mar,Hosa Road,3 BHK,1332.0,2,1,86.12,3,6465.47,6465.47
Super built-up  Area,19-Mar,Hosa Road,1 BHK,615.0,1,1,28.29,1,4600.0,4600.0
Super built-up  Area,19-Mar,Hosa Road,3 BHK,1318.0,2,1,85.28,3,6470.41,6470.41
Super built-up  Area,18-May,Hosa Road,2 BHK,1133.0,2,1,52.0,2,4589.59,4589.59
Super built-up  Area,Ready To Move,Hosa Road,2 BHK,1016.0,2,2,40.0,2,3937.01,3937.01
Built-up  Area,Ready To Move,Hosa Road,2 BHK,972.0,2,2,40.0,2,4115.23,4115.23
Super built-up  Area,18-Dec,Hosa Road,2 BHK,1161.0,2,1,55.15,2,4750.22,4750.22
Super built-up  Area,19-Mar,Hosa Road,3 BHK,1532.0,3,2,98.13,3,6405.35,6405.35
Super built-up  Area,18-Dec,Hosa Road,3 BHK,1680.0,3,1,101.0,3,6011.9,6011.9
Plot  Area,Ready To Move,Hosa Road,2 Bedroom,880.0,2,0,50.0,2,5681.82,5681.82
Super built-up  Area,19-Mar,Hosa Road,3 BHK,1533.0,3,1,98.18,3,6404.44,6404.44
Super built-up  Area,19-Mar,Hosa Road,2 BHK,1040.0,2,1,68.59,2,6595.19,6595.19
Super built-up  Area,20-Oct,Hosa Road,2 BHK,1040.0,2,1,61.0,2,5865.38,5865.38
Super built-up  Area,Ready To Move,Hosa Road,2 BHK,1245.0,2,1,62.0,2,4979.92,4979.92
Super built-up  Area,19-Mar,Hosa Road,3 BHK,1311.0,2,1,84.86,3,6472.92,6472.92
Super built-up  Area,19-Mar,Hosa Road,1 BHK,800.0,1,0,39.99,1,4998.75,4998.75
Super built-up  Area,18-Jul,Hosa Road,2 BHK,1364.0,2,1,64.79,2,4750.0,4750.0
Super built-up  Area,Ready To Move,Hosa Road,2 BHK,1016.0,2,1,45.0,2,4429.13,4429.13
Super built-up  Area,18-Dec,Hosa Road,2 BHK,1360.0,2,1,77.61,2,5706.62,5706.62
Super built-up  Area,18-Jul,Hosa Road,2 BHK,1170.0,2,2,65.0,2,5555.56,5555.56
Super built-up  Area,18-Jul,Hosa Road,2 BHK,1161.0,2,1,55.15,2,4750.22,4750.22
Super built-up  Area,18-Dec,Hosa Road,3 BHK,1470.0,2,2,84.22,3,5729.25,5729.25
Super built-up  Area,18-Dec,Hosa Road,2 BHK,1161.0,2,1,48.75,2,4198.97,4198.97
Super built-up  Area,Ready To Move,Hosa Road,2 BHK,1016.0,2,1,39.95,2,3932.09,3932.09
Super built-up  Area,Ready To Move,Hosakerehalli,3 BHK,2378.0,3,1,262.0,3,11017.66,11017.66
Super built-up  Area,Ready To Move,Hosakerehalli,3 BHK,2376.0,3,1,203.0,3,8543.77,8543.77
Built-up  Area,Ready To Move,Hosakerehalli,4 BHK,3205.0,5,1,380.0,4,11856.47,11856.47
Super built-up  Area,Ready To Move,Hosakerehalli,4 BHK,3024.0,5,1,350.0,4,11574.07,11574.07
Plot  Area,Ready To Move,Hosakerehalli,5 Bedroom,2400.0,5,1,250.0,5,10416.67,10416.67
Super built-up  Area,18-Mar,Hosakerehalli,3 BHK,1817.0,4,1,153.0,3,8420.47,8420.47
Super built-up  Area,18-Mar,Hosakerehalli,2 BHK,1304.0,2,3,100.0,2,7668.71,7668.71
Super built-up  Area,Ready To Move,Hosakerehalli,3 BHK,2480.0,3,2,245.0,3,9879.03,9879.03
Built-up  Area,Ready To Move,Hosakerehalli,2 BHK,925.0,2,1,46.5,2,5027.03,5027.03
Super built-up  Area,Ready To Move,Hosakerehalli,3 BHK,2480.0,4,1,260.0,3,10483.87,10483.87
Super built-up  Area,Ready To Move,Hosakerehalli,3 BHK,1596.0,3,3,79.8,3,5000.0,5000.0
Plot  Area,Ready To Move,Hosakerehalli,3 Bedroom,1200.0,2,1,100.0,3,8333.33,8333.33
Super built-up  Area,Ready To Move,Hosakerehalli,4 BHK,3205.0,4,2,300.0,4,9360.37,9360.37
Super built-up  Area,Ready To Move,Hosakerehalli,4 BHK,3033.0,4,1,326.0,4,10748.43,10748.43
Plot  Area,Ready To Move,Hosakerehalli,2 Bedroom,600.0,2,0,65.0,2,10833.33,10833.33
Super built-up  Area,Ready To Move,Hosakerehalli,3 BHK,2480.0,4,1,265.0,3,10685.48,10685.48
Built-up  Area,Ready To Move,Hosakerehalli,2 BHK,925.0,2,1,46.25,2,5000.0,5000.0
Super built-up  Area,Ready To Move,Hosakerehalli,3 BHK,2376.0,3,1,240.0,3,10101.01,10101.01
Plot  Area,Ready To Move,Hosakerehalli,5 Bedroom,1500.0,6,2,145.0,5,9666.67,9666.67
Super built-up  Area,Ready To Move,Hoskote,3 BHK,1250.0,3,2,50.0,3,4000.0,4000.0
Super built-up  Area,Ready To Move,Hoskote,3 BHK,1225.0,3,1,40.0,3,3265.31,3265.31
Super built-up  Area,Ready To Move,Hoskote,3 BHK,1740.0,3,3,60.0,3,3448.28,3448.28
Super built-up  Area,Ready To Move,Hoskote,2 BHK,1170.0,2,3,45.0,2,3846.15,3846.15
Plot  Area,Ready To Move,Hoskote,3 Bedroom,1200.0,3,2,57.0,3,4750.0,4750.0
Super built-up  Area,Ready To Move,Hoskote,3 BHK,1069.0,2,1,38.0,3,3554.72,3554.72
Super built-up  Area,Ready To Move,Hoskote,2 BHK,1095.0,2,2,33.6,2,3068.49,3068.49
Built-up  Area,Ready To Move,Hoskote,2 BHK,1065.0,2,3,31.5,2,2957.75,2957.75
Super built-up  Area,Ready To Move,Hoskote,3 BHK,1395.0,2,2,63.0,3,4516.13,4516.13
Super built-up  Area,Ready To Move,Hoskote,2 BHK,1065.0,2,2,28.5,2,2676.06,2676.06
Super built-up  Area,Ready To Move,Hoskote,2 BHK,945.0,2,1,35.0,2,3703.7,3703.7
Super built-up  Area,Ready To Move,Hoskote,2 BHK,1003.5,2,0,28.095,2,2799.7,2799.7
Built-up  Area,Ready To Move,Hoskote,2 BHK,1065.0,2,3,33.75,2,3169.01,3169.01
Super built-up  Area,18-Nov,Hoskote,1 BHK,509.0,1,1,23.0,1,4518.66,4518.66
Built-up  Area,Ready To Move,Hosur Road,2 BHK,1656.0,2,1,120.0,2,7246.38,7246.38
Built-up  Area,16-Mar,Hosur Road,2 BHK,1194.0,2,0,69.0,2,5778.89,5778.89
Built-up  Area,Ready To Move,Hosur Road,5 Bedroom,3300.0,5,2,240.0,5,7272.73,7272.73
Super built-up  Area,18-Oct,Hosur Road,3 BHK,1510.0,2,1,105.0,3,6953.64,6953.64
Super built-up  Area,18-Jul,Hosur Road,3 BHK,1427.0,2,1,80.63,3,5650.32,5650.32
Super built-up  Area,Ready To Move,Hosur Road,3 BHK,1508.0,2,1,110.0,3,7294.43,7294.43
Super built-up  Area,Ready To Move,Hosur Road,1 BHK,460.0,1,1,21.0,1,4565.22,4565.22
Super built-up  Area,Ready To Move,Hosur Road,2 BHK,1179.0,2,1,49.0,2,4156.06,4156.06
Super built-up  Area,Ready To Move,Hosur Road,2 BHK,950.0,2,1,60.0,2,6315.79,6315.79
Super built-up  Area,18-Jun,Hosur Road,2 BHK,1194.0,2,1,71.64,2,6000.0,6000.0
Super built-up  Area,18-Apr,Hosur Road,3 BHK,1766.0,3,1,130.0,3,7361.27,7361.27
Super built-up  Area,18-Jul,Hosur Road,3 BHK,1689.0,3,1,103.0,3,6098.28,6098.28
Built-up  Area,Ready To Move,Hosur Road,5 Bedroom,3600.0,5,3,180.0,5,5000.0,5000.0
Super built-up  Area,Ready To Move,Hosur Road,2 BHK,1170.0,2,1,48.0,2,4102.56,4102.56
Super built-up  Area,Ready To Move,Hosur Road,2 BHK,1250.0,2,1,55.0,2,4400.0,4400.0
Super built-up  Area,18-Jun,Hosur Road,3 BHK,1689.0,3,2,103.0,3,6098.28,6098.28
Plot  Area,Ready To Move,Hosur Road,4 Bedroom,2000.0,4,1,130.0,4,6500.0,6500.0
Super built-up  Area,Ready To Move,Hosur Road,2 BHK,1250.0,2,2,65.0,2,5200.0,5200.0
Super built-up  Area,18-Jul,Hosur Road,3 BHK,1689.0,3,2,103.0,3,6098.28,6098.28
Super built-up  Area,18-Apr,Hosur Road,2 BHK,1223.0,2,1,93.0,2,7604.25,7604.25
Super built-up  Area,18-Apr,Hosur Road,3 BHK,1919.0,3,2,117.0,3,6096.93,6096.93
Super built-up  Area,Ready To Move,Hulimavu,2 BHK,1125.0,2,2,50.0,2,4444.44,4444.44
Super built-up  Area,Ready To Move,Hulimavu,2 BHK,1242.0,2,3,51.0,2,4106.28,4106.28
Built-up  Area,Ready To Move,Hulimavu,3 BHK,1823.0,3,2,100.0,3,5485.46,5485.46
Super built-up  Area,Ready To Move,Hulimavu,2 BHK,1300.0,2,3,36.0,2,2769.23,2769.23
Super built-up  Area,Ready To Move,Hulimavu,2 BHK,1080.0,2,2,43.2,2,4000.0,4000.0
Super built-up  Area,Ready To Move,Hulimavu,2 BHK,1100.0,2,2,71.5,2,6500.0,6500.0
Super built-up  Area,Ready To Move,Hulimavu,1 BHK,688.0,1,2,50.0,1,7267.44,7267.44
Super built-up  Area,Ready To Move,Hulimavu,2 BHK,1255.0,2,2,73.0,2,5816.73,5816.73
Built-up  Area,Ready To Move,Hulimavu,4 Bedroom,1200.0,4,0,75.0,4,6250.0,6250.0
Super built-up  Area,Ready To Move,Hulimavu,2 BHK,1058.0,2,1,48.0,2,4536.86,4536.86
Super built-up  Area,Ready To Move,Hulimavu,2 BHK,1375.0,2,2,80.0,2,5818.18,5818.18
Super built-up  Area,Ready To Move,Hulimavu,2 BHK,1248.0,2,1,69.0,2,5528.85,5528.85
Super built-up  Area,Ready To Move,Hulimavu,3 BHK,1818.0,3,1,135.0,3,7425.74,7425.74
Super built-up  Area,17-Oct,Hulimavu,2 BHK,1225.0,2,2,55.0,2,4489.8,4489.8
Super built-up  Area,Ready To Move,Hulimavu,2 BHK,1255.0,2,2,74.0,2,5896.41,5896.41
Built-up  Area,Ready To Move,Hulimavu,2 BHK,1175.0,2,1,45.0,2,3829.79,3829.79
Super built-up  Area,Ready To Move,Hulimavu,2 BHK,1255.0,2,2,69.0,2,5498.01,5498.01
Super built-up  Area,Ready To Move,Hulimavu,2 BHK,1255.0,2,3,66.0,2,5258.96,5258.96
Super built-up  Area,Ready To Move,Hulimavu,2 BHK,1127.0,2,1,65.0,2,5767.52,5767.52
Super built-up  Area,Ready To Move,Hulimavu,2 BHK,1200.0,2,1,50.0,2,4166.67,4166.67
Plot  Area,Ready To Move,Hulimavu,2 Bedroom,1200.0,2,0,75.0,2,6250.0,6250.0
Super built-up  Area,Ready To Move,Hulimavu,3 BHK,1430.0,2,2,90.0,3,6293.71,6293.71
Super built-up  Area,Ready To Move,Hulimavu,2 BHK,850.0,1,1,39.5,2,4647.06,4647.06
Built-up  Area,Ready To Move,Hulimavu,2 BHK,1000.0,2,1,45.0,2,4500.0,4500.0
Super built-up  Area,18-Mar,Hulimavu,4 BHK,3560.0,5,3,318.0,4,8932.58,8932.58
Super built-up  Area,Ready To Move,Hulimavu,2 BHK,1011.0,2,2,38.0,2,3758.65,3758.65
Super built-up  Area,Ready To Move,Hulimavu,2 BHK,1276.0,2,2,76.0,2,5956.11,5956.11
Plot  Area,Ready To Move,Hulimavu,2 Bedroom,1500.0,2,0,90.0,2,6000.0,6000.0
Super built-up  Area,Ready To Move,Hulimavu,2 BHK,1315.0,2,0,60.48,2,4599.24,4599.24
Super built-up  Area,Ready To Move,Hulimavu,2 BHK,1021.0,2,1,76.0,2,7443.68,7443.68
Super built-up  Area,Ready To Move,Hulimavu,1 BHK,581.0,1,1,29.0,1,4991.39,4991.39
Super built-up  Area,Ready To Move,Hulimavu,2 BHK,935.0,2,3,45.0,2,4812.83,4812.83
Built-up  Area,Ready To Move,Hulimavu,2 Bedroom,1050.0,2,2,125.0,2,11904.76,11904.76
Plot  Area,Ready To Move,Hulimavu,4 Bedroom,1200.0,4,1,75.0,4,6250.0,6250.0
Super built-up  Area,Ready To Move,Hulimavu,3 BHK,1260.0,2,1,82.0,3,6507.94,6507.94
Built-up  Area,Ready To Move,Hulimavu,1 BHK,450.0,1,1,20.0,1,4444.44,4444.44
Super built-up  Area,Ready To Move,Hulimavu,2 BHK,1231.0,2,1,84.5,2,6864.34,6864.34
Super built-up  Area,18-Dec,Hulimavu,3 BHK,1916.0,2,1,150.0,3,7828.81,7828.81
Super built-up  Area,Ready To Move,Hulimavu,2 BHK,1115.0,2,2,44.6,2,4000.0,4000.0
Built-up  Area,Ready To Move,ISRO Layout,6 Bedroom,4400.0,6,3,250.0,6,5681.82,5681.82
Super built-up  Area,Ready To Move,ISRO Layout,2 BHK,1000.0,2,1,60.0,2,6000.0,6000.0
Super built-up  Area,Ready To Move,ISRO Layout,2 BHK,1180.0,2,3,52.0,2,4406.78,4406.78
Super built-up  Area,Ready To Move,ISRO Layout,2 BHK,1000.0,2,1,60.0,2,6000.0,6000.0
Super built-up  Area,Ready To Move,ISRO Layout,3 BHK,1310.0,2,3,68.0,3,5190.84,5190.84
Built-up  Area,Ready To Move,ISRO Layout,4 Bedroom,4200.0,4,2,255.0,4,6071.43,6071.43
Built-up  Area,Ready To Move,ISRO Layout,2 BHK,1050.0,2,1,51.0,2,4857.14,4857.14
Super built-up  Area,Ready To Move,ISRO Layout,3 BHK,1370.0,2,2,87.0,3,6350.36,6350.36
Plot  Area,18-Aug,ITPL,3 Bedroom,1200.0,3,1,56.12,3,4676.67,4676.67
Super built-up  Area,Ready To Move,ITPL,3 BHK,1548.0,3,2,89.5,3,5781.65,5781.65
Plot  Area,18-Dec,ITPL,3 Bedroom,1200.0,3,1,68.4,3,5700.0,5700.0
Plot  Area,18-Sep,ITPL,3 Bedroom,1200.0,3,1,56.12,3,4676.67,4676.67
Plot  Area,18-Dec,ITPL,3 Bedroom,1200.0,3,1,56.12,3,4676.67,4676.67
Plot  Area,18-Aug,ITPL,3 Bedroom,1500.0,3,1,61.52,3,4101.33,4101.33
Super built-up  Area,Ready To Move,ITPL,4 BHK,5667.5,5,0,300.0,4,5293.34,5293.34
Super built-up  Area,Ready To Move,Iblur Village,3 BHK,3235.0,3,1,235.0,3,7264.3,7264.3
Super built-up  Area,Ready To Move,Iblur Village,4 BHK,3596.0,5,1,290.0,4,8064.52,8064.52
Super built-up  Area,18-Dec,Iblur Village,3 BHK,1920.0,3,2,130.0,3,6770.83,6770.83
Super built-up  Area,18-Dec,Iblur Village,3 BHK,1995.0,3,2,135.0,3,6766.92,6766.92
Super built-up  Area,Ready To Move,Iblur Village,4 BHK,3596.0,5,1,282.0,4,7842.05,7842.05
Super built-up  Area,Ready To Move,Iblur Village,3 BHK,1918.0,3,2,129.0,3,6725.76,6725.76
Super built-up  Area,18-Dec,Iblur Village,3 BHK,2100.0,4,2,145.0,3,6904.76,6904.76
Super built-up  Area,18-Aug,Iblur Village,3 BHK,1920.0,3,2,150.0,3,7812.5,7812.5
Super built-up  Area,Ready To Move,Iblur Village,3 BHK,1920.0,3,2,130.0,3,6770.83,6770.83
Super built-up  Area,18-Aug,Iblur Village,3 BHK,1920.0,3,2,150.0,3,7812.5,7812.5
Super built-up  Area,18-Dec,Iblur Village,3 BHK,2000.0,4,2,138.0,3,6900.0,6900.0
Super built-up  Area,Ready To Move,Iblur Village,4 BHK,3596.0,5,1,260.0,4,7230.26,7230.26
Super built-up  Area,Ready To Move,Iblur Village,4 BHK,3596.0,5,1,279.0,4,7758.62,7758.62
Super built-up  Area,Ready To Move,Iblur Village,3 BHK,2666.0,4,1,200.0,3,7501.88,7501.88
Super built-up  Area,Ready To Move,Iblur Village,5 BHK,5384.0,5,3,420.0,5,7800.89,7800.89
Super built-up  Area,Ready To Move,Iblur Village,4 BHK,3596.0,5,1,297.0,4,8259.18,8259.18
Super built-up  Area,Ready To Move,Iblur Village,5 BHK,5515.0,6,2,425.0,5,7706.26,7706.26
Super built-up  Area,18-Dec,Iblur Village,3 BHK,1920.0,3,2,130.0,3,6770.83,6770.83
Super built-up  Area,Ready To Move,Iblur Village,4 BHK,3596.0,4,2,268.0,4,7452.73,7452.73
Super built-up  Area,Ready To Move,Indira Nagar,2 BHK,1200.0,2,2,93.0,2,7750.0,7750.0
Super built-up  Area,Ready To Move,Indira Nagar,2 BHK,1128.0,2,2,105.0,2,9308.51,9308.51
Super built-up  Area,Ready To Move,Indira Nagar,3 BHK,2800.0,3,1,330.0,3,11785.71,11785.71
Super built-up  Area,Ready To Move,Indira Nagar,3 BHK,1650.0,3,2,200.0,3,12121.21,12121.21
Built-up  Area,Ready To Move,Indira Nagar,2 BHK,1210.0,2,1,102.0,2,8429.75,8429.75
Built-up  Area,Ready To Move,Indira Nagar,2 BHK,1224.0,2,2,105.0,2,8578.43,8578.43
Super built-up  Area,Ready To Move,Indira Nagar,3 BHK,2070.0,3,2,225.0,3,10869.57,10869.57
Built-up  Area,Ready To Move,Indira Nagar,1 Bedroom,500.0,1,0,70.0,1,14000.0,14000.0
Super built-up  Area,Ready To Move,Indira Nagar,2 BHK,1400.0,2,2,168.0,2,12000.0,12000.0
Plot  Area,Ready To Move,Indira Nagar,4 Bedroom,2400.0,4,2,525.0,4,21875.0,21875.0
Super built-up  Area,Ready To Move,Indira Nagar,2 BHK,1145.0,2,2,100.0,2,8733.62,8733.62
Super built-up  Area,Ready To Move,Indira Nagar,2 BHK,1470.0,2,2,170.0,2,11564.63,11564.63
Super built-up  Area,Ready To Move,Indira Nagar,3 BHK,2700.0,3,1,324.0,3,12000.0,12000.0
Built-up  Area,Ready To Move,Indira Nagar,1 BHK,850.0,1,2,57.0,1,6705.88,6705.88
Plot  Area,Ready To Move,Indira Nagar,8 Bedroom,3250.0,8,1,600.0,8,18461.54,18461.54
Super built-up  Area,18-Mar,Indira Nagar,3 BHK,2601.0,4,1,312.0,3,11995.39,11995.39
Super built-up  Area,Ready To Move,Indira Nagar,2 BHK,1260.0,2,2,100.0,2,7936.51,7936.51
Built-up  Area,Ready To Move,Indira Nagar,3 BHK,1740.0,3,2,191.0,3,10977.01,10977.01
Built-up  Area,Ready To Move,Indira Nagar,3 BHK,1650.0,3,3,220.0,3,13333.33,13333.33
Plot  Area,Ready To Move,Indira Nagar,3 Bedroom,1440.0,3,1,275.0,3,19097.22,19097.22
Super built-up  Area,Ready To Move,Indira Nagar,2 BHK,1475.0,2,2,171.0,2,11593.22,11593.22
Super built-up  Area,Ready To Move,Indira Nagar,4 BHK,3200.0,4,1,440.0,4,13750.0,13750.0
Built-up  Area,Ready To Move,Indira Nagar,4 BHK,4000.0,4,1,700.0,4,17500.0,17500.0
Built-up  Area,Ready To Move,Indira Nagar,1 BHK,850.0,1,2,60.0,1,7058.82,7058.82
Plot  Area,Ready To Move,Indira Nagar,4 Bedroom,2400.0,4,2,405.0,4,16875.0,16875.0
Plot  Area,Ready To Move,Indira Nagar,5 Bedroom,1800.0,5,2,350.0,5,19444.44,19444.44
Super built-up  Area,Ready To Move,Indira Nagar,3 BHK,1650.0,3,2,200.0,3,12121.21,12121.21
Super built-up  Area,Ready To Move,Indira Nagar,4 BHK,2800.0,4,3,365.0,4,13035.71,13035.71
Super built-up  Area,Ready To Move,Indira Nagar,2 BHK,1260.0,2,3,120.0,2,9523.81,9523.81
Super built-up  Area,Ready To Move,Indira Nagar,2 BHK,1149.0,2,1,130.0,2,11314.19,11314.19
Plot  Area,Ready To Move,Indira Nagar,6 Bedroom,2400.0,6,2,475.0,6,19791.67,19791.67
Super built-up  Area,Ready To Move,JP Nagar,3 BHK,1850.0,3,3,150.0,3,8108.11,8108.11
Super built-up  Area,18-Dec,JP Nagar,5 BHK,5520.0,5,1,375.0,5,6793.48,6793.48
Super built-up  Area,Ready To Move,JP Nagar,2 BHK,1100.0,2,2,70.0,2,6363.64,6363.64
Super built-up  Area,Ready To Move,JP Nagar,2 BHK,940.0,2,1,49.0,2,5212.77,5212.77
Super built-up  Area,18-Dec,JP Nagar,4 BHK,4624.5,4,0,314.5,4,6800.74,6800.74
Built-up  Area,Ready To Move,JP Nagar,2 BHK,1078.0,2,2,45.0,2,4174.4,4174.4
Super built-up  Area,Ready To Move,JP Nagar,1 BHK,1050.0,1,1,44.0,1,4190.48,4190.48
Super built-up  Area,18-Mar,JP Nagar,2 BHK,1352.5,2,0,93.865,2,6940.11,6940.11
Super built-up  Area,Ready To Move,JP Nagar,2 BHK,1200.0,2,2,62.0,2,5166.67,5166.67
Super built-up  Area,18-May,JP Nagar,2 BHK,1300.0,2,1,90.87,2,6990.0,6990.0
Built-up  Area,Ready To Move,JP Nagar,3 BHK,1315.0,2,1,85.4,3,6494.3,6494.3
Super built-up  Area,Ready To Move,JP Nagar,3 BHK,1690.0,3,2,112.0,3,6627.22,6627.22
Super built-up  Area,Ready To Move,JP Nagar,1 BHK,750.0,1,1,52.5,1,7000.0,7000.0
Super built-up  Area,Ready To Move,JP Nagar,2 BHK,1200.0,2,3,78.0,2,6500.0,6500.0
Super built-up  Area,Ready To Move,JP Nagar,3 BHK,1850.0,2,1,110.0,3,5945.95,5945.95
Super built-up  Area,Ready To Move,JP Nagar,2 BHK,1100.0,2,1,45.0,2,4090.91,4090.91
Super built-up  Area,Ready To Move,JP Nagar,2 BHK,1197.0,2,1,47.88,2,4000.0,4000.0
Built-up  Area,Ready To Move,JP Nagar,7 Bedroom,2700.0,4,1,160.0,7,5925.93,5925.93
Built-up  Area,Ready To Move,JP Nagar,2 BHK,820.0,2,1,45.0,2,5487.8,5487.8
Super built-up  Area,19-Dec,JP Nagar,3 BHK,1750.0,3,1,123.0,3,7028.57,7028.57
Super built-up  Area,18-Mar,JP Nagar,3 BHK,2195.0,3,1,152.0,3,6924.83,6924.83
Super built-up  Area,18-Dec,JP Nagar,3 BHK,3496.5,3,1,237.5,3,6792.51,6792.51
Super built-up  Area,Ready To Move,JP Nagar,1 BHK,745.0,1,0,34.27,1,4600.0,4600.0
Built-up  Area,Ready To Move,JP Nagar,6 Bedroom,1800.0,6,0,68.0,6,3777.78,3777.78
Super built-up  Area,Ready To Move,JP Nagar,2 BHK,1150.0,2,2,90.0,2,7826.09,7826.09
Super built-up  Area,19-Dec,JP Nagar,3 BHK,1960.0,3,1,138.0,3,7040.82,7040.82
Super built-up  Area,Ready To Move,JP Nagar,2 BHK,1250.0,2,2,60.0,2,4800.0,4800.0
Carpet  Area,Ready To Move,JP Nagar,3 BHK,2400.0,3,3,196.0,3,8166.67,8166.67
Super built-up  Area,19-Dec,JP Nagar,2 BHK,1300.0,2,1,91.65,2,7050.0,7050.0
Super built-up  Area,Ready To Move,JP Nagar,2 BHK,1107.0,2,1,57.0,2,5149.05,5149.05
Super built-up  Area,Ready To Move,JP Nagar,2 BHK,1250.0,2,2,93.0,2,7440.0,7440.0
Super built-up  Area,Ready To Move,JP Nagar,3 BHK,1500.0,2,1,108.0,3,7200.0,7200.0
Built-up  Area,Ready To Move,JP Nagar,3 BHK,1520.0,3,2,125.0,3,8223.68,8223.68
Super built-up  Area,19-Dec,JP Nagar,2 BHK,1405.0,2,1,99.0,2,7046.26,7046.26
Super built-up  Area,Ready To Move,JP Nagar,2 BHK,1157.0,2,1,73.0,2,6309.42,6309.42
Built-up  Area,Ready To Move,JP Nagar,2 BHK,1048.0,2,1,44.0,2,4198.47,4198.47
Super built-up  Area,Ready To Move,Jakkur,2 BHK,1417.0,2,3,75.0,2,5292.87,5292.87
Built-up  Area,Ready To Move,Jakkur,3 BHK,1590.0,2,2,125.0,3,7861.64,7861.64
Super built-up  Area,Ready To Move,Jakkur,2 BHK,1279.0,2,1,77.0,2,6020.33,6020.33
Super built-up  Area,Ready To Move,Jakkur,3 BHK,1710.0,3,2,107.0,3,6257.31,6257.31
Super built-up  Area,18-Apr,Jakkur,3 BHK,1396.0,2,1,86.51,3,6196.99,6196.99
Super built-up  Area,19-Dec,Jakkur,3 BHK,1865.0,3,1,124.0,3,6648.79,6648.79
Super built-up  Area,22-May,Jakkur,4 BHK,3181.0,4,1,260.5,4,8189.25,8189.25
Super built-up  Area,Ready To Move,Jakkur,3 BHK,1760.0,3,2,139.0,3,7897.73,7897.73
Super built-up  Area,17-Dec,Jakkur,2 BHK,1290.0,2,1,100.0,2,7751.94,7751.94
Super built-up  Area,22-May,Jakkur,2 BHK,1452.19,2,1,100.0,2,6886.15,6886.15
Super built-up  Area,19-Dec,Jakkur,3 BHK,1798.0,3,1,120.0,3,6674.08,6674.08
Super built-up  Area,Ready To Move,Jakkur,2 BHK,1300.0,2,1,85.0,2,6538.46,6538.46
Super built-up  Area,22-May,Jakkur,4 BHK,3181.0,4,0,260.5,4,8189.25,8189.25
Super built-up  Area,20-Jun,Jakkur,3 BHK,1950.0,3,2,131.0,3,6717.95,6717.95
Super built-up  Area,18-May,Jakkur,2 BHK,1230.0,2,1,76.0,2,6178.86,6178.86
Super built-up  Area,Ready To Move,Jakkur,2 BHK,1290.0,2,1,80.0,2,6201.55,6201.55
Super built-up  Area,Ready To Move,Jakkur,3 BHK,1760.0,3,2,110.0,3,6250.0,6250.0
Super built-up  Area,19-Dec,Jakkur,2 BHK,1483.0,2,1,98.0,2,6608.23,6608.23
Super built-up  Area,Ready To Move,Jakkur,3 BHK,1650.0,3,2,111.0,3,6727.27,6727.27
Super built-up  Area,19-Dec,Jakkur,3 BHK,2423.0,4,3,160.0,3,6603.38,6603.38
Super built-up  Area,18-Apr,Jakkur,3 BHK,2197.0,3,2,136.0,3,6190.26,6190.26
Super built-up  Area,Ready To Move,Jakkur,2 BHK,1125.0,2,2,65.0,2,5777.78,5777.78
Super built-up  Area,Ready To Move,Jakkur,2 BHK,1230.0,2,1,79.0,2,6422.76,6422.76
Super built-up  Area,Ready To Move,Jakkur,2 BHK,1202.0,2,1,79.0,2,6572.38,6572.38
Super built-up  Area,19-Dec,Jakkur,3 BHK,1858.0,3,1,123.0,3,6620.02,6620.02
Super built-up  Area,22-May,Jakkur,4 BHK,3181.0,4,1,229.0,4,7198.99,7198.99
Built-up  Area,Ready To Move,Jakkur,3 BHK,1785.0,3,2,130.0,3,7282.91,7282.91
Super built-up  Area,Ready To Move,Jakkur,2 BHK,1080.0,2,2,60.0,2,5555.56,5555.56
Super built-up  Area,Ready To Move,Jakkur,2 BHK,1260.0,2,0,71.195,2,5650.4,5650.4
Super built-up  Area,19-Dec,Jakkur,3 BHK,1816.0,3,1,119.0,3,6552.86,6552.86
Super built-up  Area,Ready To Move,Jakkur,2 BHK,1424.0,2,3,80.0,2,5617.98,5617.98
Super built-up  Area,Ready To Move,Jakkur,2 BHK,1290.0,2,1,85.0,2,6589.15,6589.15
Built-up  Area,Ready To Move,Jakkur,2 BHK,1300.0,2,2,80.0,2,6153.85,6153.85
Super built-up  Area,Ready To Move,Jakkur,2 BHK,1290.0,2,1,80.04,2,6204.65,6204.65
Super built-up  Area,20-Dec,Jakkur,2 BHK,1282.0,2,1,72.0,2,5616.22,5616.22
Super built-up  Area,18-Dec,Jakkur,3 BHK,1660.0,3,2,104.0,3,6265.06,6265.06
Super built-up  Area,Ready To Move,Jakkur,2 BHK,1291.0,2,1,75.0,2,5809.45,5809.45
Super built-up  Area,Ready To Move,Jakkur,2 BHK,1473.0,2,1,85.0,2,5770.54,5770.54
Super built-up  Area,Ready To Move,Jakkur,3 BHK,1660.0,3,2,104.0,3,6265.06,6265.06
Super built-up  Area,20-Jun,Jakkur,3 BHK,1950.0,3,2,131.0,3,6717.95,6717.95
Super built-up  Area,Ready To Move,Jakkur,2 BHK,1432.0,2,1,85.0,2,5935.75,5935.75
Super built-up  Area,Ready To Move,Jakkur,3 BHK,1710.0,3,2,110.0,3,6432.75,6432.75
Super built-up  Area,Ready To Move,Jalahalli,3 BHK,2250.0,3,2,160.0,3,7111.11,7111.11
Super built-up  Area,Ready To Move,Jalahalli,2 BHK,1694.0,2,2,125.0,2,7378.98,7378.98
Built-up  Area,Ready To Move,Jalahalli,2 BHK,1400.0,1,1,80.0,2,5714.29,5714.29
Super built-up  Area,Ready To Move,Jalahalli,2 BHK,1045.0,2,2,76.77,2,7346.41,7346.41
Super built-up  Area,Ready To Move,Jalahalli,3 BHK,2113.0,3,2,155.0,3,7335.54,7335.54
Super built-up  Area,Ready To Move,Jalahalli,3 BHK,1932.0,4,3,135.0,3,6987.58,6987.58
Super built-up  Area,18-Dec,Jalahalli,2 BHK,1045.0,2,1,58.0,2,5550.24,5550.24
Plot  Area,Ready To Move,Jalahalli,4 Bedroom,1200.0,4,0,90.0,4,7500.0,7500.0
Super built-up  Area,Ready To Move,Jalahalli,2 BHK,1020.0,2,1,52.0,2,5098.04,5098.04
Super built-up  Area,Ready To Move,Jalahalli,3 BHK,2384.0,4,2,165.0,3,6921.14,6921.14
Super built-up  Area,Ready To Move,Jalahalli,2 BHK,790.0,2,1,49.5,2,6265.82,6265.82
Super built-up  Area,Ready To Move,Jalahalli,3 BHK,1569.0,3,2,118.0,3,7520.71,7520.71
Plot  Area,Ready To Move,Jalahalli,1 Bedroom,600.0,1,0,37.0,1,6166.67,6166.67
Super built-up  Area,Ready To Move,Jalahalli,1 BHK,615.0,1,1,46.0,1,7479.67,7479.67
Super built-up  Area,Ready To Move,Jalahalli,2 BHK,905.0,2,2,55.0,2,6077.35,6077.35
Built-up  Area,Ready To Move,Jalahalli,2 BHK,1000.0,2,0,70.0,2,7000.0,7000.0
Super built-up  Area,Ready To Move,Jalahalli,1 BHK,615.0,1,1,46.0,1,7479.67,7479.67
Super built-up  Area,Ready To Move,Jalahalli,3 BHK,1470.0,2,3,102.0,3,6938.78,6938.78
Super built-up  Area,18-Dec,Jalahalli,2 BHK,1244.0,2,2,88.0,2,7073.95,7073.95
Built-up  Area,Ready To Move,Jalahalli,2 BHK,1407.0,2,1,98.49,2,7000.0,7000.0
Super built-up  Area,18-Dec,Jalahalli,1 BHK,1200.0,2,1,66.0,1,5500.0,5500.0
Super built-up  Area,Ready To Move,Jalahalli,2 BHK,1045.0,2,1,76.77,2,7346.41,7346.41
Super built-up  Area,Ready To Move,Jalahalli,3 BHK,2086.0,3,2,160.0,3,7670.18,7670.18
Super built-up  Area,18-Apr,Jalahalli,2 BHK,1313.0,2,2,68.0,2,5178.98,5178.98
Super built-up  Area,Ready To Move,Jalahalli East,1 BHK,750.0,1,2,40.0,1,5333.33,5333.33
Super built-up  Area,Ready To Move,Jalahalli East,3 BHK,1260.0,2,1,60.0,3,4761.9,4761.9
Super built-up  Area,Ready To Move,Jalahalli East,2 BHK,1020.0,2,1,58.0,2,5686.27,5686.27
Super built-up  Area,Ready To Move,Jalahalli East,3 BHK,1300.0,2,1,63.0,3,4846.15,4846.15
Super built-up  Area,Ready To Move,Jalahalli East,1 BHK,775.0,1,0,34.1,1,4400.0,4400.0
Super built-up  Area,Ready To Move,Jalahalli East,2 BHK,1010.0,2,1,52.0,2,5148.51,5148.51
Super built-up  Area,Ready To Move,Jalahalli East,2 BHK,1010.0,2,1,52.0,2,5148.51,5148.51
Super built-up  Area,Ready To Move,Jigani,2 BHK,918.0,2,2,52.0,2,5664.49,5664.49
Super built-up  Area,Ready To Move,Jigani,2 BHK,918.0,2,2,48.0,2,5228.76,5228.76
Built-up  Area,Ready To Move,Jigani,2 BHK,914.0,2,2,47.0,2,5142.23,5142.23
Super built-up  Area,Ready To Move,Jigani,2 BHK,927.0,2,2,55.0,2,5933.12,5933.12
Super built-up  Area,Ready To Move,Jigani,2 BHK,920.0,2,2,46.0,2,5000.0,5000.0
Plot  Area,Ready To Move,Jigani,3 Bedroom,2400.0,4,1,130.0,3,5416.67,5416.67
Super built-up  Area,Ready To Move,Jigani,2 BHK,918.0,2,2,45.0,2,4901.96,4901.96
Super built-up  Area,Ready To Move,Jigani,2 BHK,918.0,2,2,63.2,2,6884.53,6884.53
Super built-up  Area,Ready To Move,Jigani,2 BHK,933.0,2,2,43.0,2,4608.79,4608.79
Super built-up  Area,Ready To Move,Jigani,2 BHK,918.0,2,2,55.0,2,5991.29,5991.29
Plot  Area,18-Aug,Jigani,3 Bedroom,2400.0,3,2,149.0,3,6208.33,6208.33
Super built-up  Area,Ready To Move,Jigani,4 Bedroom,4303.5,4,1,226.0,4,5251.54,5251.54
Built-up  Area,Ready To Move,Jigani,2 BHK,937.0,2,1,44.0,2,4695.84,4695.84
Super built-up  Area,Ready To Move,Jigani,2 BHK,923.0,2,1,50.0,2,5417.12,5417.12
Super built-up  Area,Ready To Move,Jigani,3 BHK,1221.0,3,3,72.0,3,5896.81,5896.81
Built-up  Area,Ready To Move,Jigani,2 BHK,918.0,2,1,49.0,2,5337.69,5337.69
Super built-up  Area,Ready To Move,Jigani,2 BHK,914.0,2,2,49.0,2,5361.05,5361.05
Super built-up  Area,Ready To Move,Jigani,2 BHK,918.0,2,2,50.0,2,5446.62,5446.62
Built-up  Area,Ready To Move,Jigani,3 BHK,1200.0,3,2,65.0,3,5416.67,5416.67
Super built-up  Area,Ready To Move,Jigani,2 BHK,914.0,2,2,55.0,2,6017.51,6017.51
Super built-up  Area,Ready To Move,Jigani,3 BHK,1221.0,3,3,75.0,3,6142.51,6142.51
Super built-up  Area,Ready To Move,Jigani,3 BHK,1252.0,3,3,70.0,3,5591.05,5591.05
Super built-up  Area,Ready To Move,Jigani,2 BHK,939.0,2,2,39.0,2,4153.35,4153.35
Super built-up  Area,Ready To Move,Jigani,3 BHK,1221.0,3,3,70.0,3,5733.01,5733.01
Built-up  Area,Ready To Move,Jigani,2 BHK,943.0,2,2,48.0,2,5090.14,5090.14
Super built-up  Area,Ready To Move,Jigani,2 BHK,918.0,2,2,56.0,2,6100.22,6100.22
Super built-up  Area,Ready To Move,Jigani,2 BHK,943.0,2,2,49.5,2,5249.2,5249.2
Super built-up  Area,20-Dec,Judicial Layout,3 BHK,1300.0,3,1,64.0,3,4923.08,4923.08
Super built-up  Area,Ready To Move,Judicial Layout,3 BHK,2070.0,3,3,162.0,3,7826.09,7826.09
Built-up  Area,Ready To Move,Judicial Layout,3 Bedroom,1700.0,3,2,155.0,3,9117.65,9117.65
Super built-up  Area,20-Dec,Judicial Layout,3 BHK,1100.0,2,1,53.0,3,4818.18,4818.18
Super built-up  Area,Ready To Move,Judicial Layout,2 BHK,1165.0,2,1,49.61,2,4258.37,4258.37
Plot  Area,Ready To Move,Judicial Layout,5 Bedroom,5400.0,4,1,700.0,5,12962.96,12962.96
Plot  Area,Ready To Move,Judicial Layout,4 Bedroom,1500.0,3,2,162.0,4,10800.0,10800.0
Super built-up  Area,20-Dec,Judicial Layout,2 BHK,900.0,2,1,40.0,2,4444.44,4444.44
Super built-up  Area,Ready To Move,Judicial Layout,3 BHK,1989.0,4,3,155.0,3,7792.86,7792.86
Super built-up  Area,Ready To Move,KR Puram,2 BHK,1277.5,2,0,56.8,2,4446.18,4446.18
Built-up  Area,Ready To Move,KR Puram,2 BHK,930.0,2,2,39.0,2,4193.55,4193.55
Super built-up  Area,Ready To Move,KR Puram,2 BHK,1155.0,2,2,42.74,2,3700.43,3700.43
Super built-up  Area,Ready To Move,KR Puram,2 BHK,1225.0,2,1,46.55,2,3800.0,3800.0
Super built-up  Area,18-Jun,KR Puram,2 BHK,1100.0,2,1,47.0,2,4272.73,4272.73
Plot  Area,Ready To Move,KR Puram,2 Bedroom,1200.0,2,0,71.0,2,5916.67,5916.67
Built-up  Area,Ready To Move,KR Puram,2 BHK,750.0,2,1,25.0,2,3333.33,3333.33
Super built-up  Area,18-Jun,KR Puram,2 BHK,1015.0,2,1,43.0,2,4236.45,4236.45
Super built-up  Area,Ready To Move,KR Puram,2 BHK,1470.0,2,2,86.0,2,5850.34,5850.34
Built-up  Area,Ready To Move,KR Puram,1 BHK,714.0,1,1,28.0,1,3921.57,3921.57
Super built-up  Area,Ready To Move,KR Puram,2 BHK,1142.0,2,1,51.0,2,4465.85,4465.85
Built-up  Area,Ready To Move,KR Puram,2 BHK,1115.0,2,2,33.45,2,3000.0,3000.0
Super built-up  Area,Ready To Move,KR Puram,2 BHK,1021.0,2,1,48.0,2,4701.27,4701.27
Super built-up  Area,Ready To Move,KR Puram,3 BHK,1559.0,3,0,69.315,3,4446.12,4446.12
Built-up  Area,Ready To Move,KR Puram,2 BHK,1035.0,2,1,40.5,2,3913.04,3913.04
Plot  Area,Ready To Move,KR Puram,2 Bedroom,1550.0,2,1,71.0,2,4580.65,4580.65
Super built-up  Area,18-Sep,KR Puram,2 BHK,1192.5,2,0,51.22,2,4295.18,4295.18
Built-up  Area,Ready To Move,KR Puram,2 BHK,1100.0,2,1,46.0,2,4181.82,4181.82
Super built-up  Area,Ready To Move,KR Puram,2 BHK,1290.0,2,1,49.02,2,3800.0,3800.0
Super built-up  Area,Ready To Move,KR Puram,2 BHK,1100.0,2,2,43.0,2,3909.09,3909.09
Super built-up  Area,Ready To Move,KR Puram,2 BHK,950.0,2,1,40.0,2,4210.53,4210.53
Super built-up  Area,Ready To Move,KR Puram,2 BHK,1156.0,2,1,72.0,2,6228.37,6228.37
Plot  Area,Ready To Move,KR Puram,2 Bedroom,1000.0,2,0,60.0,2,6000.0,6000.0
Super built-up  Area,Ready To Move,KR Puram,2 BHK,1001.0,2,2,30.0,2,2997.0,2997.0
Built-up  Area,Ready To Move,KR Puram,2 BHK,750.0,2,0,40.0,2,5333.33,5333.33
Built-up  Area,Ready To Move,KR Puram,6 Bedroom,2000.0,6,0,85.0,6,4250.0,4250.0
Built-up  Area,Ready To Move,KR Puram,2 BHK,1000.0,2,1,44.5,2,4450.0,4450.0
Super built-up  Area,Ready To Move,KR Puram,2 BHK,1200.0,2,3,47.0,2,3916.67,3916.67
Plot  Area,Ready To Move,KR Puram,2 Bedroom,1200.0,1,0,65.0,2,5416.67,5416.67
Super built-up  Area,18-May,KR Puram,3 BHK,1583.0,3,1,70.445,3,4450.09,4450.09
Super built-up  Area,Ready To Move,KR Puram,2 BHK,1076.0,2,2,67.0,2,6226.77,6226.77
Super built-up  Area,Ready To Move,KR Puram,2 BHK,1140.0,2,1,43.32,2,3800.0,3800.0
Built-up  Area,Ready To Move,KR Puram,6 Bedroom,4300.0,6,2,175.0,6,4069.77,4069.77
Super built-up  Area,Ready To Move,KR Puram,2 BHK,1200.0,2,1,42.0,2,3500.0,3500.0
Super built-up  Area,Ready To Move,KR Puram,2 BHK,1040.0,2,2,50.0,2,4807.69,4807.69
Built-up  Area,Ready To Move,KR Puram,4 Bedroom,1200.0,4,0,83.0,4,6916.67,6916.67
Built-up  Area,Ready To Move,KR Puram,2 BHK,734.0,2,1,22.0,2,2997.28,2997.28
Super built-up  Area,Ready To Move,KR Puram,2 BHK,1120.0,2,2,36.0,2,3214.29,3214.29
Super built-up  Area,Ready To Move,KR Puram,2 BHK,1150.0,2,1,42.0,2,3652.17,3652.17
Built-up  Area,18-Feb,KR Puram,9 BHK,4600.0,9,2,200.0,9,4347.83,4347.83
Built-up  Area,Ready To Move,KR Puram,2 BHK,1050.0,2,2,55.0,2,5238.1,5238.1
Carpet  Area,Ready To Move,KR Puram,2 BHK,1057.0,2,2,30.0,2,2838.22,2838.22
Super built-up  Area,18-Jun,KR Puram,2 BHK,1085.0,2,1,46.5,2,4285.71,4285.71
Super built-up  Area,Ready To Move,KR Puram,3 BHK,1700.0,3,3,105.0,3,6176.47,6176.47
Super built-up  Area,Ready To Move,KR Puram,2 BHK,1200.0,2,1,72.0,2,6000.0,6000.0
Super built-up  Area,Ready To Move,KR Puram,4 BHK,3628.0,4,1,246.0,4,6780.6,6780.6
Super built-up  Area,Ready To Move,KR Puram,2 BHK,2000.0,2,0,75.0,2,3750.0,3750.0
Super built-up  Area,Ready To Move,KR Puram,2 BHK,1100.0,2,2,45.0,2,4090.91,4090.91
Built-up  Area,Ready To Move,KR Puram,2 BHK,1035.0,2,2,40.0,2,3864.73,3864.73
Super built-up  Area,Ready To Move,KR Puram,2 BHK,1116.0,2,1,45.0,2,4032.26,4032.26
Super built-up  Area,Ready To Move,KR Puram,2 BHK,1290.0,2,2,69.0,2,5348.84,5348.84
Super built-up  Area,Ready To Move,KR Puram,3 BHK,1300.0,2,2,57.0,3,4384.62,4384.62
Carpet  Area,Ready To Move,KR Puram,2 BHK,866.28,2,0,36.38,2,4199.57,4199.57
Super built-up  Area,Ready To Move,KR Puram,2 BHK,1096.0,2,1,43.0,2,3923.36,3923.36
Super built-up  Area,Ready To Move,KR Puram,2 BHK,1204.0,2,2,58.0,2,4817.28,4817.28
Built-up  Area,Ready To Move,KR Puram,1 BHK,700.0,1,1,21.5,1,3071.43,3071.43
Super built-up  Area,Ready To Move,KR Puram,2 BHK,1205.0,2,1,45.79,2,3800.0,3800.0
Super built-up  Area,Ready To Move,KR Puram,3 BHK,1827.0,3,2,97.0,3,5309.25,5309.25
Built-up  Area,18-May,KR Puram,2 BHK,1075.0,2,2,32.25,2,3000.0,3000.0
Built-up  Area,Ready To Move,KR Puram,2 BHK,1100.0,2,1,39.9,2,3627.27,3627.27
Super built-up  Area,21-Dec,KR Puram,4 BHK,2283.0,4,1,121.0,4,5300.04,5300.04
Built-up  Area,Ready To Move,KR Puram,7 Bedroom,2800.0,6,1,110.0,7,3928.57,3928.57
Super built-up  Area,Ready To Move,KR Puram,2 BHK,1020.0,2,2,39.0,2,3823.53,3823.53
Plot  Area,Ready To Move,KR Puram,2 Bedroom,1200.0,2,0,75.0,2,6250.0,6250.0
Super built-up  Area,Ready To Move,KR Puram,2 BHK,1245.0,2,1,60.0,2,4819.28,4819.28
Super built-up  Area,Ready To Move,Kadubeesanahalli,3 BHK,1665.0,3,3,70.0,3,4204.2,4204.2
Super built-up  Area,Ready To Move,Kadubeesanahalli,3 BHK,1532.0,3,1,115.0,3,7506.53,7506.53
Super built-up  Area,Ready To Move,Kadubeesanahalli,3 BHK,1545.0,2,2,66.0,3,4271.84,4271.84
Super built-up  Area,Ready To Move,Kadubeesanahalli,3 BHK,1424.0,2,2,75.0,3,5266.85,5266.85
Super built-up  Area,Ready To Move,Kadubeesanahalli,2 BHK,1257.0,2,2,93.0,2,7398.57,7398.57
Built-up  Area,Ready To Move,Kadubeesanahalli,3 BHK,1365.0,3,1,80.0,3,5860.81,5860.81
Super built-up  Area,Ready To Move,Kadubeesanahalli,2 BHK,1257.0,2,1,105.0,2,8353.22,8353.22
Built-up  Area,Ready To Move,Kadubeesanahalli,2 BHK,1184.0,2,1,55.0,2,4645.27,4645.27
Super built-up  Area,Ready To Move,Kadubeesanahalli,2 BHK,1185.0,2,3,55.0,2,4641.35,4641.35
Super built-up  Area,Ready To Move,Kadubeesanahalli,2 BHK,1140.0,2,1,78.0,2,6842.11,6842.11
Super built-up  Area,Ready To Move,Kadugodi,3 BHK,1762.0,3,3,91.45,3,5190.12,5190.12
Super built-up  Area,Ready To Move,Kadugodi,2 BHK,1198.0,2,2,58.0,2,4841.4,4841.4
Super built-up  Area,18-Mar,Kadugodi,3 BHK,1890.0,4,3,127.0,3,6719.58,6719.58
Plot  Area,Ready To Move,Kadugodi,4 Bedroom,3750.0,4,0,210.0,4,5600.0,5600.0
Super built-up  Area,18-May,Kadugodi,3 BHK,1762.0,3,3,110.0,3,6242.91,6242.91
Super built-up  Area,18-Apr,Kadugodi,3 BHK,1900.0,3,1,108.0,3,5684.21,5684.21
Super built-up  Area,18-Apr,Kadugodi,2 BHK,1314.0,2,3,68.2,2,5190.26,5190.26
Super built-up  Area,Ready To Move,Kadugodi,3 BHK,1645.0,2,2,82.0,3,4984.8,4984.8
Built-up  Area,Ready To Move,Kadugodi,2 BHK,1100.0,2,1,45.0,2,4090.91,4090.91
Super built-up  Area,17-Dec,Kadugodi,2 BHK,1314.0,2,2,78.0,2,5936.07,5936.07
Super built-up  Area,18-Mar,Kadugodi,3 BHK,1762.0,3,3,112.0,3,6356.41,6356.41
Super built-up  Area,18-Apr,Kadugodi,2 BHK,1314.0,2,3,83.0,2,6316.59,6316.59
Super built-up  Area,Ready To Move,Kadugodi,1 BHK,925.0,1,0,40.7,1,4400.0,4400.0
Super built-up  Area,Ready To Move,Kadugodi,3 BHK,1351.0,2,2,78.0,3,5773.5,5773.5
Super built-up  Area,Ready To Move,Kadugodi,2 BHK,1010.0,2,1,50.0,2,4950.5,4950.5
Super built-up  Area,18-Apr,Kadugodi,3 BHK,1890.0,4,3,125.0,3,6613.76,6613.76
Super built-up  Area,Ready To Move,Kadugodi,2 BHK,1152.0,2,2,61.0,2,5295.14,5295.14
Super built-up  Area,Ready To Move,Kadugodi,2 BHK,1394.0,2,2,56.0,2,4017.22,4017.22
Super built-up  Area,18-Mar,Kadugodi,3 BHK,1762.0,3,3,112.0,3,6356.41,6356.41
Super built-up  Area,18-May,Kadugodi,3 BHK,1890.0,4,3,125.0,3,6613.76,6613.76
Built-up  Area,Ready To Move,Kadugodi,2 BHK,1088.0,2,2,44.0,2,4044.12,4044.12
Plot  Area,Ready To Move,Kadugodi,3 Bedroom,1875.0,2,1,110.0,3,5866.67,5866.67
Super built-up  Area,Ready To Move,Kadugodi,2 BHK,1150.0,2,2,42.0,2,3652.17,3652.17
Super built-up  Area,18-Apr,Kadugodi,3 BHK,1762.0,3,3,109.0,3,6186.15,6186.15
Super built-up  Area,18-May,Kadugodi,2 BHK,1314.0,2,3,80.0,2,6088.28,6088.28
Super built-up  Area,Ready To Move,Kadugodi,2 BHK,1196.0,2,3,60.0,2,5016.72,5016.72
Super built-up  Area,Ready To Move,Kaggadasapura,3 BHK,1280.0,2,2,56.0,3,4375.0,4375.0
Built-up  Area,Ready To Move,Kaggadasapura,2 BHK,1275.0,2,2,52.0,2,4078.43,4078.43
Built-up  Area,Ready To Move,Kaggadasapura,4 BHK,2150.0,4,1,100.0,4,4651.16,4651.16
Super built-up  Area,Ready To Move,Kaggadasapura,2 BHK,1150.0,2,3,42.0,2,3652.17,3652.17
Super built-up  Area,Ready To Move,Kaggadasapura,2 BHK,1110.0,2,3,53.0,2,4774.77,4774.77
Super built-up  Area,Ready To Move,Kaggadasapura,2 BHK,1060.0,2,2,48.0,2,4528.3,4528.3
Super built-up  Area,Ready To Move,Kaggadasapura,2 BHK,1063.0,2,2,42.0,2,3951.08,3951.08
Built-up  Area,Ready To Move,Kaggadasapura,3 BHK,1470.0,2,2,75.0,3,5102.04,5102.04
Super built-up  Area,Ready To Move,Kaggadasapura,2 BHK,1050.0,2,2,48.0,2,4571.43,4571.43
Super built-up  Area,Ready To Move,Kaggadasapura,2 BHK,1132.0,2,2,42.0,2,3710.25,3710.25
Super built-up  Area,Ready To Move,Kaggadasapura,2 BHK,1100.0,2,3,58.0,2,5272.73,5272.73
Super built-up  Area,Ready To Move,Kaggadasapura,2 BHK,1325.0,2,2,50.0,2,3773.58,3773.58
Super built-up  Area,Ready To Move,Kaggadasapura,2 BHK,1200.0,2,2,53.0,2,4416.67,4416.67
Super built-up  Area,Ready To Move,Kaggadasapura,2 BHK,1035.0,2,2,45.5,2,4396.14,4396.14
Super built-up  Area,Ready To Move,Kaggadasapura,2 BHK,1180.0,1,0,50.0,2,4237.29,4237.29
Built-up  Area,Ready To Move,Kaggadasapura,2 BHK,1140.0,2,2,46.0,2,4035.09,4035.09
Super built-up  Area,Ready To Move,Kaggadasapura,3 BHK,1340.0,3,1,66.0,3,4925.37,4925.37
Built-up  Area,Ready To Move,Kaggadasapura,3 BHK,1500.0,3,0,75.0,3,5000.0,5000.0
Carpet  Area,Ready To Move,Kaggadasapura,2 BHK,1215.0,2,3,43.0,2,3539.09,3539.09
Super built-up  Area,18-Aug,Kaggadasapura,2 BHK,1225.0,2,2,48.0,2,3918.37,3918.37
Super built-up  Area,Ready To Move,Kaggadasapura,3 BHK,1540.0,3,1,75.0,3,4870.13,4870.13
Built-up  Area,Ready To Move,Kaggadasapura,2 BHK,1240.0,2,3,45.0,2,3629.03,3629.03
Super built-up  Area,Ready To Move,Kaggadasapura,3 BHK,1560.0,2,3,72.0,3,4615.38,4615.38
Built-up  Area,Ready To Move,Kaggadasapura,2 BHK,1240.0,2,1,58.58,2,4724.19,4724.19
Super built-up  Area,Ready To Move,Kaggadasapura,2 BHK,1000.0,2,2,43.0,2,4300.0,4300.0
Built-up  Area,Ready To Move,Kaggadasapura,2 BHK,1225.0,2,2,48.0,2,3918.37,3918.37
Super built-up  Area,Ready To Move,Kaggadasapura,2 BHK,960.0,2,1,45.0,2,4687.5,4687.5
Carpet  Area,Ready To Move,Kaggadasapura,2 BHK,775.0,2,2,29.5,2,3806.45,3806.45
Super built-up  Area,Ready To Move,Kaggadasapura,3 BHK,1455.0,3,3,75.0,3,5154.64,5154.64
Built-up  Area,Ready To Move,Kaggadasapura,2 BHK,1045.0,2,2,55.0,2,5263.16,5263.16
Built-up  Area,Ready To Move,Kaggadasapura,3 BHK,1654.0,3,3,70.0,3,4232.16,4232.16
Super built-up  Area,Ready To Move,Kaggadasapura,2 BHK,1106.0,2,3,40.0,2,3616.64,3616.64
Super built-up  Area,Ready To Move,Kaggadasapura,3 BHK,1485.0,2,2,70.0,3,4713.8,4713.8
Super built-up  Area,Ready To Move,Kaggadasapura,2 BHK,1175.0,2,2,50.0,2,4255.32,4255.32
Super built-up  Area,Ready To Move,Kaggadasapura,2 BHK,1105.0,2,1,39.5,2,3574.66,3574.66
Super built-up  Area,Ready To Move,Kaggadasapura,3 BHK,1500.0,2,2,75.0,3,5000.0,5000.0
Super built-up  Area,Ready To Move,Kaggadasapura,3 BHK,1400.0,2,2,68.0,3,4857.14,4857.14
Built-up  Area,Ready To Move,Kaggadasapura,2 BHK,1150.0,2,2,45.0,2,3913.04,3913.04
Super built-up  Area,Ready To Move,Kaggalipura,1 BHK,700.0,1,0,38.0,1,5428.57,5428.57
Super built-up  Area,Ready To Move,Kaggalipura,1 BHK,700.0,1,0,36.0,1,5142.86,5142.86
Super built-up  Area,Ready To Move,Kaggalipura,2 BHK,950.0,2,1,48.0,2,5052.63,5052.63
Super built-up  Area,Ready To Move,Kaggalipura,2 BHK,1000.0,2,1,60.0,2,6000.0,6000.0
Super built-up  Area,Ready To Move,Kaggalipura,2 BHK,950.0,2,1,50.0,2,5263.16,5263.16
Super built-up  Area,Ready To Move,Kaggalipura,2 BHK,950.0,2,1,47.0,2,4947.37,4947.37
Super built-up  Area,Ready To Move,Kaggalipura,3 BHK,1150.0,2,1,62.0,3,5391.3,5391.3
Super built-up  Area,Ready To Move,Kaggalipura,1 BHK,700.0,1,0,35.0,1,5000.0,5000.0
Super built-up  Area,Ready To Move,Kaggalipura,2 BHK,950.0,2,1,45.0,2,4736.84,4736.84
Super built-up  Area,Ready To Move,Kaggalipura,2 BHK,950.0,2,1,60.0,2,6315.79,6315.79
Super built-up  Area,Ready To Move,Kaikondrahalli,3 BHK,1645.0,3,2,100.0,3,6079.03,6079.03
Super built-up  Area,Ready To Move,Kaikondrahalli,2 BHK,1115.0,2,2,50.0,2,4484.3,4484.3
Super built-up  Area,Ready To Move,Kaikondrahalli,3 BHK,1220.0,3,2,56.0,3,4590.16,4590.16
Super built-up  Area,Ready To Move,Kaikondrahalli,2 BHK,1300.0,2,2,61.0,2,4692.31,4692.31
Built-up  Area,Ready To Move,Kaikondrahalli,4 BHK,1700.0,4,1,108.0,4,6352.94,6352.94
Super built-up  Area,Ready To Move,Kaikondrahalli,3 BHK,1342.0,3,3,92.0,3,6855.44,6855.44
Super built-up  Area,Ready To Move,Kaikondrahalli,3 BHK,1605.0,3,3,105.0,3,6542.06,6542.06
Super built-up  Area,Ready To Move,Kaikondrahalli,2 BHK,1253.0,2,2,81.5,2,6504.39,6504.39
Super built-up  Area,Ready To Move,Kaikondrahalli,2 BHK,991.0,2,0,64.0,2,6458.12,6458.12
Super built-up  Area,Ready To Move,Kaikondrahalli,2 BHK,1250.0,2,1,78.0,2,6240.0,6240.0
Built-up  Area,Ready To Move,Kaikondrahalli,6 BHK,3381.0,6,3,225.0,6,6654.84,6654.84
Super built-up  Area,Ready To Move,Kalena Agrahara,2 BHK,1200.0,2,2,50.0,2,4166.67,4166.67
Super built-up  Area,Ready To Move,Kalena Agrahara,3 BHK,1804.0,3,2,120.0,3,6651.88,6651.88
Super built-up  Area,Ready To Move,Kalena Agrahara,3 BHK,1425.0,2,1,70.0,3,4912.28,4912.28
Super built-up  Area,Ready To Move,Kalena Agrahara,2 BHK,1325.0,2,2,76.0,2,5735.85,5735.85
Super built-up  Area,Ready To Move,Kalena Agrahara,3 BHK,1450.0,2,3,85.0,3,5862.07,5862.07
Built-up  Area,Ready To Move,Kalena Agrahara,2 BHK,980.0,2,1,40.0,2,4081.63,4081.63
Super built-up  Area,Ready To Move,Kalena Agrahara,2 BHK,1187.0,2,3,52.0,2,4380.79,4380.79
Super built-up  Area,Ready To Move,Kalena Agrahara,2 BHK,800.0,2,2,30.0,2,3750.0,3750.0
Built-up  Area,Ready To Move,Kalena Agrahara,3 BHK,1565.0,3,2,78.0,3,4984.03,4984.03
Super built-up  Area,Ready To Move,Kalena Agrahara,1 BHK,610.0,1,1,39.0,1,6393.44,6393.44
Built-up  Area,Ready To Move,Kalena Agrahara,2 BHK,1040.0,2,2,45.0,2,4326.92,4326.92
Super built-up  Area,Ready To Move,Kalena Agrahara,3 BHK,1450.0,3,3,100.0,3,6896.55,6896.55
Super built-up  Area,Ready To Move,Kalena Agrahara,2 BHK,1200.0,2,2,45.0,2,3750.0,3750.0
Super built-up  Area,Ready To Move,Kalena Agrahara,3 BHK,1902.0,3,2,89.0,3,4679.28,4679.28
Super built-up  Area,Ready To Move,Kalena Agrahara,2 BHK,800.0,2,1,40.0,2,5000.0,5000.0
Super built-up  Area,Ready To Move,Kalena Agrahara,2 BHK,1222.0,2,3,48.0,2,3927.99,3927.99
Super built-up  Area,Ready To Move,Kalena Agrahara,2 BHK,900.0,2,1,40.0,2,4444.44,4444.44
Super built-up  Area,Ready To Move,Kalena Agrahara,3 BHK,1837.0,2,2,95.0,3,5171.48,5171.48
Built-up  Area,Ready To Move,Kalena Agrahara,3 BHK,1510.0,3,2,78.0,3,5165.56,5165.56
Super built-up  Area,Ready To Move,Kalena Agrahara,2 BHK,1354.0,2,2,70.0,2,5169.87,5169.87
Super built-up  Area,Ready To Move,Kalena Agrahara,2 BHK,1200.0,3,2,70.0,2,5833.33,5833.33
Super built-up  Area,Ready To Move,Kalena Agrahara,2 BHK,1354.0,2,2,71.0,2,5243.72,5243.72
Built-up  Area,Ready To Move,Kalyan nagar,3 BHK,1375.0,3,2,75.0,3,5454.55,5454.55
Built-up  Area,Ready To Move,Kalyan nagar,2 BHK,820.0,2,0,39.0,2,4756.1,4756.1
Built-up  Area,Ready To Move,Kalyan nagar,4 BHK,3800.0,5,3,300.0,4,7894.74,7894.74
Built-up  Area,Ready To Move,Kalyan nagar,3 BHK,1640.0,3,3,88.0,3,5365.85,5365.85
Super built-up  Area,Ready To Move,Kalyan nagar,2 BHK,1080.0,2,2,73.0,2,6759.26,6759.26
Super built-up  Area,Ready To Move,Kalyan nagar,4 BHK,2422.0,3,2,150.0,4,6193.23,6193.23
Super built-up  Area,Ready To Move,Kalyan nagar,2 BHK,1280.0,2,1,48.0,2,3750.0,3750.0
Super built-up  Area,Ready To Move,Kalyan nagar,2 BHK,1198.0,2,1,65.0,2,5425.71,5425.71
Built-up  Area,Ready To Move,Kalyan nagar,2 BHK,1250.0,2,2,65.0,2,5200.0,5200.0
Built-up  Area,Ready To Move,Kalyan nagar,2 BHK,1190.0,2,1,60.0,2,5042.02,5042.02
Built-up  Area,Ready To Move,Kalyan nagar,2 BHK,1086.0,2,2,44.5,2,4097.61,4097.61
Super built-up  Area,Ready To Move,Kalyan nagar,3 BHK,2285.0,4,1,165.0,3,7221.01,7221.01
Built-up  Area,Ready To Move,Kalyan nagar,2 BHK,1100.0,2,1,70.0,2,6363.64,6363.64
Super built-up  Area,17-May,Kambipura,2 BHK,883.0,2,1,45.0,2,5096.26,5096.26
Super built-up  Area,Ready To Move,Kambipura,3 BHK,1082.0,2,1,56.0,3,5175.6,5175.6
Super built-up  Area,Ready To Move,Kambipura,2 BHK,883.0,2,1,45.0,2,5096.26,5096.26
Super built-up  Area,Ready To Move,Kambipura,2 BHK,883.0,2,1,39.0,2,4416.76,4416.76
Super built-up  Area,Ready To Move,Kambipura,2 BHK,883.0,2,1,45.0,2,5096.26,5096.26
Super built-up  Area,Ready To Move,Kambipura,2 BHK,883.0,2,1,39.0,2,4416.76,4416.76
Super built-up  Area,Ready To Move,Kambipura,3 BHK,1082.0,2,1,55.0,3,5083.18,5083.18
Super built-up  Area,Ready To Move,Kambipura,2 BHK,883.0,2,1,37.0,2,4190.26,4190.26
Super built-up  Area,Ready To Move,Kambipura,2 BHK,883.0,2,1,44.0,2,4983.01,4983.01
Super built-up  Area,Ready To Move,Kambipura,2 BHK,883.0,2,1,37.0,2,4190.26,4190.26
Built-up  Area,Ready To Move,Kambipura,2 BHK,883.0,2,1,39.0,2,4416.76,4416.76
Super built-up  Area,Ready To Move,Kambipura,2 BHK,883.0,2,1,37.01,2,4191.39,4191.39
Super built-up  Area,Ready To Move,Kambipura,2 BHK,883.0,2,1,39.0,2,4416.76,4416.76
Super built-up  Area,Ready To Move,Kambipura,2 BHK,883.0,2,1,45.0,2,5096.26,5096.26
Built-up  Area,Ready To Move,Kambipura,2 BHK,883.0,2,1,39.0,2,4416.76,4416.76
Super built-up  Area,Ready To Move,Kambipura,3 BHK,1082.0,2,1,55.0,3,5083.18,5083.18
Built-up  Area,Ready To Move,Kammanahalli,5 BHK,2845.0,5,1,140.0,5,4920.91,4920.91
Built-up  Area,Ready To Move,Kammanahalli,5 Bedroom,1666.0,4,1,150.0,5,9003.6,9003.6
Built-up  Area,Ready To Move,Kammanahalli,1 Bedroom,700.0,1,0,59.0,1,8428.57,8428.57
Super built-up  Area,Ready To Move,Kammanahalli,2 BHK,1200.0,2,2,80.0,2,6666.67,6666.67
Built-up  Area,Ready To Move,Kammanahalli,2 BHK,1100.0,2,1,60.0,2,5454.55,5454.55
Plot  Area,Ready To Move,Kammanahalli,2 Bedroom,1200.0,1,1,81.0,2,6750.0,6750.0
Built-up  Area,Ready To Move,Kammanahalli,4 Bedroom,2900.0,4,2,200.0,4,6896.55,6896.55
Super built-up  Area,Ready To Move,Kammanahalli,2 BHK,1200.0,3,2,80.0,2,6666.67,6666.67
Super built-up  Area,Ready To Move,Kammasandra,3 BHK,1595.0,3,2,65.0,3,4075.24,4075.24
Super built-up  Area,18-Apr,Kammasandra,2 BHK,810.0,2,2,24.5,2,3024.69,3024.69
Super built-up  Area,Ready To Move,Kammasandra,1 BHK,657.5,1,0,18.41,1,2800.0,2800.0
Super built-up  Area,Ready To Move,Kammasandra,2 BHK,674.0,2,1,29.0,2,4302.67,4302.67
Super built-up  Area,Ready To Move,Kammasandra,3 BHK,912.0,2,1,39.0,3,4276.32,4276.32
Super built-up  Area,Ready To Move,Kammasandra,2 BHK,1156.0,2,2,32.0,2,2768.17,2768.17
Super built-up  Area,Ready To Move,Kammasandra,2 BHK,870.0,2,1,24.0,2,2758.62,2758.62
Built-up  Area,Ready To Move,Kammasandra,2 BHK,990.0,2,1,31.5,2,3181.82,3181.82
Super built-up  Area,Ready To Move,Kammasandra,2 BHK,930.0,2,0,25.0,2,2688.17,2688.17
Super built-up  Area,18-Mar,Kammasandra,2 BHK,992.0,2,2,25.79,2,2599.8,2599.8
Super built-up  Area,Ready To Move,Kammasandra,2 BHK,1030.0,1,2,25.75,2,2500.0,2500.0
Super built-up  Area,Ready To Move,Kammasandra,2 BHK,1015.0,2,2,37.0,2,3645.32,3645.32
Super built-up  Area,Ready To Move,Kammasandra,2 BHK,1080.0,2,1,31.99,2,2962.04,2962.04
Built-up  Area,Ready To Move,Kammasandra,2 BHK,1415.0,2,2,60.0,2,4240.28,4240.28
Super built-up  Area,Ready To Move,Kammasandra,2 BHK,1057.0,2,1,35.0,2,3311.26,3311.26
Super built-up  Area,18-Mar,Kammasandra,2 BHK,982.0,2,2,25.53,2,2599.8,2599.8
Super built-up  Area,Ready To Move,Kammasandra,3 BHK,1500.0,3,2,65.0,3,4333.33,4333.33
Super built-up  Area,Ready To Move,Kammasandra,2 BHK,985.0,2,1,40.5,2,4111.68,4111.68
Super built-up  Area,Ready To Move,Kammasandra,2 BHK,940.0,2,2,35.0,2,3723.4,3723.4
Super built-up  Area,18-Apr,Kammasandra,1 BHK,610.0,1,1,18.5,1,3032.79,3032.79
Built-up  Area,Ready To Move,Kanakapura,3 BHK,1419.0,3,3,75.0,3,5285.41,5285.41
Super built-up  Area,19-Dec,Kanakapura,1 BHK,711.0,1,1,36.0,1,5063.29,5063.29
Super built-up  Area,19-Dec,Kanakapura,1 BHK,711.0,1,1,38.0,1,5344.59,5344.59
Super built-up  Area,18-Mar,Kanakapura,2 BHK,929.0,2,1,46.0,2,4951.56,4951.56
Super built-up  Area,22-Mar,Kanakapura,1 BHK,551.0,1,1,30.0,1,5444.65,5444.65
Super built-up  Area,Ready To Move,Kanakapura,2 BHK,1020.0,2,1,42.83,2,4199.02,4199.02
Super built-up  Area,19-Dec,Kanakapura,3 BHK,1699.0,3,3,97.0,3,5709.24,5709.24
Super built-up  Area,Ready To Move,Kanakapura,2 BHK,1130.0,2,1,45.2,2,4000.0,4000.0
Super built-up  Area,20-Dec,Kanakapura,3 BHK,1476.0,3,1,75.0,3,5081.3,5081.3
Super built-up  Area,18-Dec,Kanakapura,2 BHK,1295.0,2,2,64.0,2,4942.08,4942.08
Super built-up  Area,Ready To Move,Kanakapura,2 BHK,1160.0,2,1,46.39,2,3999.14,3999.14
Super built-up  Area,Ready To Move,Kanakapura,2 BHK,1277.0,2,2,55.0,2,4306.97,4306.97
Super built-up  Area,19-Dec,Kanakapura,2 BHK,1151.0,2,1,59.0,2,5125.98,5125.98
Super built-up  Area,22-Mar,Kanakapura,2 BHK,945.0,2,1,47.0,2,4973.54,4973.54
Super built-up  Area,22-Mar,Kanakapura,3 BHK,1254.0,2,2,70.0,3,5582.14,5582.14
Built-up  Area,18-Mar,Kanakapura,3 Bedroom,2200.0,3,1,121.0,3,5500.0,5500.0
Built-up  Area,Ready To Move,Kanakapura,2 BHK,1340.0,2,2,65.0,2,4850.75,4850.75
Super built-up  Area,Ready To Move,Kanakapura,3 BHK,1450.0,3,1,75.0,3,5172.41,5172.41
Super built-up  Area,Ready To Move,Kanakapura,2 BHK,1130.0,2,1,45.2,2,4000.0,4000.0
Super built-up  Area,18-Aug,Kanakapura,2 BHK,1283.0,2,2,68.0,2,5300.08,5300.08
Built-up  Area,Ready To Move,Kanakapura,4 BHK,2130.0,4,0,120.0,4,5633.8,5633.8
Super built-up  Area,19-Dec,Kanakapura,1 BHK,938.0,1,1,50.0,1,5330.49,5330.49
Super built-up  Area,19-Dec,Kanakapura,1 BHK,825.0,1,0,35.475,1,4300.0,4300.0
Super built-up  Area,19-Dec,Kanakapura,3 BHK,1489.0,2,1,70.0,3,4701.14,4701.14
Super built-up  Area,19-Dec,Kanakapura,3 BHK,1477.0,2,1,69.5,3,4705.48,4705.48
Super built-up  Area,21-Dec,Kanakpura Road,2 BHK,700.0,2,1,36.0,2,5142.86,5142.86
Super built-up  Area,Ready To Move,Kanakpura Road,3 BHK,1665.0,3,2,88.0,3,5285.29,5285.29
Built-up  Area,Ready To Move,Kanakpura Road,2 BHK,950.0,2,1,57.0,2,6000.0,6000.0
Built-up  Area,18-Dec,Kanakpura Road,4 Bedroom,2250.0,4,1,110.0,4,4888.89,4888.89
Super built-up  Area,20-Dec,Kanakpura Road,1 BHK,525.0,1,1,26.0,1,4952.38,4952.38
Super built-up  Area,21-Dec,Kanakpura Road,1 BHK,525.0,1,1,21.53,1,4100.95,4100.95
Super built-up  Area,21-Dec,Kanakpura Road,1 BHK,525.0,1,1,27.25,1,5190.48,5190.48
Super built-up  Area,20-Oct,Kanakpura Road,3 BHK,1100.0,2,1,58.0,3,5272.73,5272.73
Super built-up  Area,21-Oct,Kanakpura Road,1 BHK,525.0,1,1,30.0,1,5714.29,5714.29
Super built-up  Area,Ready To Move,Kanakpura Road,2 BHK,1339.0,2,3,75.0,2,5601.19,5601.19
Super built-up  Area,21-Jan,Kanakpura Road,3 BHK,1100.0,3,2,58.0,3,5272.73,5272.73
Super built-up  Area,21-Dec,Kanakpura Road,1 BHK,525.0,1,1,26.0,1,4952.38,4952.38
Super built-up  Area,Ready To Move,Kanakpura Road,3 BHK,1843.0,3,2,95.84,3,5200.22,5200.22
Super built-up  Area,18-Dec,Kanakpura Road,2 BHK,1290.0,2,3,74.0,2,5736.43,5736.43
Super built-up  Area,Ready To Move,Kanakpura Road,3 BHK,1665.0,3,2,86.58,3,5200.0,5200.0
Super built-up  Area,Ready To Move,Kanakpura Road,3 BHK,1542.0,2,3,85.0,3,5512.32,5512.32
Super built-up  Area,21-Dec,Kanakpura Road,3 BHK,1300.0,2,3,69.0,3,5307.69,5307.69
Super built-up  Area,20-Oct,Kanakpura Road,2 BHK,900.0,2,1,46.0,2,5111.11,5111.11
Super built-up  Area,21-Dec,Kanakpura Road,2 BHK,900.0,2,1,46.0,2,5111.11,5111.11
Super built-up  Area,21-Oct,Kanakpura Road,2 BHK,900.0,2,1,46.0,2,5111.11,5111.11
Super built-up  Area,Ready To Move,Kanakpura Road,2 BHK,1495.0,2,2,90.0,2,6020.07,6020.07
Carpet  Area,Ready To Move,Kanakpura Road,3 BHK,1560.0,3,1,92.0,3,5897.44,5897.44
Super built-up  Area,Ready To Move,Kanakpura Road,2 BHK,1135.0,2,2,58.0,2,5110.13,5110.13
Super built-up  Area,Ready To Move,Kanakpura Road,3 BHK,1420.0,2,2,75.0,3,5281.69,5281.69
Super built-up  Area,20-Dec,Kanakpura Road,1 BHK,825.0,1,0,36.29,1,4398.79,4398.79
Super built-up  Area,20-Dec,Kanakpura Road,2 BHK,983.0,2,1,50.6,2,5147.51,5147.51
Super built-up  Area,Ready To Move,Kanakpura Road,3 BHK,1843.0,3,2,95.84,3,5200.22,5200.22
Super built-up  Area,19-Dec,Kanakpura Road,2 BHK,1366.0,3,1,76.85,2,5625.92,5625.92
Super built-up  Area,21-Dec,Kanakpura Road,1 BHK,525.0,1,1,25.0,1,4761.9,4761.9
Super built-up  Area,21-Feb,Kanakpura Road,3 BHK,2265.0,3,2,136.0,3,6004.42,6004.42
Plot  Area,Ready To Move,Kanakpura Road,3 Bedroom,2200.0,3,2,130.0,3,5909.09,5909.09
Super built-up  Area,21-Jan,Kanakpura Road,1 BHK,525.0,1,1,30.0,1,5714.29,5714.29
Super built-up  Area,21-Mar,Kanakpura Road,2 BHK,1051.0,2,2,56.74,2,5398.67,5398.67
Super built-up  Area,21-Jan,Kanakpura Road,1 BHK,525.0,1,1,30.0,1,5714.29,5714.29
Super built-up  Area,21-Jan,Kanakpura Road,3 BHK,1300.0,3,2,69.0,3,5307.69,5307.69
Super built-up  Area,21-Oct,Kanakpura Road,2 BHK,700.0,2,1,40.0,2,5714.29,5714.29
Carpet  Area,20-Dec,Kanakpura Road,1 BHK,458.0,1,0,19.695,1,4300.22,4300.22
Super built-up  Area,Ready To Move,Kanakpura Road,3 BHK,1700.0,3,3,88.0,3,5176.47,5176.47
Plot  Area,Ready To Move,Kanakpura Road,4 Bedroom,2775.0,3,1,165.0,4,5945.95,5945.95
Plot  Area,Ready To Move,Kanakpura Road,3 Bedroom,1900.0,3,1,99.0,3,5210.53,5210.53
Super built-up  Area,19-Jul,Kanakpura Road,2 BHK,1290.0,2,3,80.0,2,6201.55,6201.55
Super built-up  Area,21-Feb,Kanakpura Road,3 BHK,1868.0,3,2,113.0,3,6049.25,6049.25
Super built-up  Area,18-Dec,Kanakpura Road,2 BHK,1366.0,2,1,83.0,2,6076.13,6076.13
Super built-up  Area,21-Dec,Kanakpura Road,2 BHK,700.0,2,1,40.0,2,5714.29,5714.29
Super built-up  Area,Ready To Move,Kanakpura Road,2 BHK,1339.0,2,2,71.5,2,5339.81,5339.81
Super built-up  Area,20-Dec,Kanakpura Road,1 BHK,670.0,1,1,35.0,1,5223.88,5223.88
Super built-up  Area,21-Dec,Kanakpura Road,1 BHK,525.0,1,1,30.0,1,5714.29,5714.29
Super built-up  Area,Ready To Move,Kanakpura Road,3 BHK,1498.0,3,2,95.0,3,6341.79,6341.79
Super built-up  Area,18-Apr,Kanakpura Road,1 BHK,525.0,1,1,27.0,1,5142.86,5142.86
Super built-up  Area,Ready To Move,Kanakpura Road,3 BHK,1665.0,3,2,86.91,3,5219.82,5219.82
Super built-up  Area,Ready To Move,Kanakpura Road,3 BHK,1665.0,3,2,86.58,3,5200.0,5200.0
Super built-up  Area,21-Mar,Kanakpura Road,1 BHK,712.0,1,1,38.44,1,5398.88,5398.88
Super built-up  Area,Ready To Move,Kanakpura Road,3 BHK,1507.0,2,3,95.0,3,6303.92,6303.92
Super built-up  Area,Ready To Move,Kanakpura Road,2 BHK,1339.0,2,2,85.0,2,6348.02,6348.02
Super built-up  Area,21-Dec,Kanakpura Road,1 BHK,525.0,1,1,27.0,1,5142.86,5142.86
Super built-up  Area,21-Dec,Kanakpura Road,1 BHK,525.0,1,1,27.5,1,5238.1,5238.1
Super built-up  Area,21-Dec,Kanakpura Road,1 BHK,525.0,1,1,26.25,1,5000.0,5000.0
Super built-up  Area,21-Dec,Kanakpura Road,1 BHK,525.0,1,1,26.0,1,4952.38,4952.38
Built-up  Area,Ready To Move,Kanakpura Road,3 BHK,1050.0,2,1,59.0,3,5619.05,5619.05
Carpet  Area,Ready To Move,Kanakpura Road,3 BHK,1600.0,3,3,90.0,3,5625.0,5625.0
Super built-up  Area,21-Dec,Kanakpura Road,1 BHK,525.0,1,1,29.25,1,5571.43,5571.43
Super built-up  Area,18-Apr,Kanakpura Road,2 BHK,800.0,2,1,41.145,2,5143.13,5143.13
Super built-up  Area,21-Dec,Kanakpura Road,3 BHK,1100.0,3,2,56.57,3,5142.73,5142.73
Super built-up  Area,Ready To Move,Kanakpura Road,3 BHK,1843.0,3,2,96.2,3,5219.75,5219.75
Built-up  Area,Ready To Move,Kanakpura Road,2 BHK,1240.0,2,2,65.0,2,5241.94,5241.94
Super built-up  Area,20-Oct,Kanakpura Road,2 BHK,700.0,2,1,41.0,2,5857.14,5857.14
Super built-up  Area,20-Dec,Kanakpura Road,2 BHK,700.0,1,1,41.0,2,5857.14,5857.14
Super built-up  Area,21-Oct,Kanakpura Road,3 BHK,1100.0,3,1,58.0,3,5272.73,5272.73
Built-up  Area,Ready To Move,Kanakpura Road,2 BHK,1140.0,2,1,65.0,2,5701.75,5701.75
Super built-up  Area,21-Jan,Kanakpura Road,2 BHK,700.0,2,1,40.0,2,5714.29,5714.29
Super built-up  Area,21-Jan,Kanakpura Road,1 BHK,525.0,1,1,26.01,1,4954.29,4954.29
Built-up  Area,Ready To Move,Kanakpura Road,2 BHK,1322.0,2,3,70.0,2,5295.01,5295.01
Super built-up  Area,19-Jul,Kanakpura Road,2 BHK,1698.0,2,1,105.0,2,6183.75,6183.75
Super built-up  Area,21-Dec,Kanakpura Road,3 BHK,1300.0,3,2,69.0,3,5307.69,5307.69
Super built-up  Area,21-Oct,Kanakpura Road,3 BHK,1300.0,3,1,69.0,3,5307.69,5307.69
Super built-up  Area,21-Mar,Kanakpura Road,2 BHK,1167.0,2,1,63.0,2,5398.46,5398.46
Super built-up  Area,20-Oct,Kanakpura Road,3 BHK,1300.0,3,1,69.0,3,5307.69,5307.69
Super built-up  Area,Ready To Move,Kanakpura Road,2 BHK,1430.0,2,2,78.0,2,5454.55,5454.55
Super built-up  Area,21-Dec,Kanakpura Road,2 BHK,700.0,2,1,36.0,2,5142.86,5142.86
Super built-up  Area,21-Dec,Kanakpura Road,1 BHK,525.0,1,1,27.0,1,5142.86,5142.86
Super built-up  Area,21-Dec,Kanakpura Road,3 BHK,1100.0,3,2,58.0,3,5272.73,5272.73
Super built-up  Area,21-Dec,Kanakpura Road,3 BHK,1300.0,2,3,69.0,3,5307.69,5307.69
Built-up  Area,Ready To Move,Kanakpura Road,3 BHK,2000.0,3,3,105.0,3,5250.0,5250.0
Plot  Area,Ready To Move,Kanakpura Road,2 Bedroom,1200.0,2,0,62.0,2,5166.67,5166.67
Super built-up  Area,Ready To Move,Kanakpura Road,3 BHK,1843.0,3,2,95.0,3,5154.64,5154.64
Super built-up  Area,21-Dec,Kanakpura Road,2 BHK,900.0,2,1,46.29,2,5143.33,5143.33
Super built-up  Area,18-May,Kanakpura Road,1 BHK,850.0,1,1,37.32,1,4390.59,4390.59
Super built-up  Area,21-Dec,Kanakpura Road,1 BHK,525.0,1,1,30.0,1,5714.29,5714.29
Super built-up  Area,21-Mar,Kanakpura Road,3 BHK,1938.0,3,3,105.0,3,5417.96,5417.96
Super built-up  Area,Ready To Move,Kanakpura Road,3 BHK,1843.0,3,2,96.2,3,5219.75,5219.75
Super built-up  Area,21-Dec,Kanakpura Road,1 BHK,525.0,1,1,26.0,1,4952.38,4952.38
Super built-up  Area,20-Dec,Kanakpura Road,2 BHK,700.0,2,2,36.0,2,5142.86,5142.86
Super built-up  Area,Ready To Move,Kanakpura Road,3 BHK,1622.0,3,1,95.0,3,5856.97,5856.97
Super built-up  Area,Ready To Move,Kannamangala,2 BHK,957.0,2,1,58.0,2,6060.61,6060.61
Built-up  Area,Ready To Move,Kannamangala,2 BHK,957.0,2,1,56.0,2,5851.62,5851.62
Built-up  Area,Ready To Move,Kannamangala,4 Bedroom,3000.0,4,0,200.0,4,6666.67,6666.67
Super built-up  Area,19-Jul,Kannamangala,3 BHK,1536.0,3,1,89.0,3,5794.27,5794.27
Plot  Area,Ready To Move,Kannamangala,4 Bedroom,2400.0,4,1,130.0,4,5416.67,5416.67
Super built-up  Area,Ready To Move,Kannamangala,3 BHK,1574.0,3,1,93.34,3,5930.11,5930.11
Built-up  Area,17-Mar,Kannamangala,2 BHK,957.0,2,0,52.5,2,5485.89,5485.89
Super built-up  Area,18-Dec,Kannamangala,3 BHK,1536.0,3,1,104.0,3,6770.83,6770.83
Super built-up  Area,Ready To Move,Kannamangala,2 BHK,957.0,2,2,54.5,2,5694.88,5694.88
Super built-up  Area,Ready To Move,Kannamangala,4 BHK,2422.0,4,3,135.0,4,5573.91,5573.91
Super built-up  Area,Ready To Move,Kannamangala,2 BHK,957.0,2,1,55.0,2,5747.13,5747.13
Built-up  Area,17-Sep,Kannamangala,2 BHK,957.0,2,2,56.0,2,5851.62,5851.62
Built-up  Area,Ready To Move,Karuna Nagar,3 Bedroom,2500.0,3,2,180.0,3,7200.0,7200.0
Plot  Area,Ready To Move,Karuna Nagar,3 Bedroom,2500.0,3,2,190.0,3,7600.0,7600.0
Built-up  Area,Ready To Move,Karuna Nagar,3 Bedroom,1962.0,3,2,175.0,3,8919.47,8919.47
Super built-up  Area,Ready To Move,Karuna Nagar,2 BHK,1057.0,2,1,65.0,2,6149.48,6149.48
Super built-up  Area,Ready To Move,Karuna Nagar,3 BHK,1354.0,2,1,98.0,3,7237.81,7237.81
Super built-up  Area,Ready To Move,Karuna Nagar,3 BHK,1945.0,3,3,115.0,3,5912.6,5912.6
Super built-up  Area,Ready To Move,Karuna Nagar,3 BHK,1960.0,3,2,165.0,3,8418.37,8418.37
Super built-up  Area,Ready To Move,Kasavanhalli,2 BHK,1060.0,2,2,58.06,2,5477.36,5477.36
Super built-up  Area,Ready To Move,Kasavanhalli,3 BHK,1563.05,3,1,105.0,3,6717.64,6717.64
Built-up  Area,Ready To Move,Kasavanhalli,3 BHK,1717.0,3,3,99.0,3,5765.87,5765.87
Built-up  Area,Ready To Move,Kasavanhalli,4 Bedroom,3260.0,4,1,240.0,4,7361.96,7361.96
Super built-up  Area,Ready To Move,Kasavanhalli,2 BHK,1349.0,2,2,78.0,2,5782.06,5782.06
Super built-up  Area,18-Feb,Kasavanhalli,2 BHK,1121.0,2,2,78.0,2,6958.07,6958.07
Built-up  Area,Ready To Move,Kasavanhalli,2 BHK,1100.0,2,1,50.0,2,4545.45,4545.45
Super built-up  Area,Ready To Move,Kasavanhalli,2 BHK,1200.0,2,1,78.0,2,6500.0,6500.0
Super built-up  Area,Ready To Move,Kasavanhalli,3 BHK,1476.0,3,0,89.0,3,6029.81,6029.81
Super built-up  Area,Ready To Move,Kasavanhalli,2 BHK,1200.0,2,2,50.0,2,4166.67,4166.67
Built-up  Area,Ready To Move,Kasavanhalli,3 BHK,1719.0,3,2,116.0,3,6748.11,6748.11
Super built-up  Area,Ready To Move,Kasavanhalli,2 BHK,1115.0,2,2,50.0,2,4484.3,4484.3
Super built-up  Area,Ready To Move,Kasavanhalli,2 BHK,1125.0,2,1,61.2,2,5440.0,5440.0
Super built-up  Area,18-May,Kasavanhalli,3 BHK,2170.0,3,2,151.0,3,6958.53,6958.53
Super built-up  Area,Ready To Move,Kasavanhalli,3 BHK,1476.0,3,1,95.0,3,6436.31,6436.31
Super built-up  Area,Ready To Move,Kasavanhalli,2 BHK,1200.0,2,1,50.3,2,4191.67,4191.67
Super built-up  Area,19-Jan,Kasavanhalli,3 BHK,1787.0,3,2,123.0,3,6883.04,6883.04
Super built-up  Area,Ready To Move,Kasavanhalli,2 BHK,1090.0,2,2,59.8,2,5486.24,5486.24
Super built-up  Area,18-Aug,Kasavanhalli,3 BHK,1691.0,3,2,104.0,3,6150.21,6150.21
Super built-up  Area,18-Oct,Kasavanhalli,4 BHK,4260.0,4,3,272.0,4,6384.98,6384.98
Built-up  Area,Ready To Move,Kasavanhalli,3 Bedroom,2111.0,4,3,120.0,3,5684.51,5684.51
Super built-up  Area,Ready To Move,Kasavanhalli,2 BHK,950.0,2,1,39.0,2,4105.26,4105.26
Super built-up  Area,Ready To Move,Kasavanhalli,1 BHK,770.0,1,1,43.82,1,5690.91,5690.91
Super built-up  Area,20-Jun,Kasavanhalli,2 BHK,1147.0,2,1,60.0,2,5231.04,5231.04
Super built-up  Area,Ready To Move,Kasavanhalli,2 BHK,1375.0,2,2,72.0,2,5236.36,5236.36
Super built-up  Area,Ready To Move,Kasavanhalli,2 BHK,1200.0,2,2,60.0,2,5000.0,5000.0
Plot  Area,18-May,Kasavanhalli,4 Bedroom,4260.0,4,2,333.0,4,7816.9,7816.9
Built-up  Area,Ready To Move,Kasavanhalli,2 BHK,1495.0,2,2,83.0,2,5551.84,5551.84
Plot  Area,Immediate Possession,Kasavanhalli,2 BHK,5000.0,2,1,400.0,2,8000.0,8000.0
Super built-up  Area,Ready To Move,Kasavanhalli,4 BHK,4000.0,4,2,325.0,4,8125.0,8125.0
Super built-up  Area,18-May,Kasavanhalli,3 BHK,1917.0,3,2,132.0,3,6885.76,6885.76
Super built-up  Area,Ready To Move,Kasavanhalli,2 BHK,1375.0,2,1,78.0,2,5672.73,5672.73
Plot  Area,18-May,Kasavanhalli,4 Bedroom,4408.0,4,2,344.0,4,7803.99,7803.99
Super built-up  Area,Ready To Move,Kasavanhalli,2 BHK,1309.0,2,2,95.0,2,7257.45,7257.45
Super built-up  Area,Ready To Move,Kasavanhalli,3 BHK,1476.0,3,0,105.0,3,7113.82,7113.82
Super built-up  Area,Ready To Move,Kasavanhalli,2 BHK,1158.0,2,2,67.0,2,5785.84,5785.84
Super built-up  Area,Ready To Move,Kasavanhalli,2 BHK,1214.0,2,3,67.0,2,5518.95,5518.95
Built-up  Area,Ready To Move,Kasavanhalli,3 Bedroom,2110.0,4,3,120.0,3,5687.2,5687.2
Super built-up  Area,Ready To Move,Kasavanhalli,2 BHK,1495.0,2,2,110.0,2,7357.86,7357.86
Super built-up  Area,Ready To Move,Kasavanhalli,2 BHK,1575.0,2,3,85.0,2,5396.83,5396.83
Super built-up  Area,Ready To Move,Kasavanhalli,2 BHK,1069.0,2,2,55.0,2,5145.0,5145.0
Super built-up  Area,Ready To Move,Kasavanhalli,2 BHK,1100.0,2,1,68.0,2,6181.82,6181.82
Super built-up  Area,Ready To Move,Kasavanhalli,3 BHK,1715.0,3,3,112.0,3,6530.61,6530.61
Super built-up  Area,Ready To Move,Kasavanhalli,2 BHK,1100.0,2,1,65.0,2,5909.09,5909.09
Super built-up  Area,Ready To Move,Kasavanhalli,2 BHK,1230.0,2,2,66.25,2,5386.18,5386.18
Super built-up  Area,Ready To Move,Kasavanhalli,3 BHK,1819.0,3,1,150.0,3,8246.29,8246.29
Built-up  Area,Ready To Move,Kasavanhalli,2 BHK,1585.0,2,2,90.0,2,5678.23,5678.23
Super built-up  Area,Ready To Move,Kasavanhalli,2 BHK,1245.0,2,2,80.0,2,6425.7,6425.7
Super built-up  Area,18-May,Kasavanhalli,3 BHK,2035.0,3,2,142.0,3,6977.89,6977.89
Super built-up  Area,Ready To Move,Kasavanhalli,3 BHK,1747.0,3,1,110.0,3,6296.51,6296.51
Super built-up  Area,Ready To Move,Kasavanhalli,2 BHK,1377.0,2,2,80.0,2,5809.73,5809.73
Super built-up  Area,Ready To Move,Kasavanhalli,2 BHK,1181.0,2,1,61.0,2,5165.11,5165.11
Built-up  Area,18-May,Kasavanhalli,2 BHK,1121.0,2,2,75.0,2,6690.45,6690.45
Built-up  Area,Ready To Move,Kasturi Nagar,3 BHK,1925.0,3,1,125.0,3,6493.51,6493.51
Super built-up  Area,Ready To Move,Kasturi Nagar,2 BHK,1567.0,2,2,92.0,2,5871.09,5871.09
Super built-up  Area,Ready To Move,Kasturi Nagar,2 BHK,1080.0,2,2,80.0,2,7407.41,7407.41
Super built-up  Area,Ready To Move,Kasturi Nagar,2 BHK,1101.0,2,2,65.0,2,5903.72,5903.72
Super built-up  Area,Ready To Move,Kasturi Nagar,4 BHK,1896.0,3,1,125.0,4,6592.83,6592.83
Super built-up  Area,Ready To Move,Kasturi Nagar,2 BHK,1100.0,2,2,58.0,2,5272.73,5272.73
Super built-up  Area,Ready To Move,Kasturi Nagar,3 BHK,1570.0,3,2,110.0,3,7006.37,7006.37
Super built-up  Area,Ready To Move,Kasturi Nagar,2 BHK,1000.0,2,0,58.0,2,5800.0,5800.0
Super built-up  Area,Ready To Move,Kasturi Nagar,2 BHK,1101.0,2,2,66.0,2,5994.55,5994.55
Super built-up  Area,Ready To Move,Kasturi Nagar,4 BHK,2507.0,4,2,155.0,4,6182.69,6182.69
Super built-up  Area,Ready To Move,Kathriguppe,3 BHK,1400.0,2,2,77.0,3,5500.0,5500.0
Super built-up  Area,Ready To Move,Kathriguppe,3 BHK,1250.0,2,1,68.75,3,5500.0,5500.0
Super built-up  Area,Ready To Move,Kathriguppe,3 BHK,1245.0,2,2,68.48,3,5500.4,5500.4
Super built-up  Area,Ready To Move,Kathriguppe,3 BHK,1350.0,2,1,87.01,3,6445.19,6445.19
Super built-up  Area,Ready To Move,Kathriguppe,3 BHK,1350.0,2,2,80.99,3,5999.26,5999.26
Super built-up  Area,Ready To Move,Kathriguppe,3 BHK,1365.0,2,2,75.08,3,5500.37,5500.37
Super built-up  Area,Ready To Move,Kathriguppe,3 BHK,1300.0,3,2,77.99,3,5999.23,5999.23
Super built-up  Area,Ready To Move,Kathriguppe,3 BHK,1350.0,2,1,80.99,3,5999.26,5999.26
Super built-up  Area,Ready To Move,Kathriguppe,3 BHK,1390.0,2,2,76.45,3,5500.0,5500.0
Super built-up  Area,Ready To Move,Kathriguppe,3 BHK,1350.0,3,3,78.3,3,5800.0,5800.0
Super built-up  Area,Ready To Move,Kathriguppe,3 BHK,1250.0,2,2,68.75,3,5500.0,5500.0
Super built-up  Area,Ready To Move,Kathriguppe,3 BHK,1300.0,3,2,77.99,3,5999.23,5999.23
Super built-up  Area,Ready To Move,Kathriguppe,3 BHK,1335.0,2,3,73.43,3,5500.37,5500.37
Super built-up  Area,Ready To Move,Kathriguppe,3 BHK,1300.0,3,2,77.99,3,5999.23,5999.23
Super built-up  Area,Ready To Move,Kathriguppe,3 BHK,1300.0,3,3,77.99,3,5999.23,5999.23
Super built-up  Area,Ready To Move,Kathriguppe,3 BHK,1335.0,2,2,73.43,3,5500.37,5500.37
Super built-up  Area,Ready To Move,Kathriguppe,3 BHK,1350.0,3,2,80.99,3,5999.26,5999.26
Super built-up  Area,Ready To Move,Kathriguppe,2 BHK,1250.0,2,1,68.75,2,5500.0,5500.0
Super built-up  Area,Ready To Move,Kathriguppe,3 BHK,1350.0,3,2,80.99,3,5999.26,5999.26
Super built-up  Area,Ready To Move,Kaval Byrasandra,2 BHK,1200.0,2,2,52.0,2,4333.33,4333.33
Built-up  Area,Ready To Move,Kaval Byrasandra,2 BHK,1020.0,2,1,52.0,2,5098.04,5098.04
Super built-up  Area,Ready To Move,Kaval Byrasandra,2 BHK,1200.0,2,1,49.5,2,4125.0,4125.0
Built-up  Area,Ready To Move,Kaval Byrasandra,2 BHK,945.0,2,2,50.0,2,5291.01,5291.01
Built-up  Area,Ready To Move,Kaval Byrasandra,2 BHK,1060.0,2,2,45.0,2,4245.28,4245.28
Built-up  Area,Ready To Move,Kaval Byrasandra,2 BHK,1100.0,2,1,46.0,2,4181.82,4181.82
Built-up  Area,Ready To Move,Kaval Byrasandra,2 BHK,1185.0,2,1,49.0,2,4135.02,4135.02
Super built-up  Area,Ready To Move,Kaval Byrasandra,2 BHK,997.0,2,3,53.0,2,5315.95,5315.95
Super built-up  Area,Ready To Move,Kaval Byrasandra,2 BHK,1060.0,2,2,42.0,2,3962.26,3962.26
Built-up  Area,Ready To Move,Kaval Byrasandra,1 BHK,480.0,1,1,25.0,1,5208.33,5208.33
Super built-up  Area,Ready To Move,Kaval Byrasandra,2 BHK,1125.0,2,1,41.5,2,3688.89,3688.89
Built-up  Area,Ready To Move,Kaval Byrasandra,2 BHK,1180.0,2,2,60.0,2,5084.75,5084.75
Super built-up  Area,Ready To Move,Kaval Byrasandra,3 BHK,1450.0,3,2,75.0,3,5172.41,5172.41
Built-up  Area,Ready To Move,Kaval Byrasandra,2 BHK,1066.0,2,3,55.0,2,5159.47,5159.47
Super built-up  Area,Ready To Move,Kaval Byrasandra,2 BHK,1025.0,2,1,60.0,2,5853.66,5853.66
Super built-up  Area,Ready To Move,Kaval Byrasandra,3 BHK,1400.0,3,2,75.0,3,5357.14,5357.14
Super built-up  Area,Ready To Move,Kenchenahalli,2 BHK,1015.0,2,2,58.0,2,5714.29,5714.29
Super built-up  Area,Ready To Move,Kenchenahalli,1 BHK,715.0,1,1,45.0,1,6293.71,6293.71
Super built-up  Area,Ready To Move,Kenchenahalli,2 BHK,1150.0,2,2,58.0,2,5043.48,5043.48
Super built-up  Area,Ready To Move,Kenchenahalli,3 BHK,1280.0,2,2,69.0,3,5390.62,5390.62
Super built-up  Area,Ready To Move,Kenchenahalli,2 BHK,870.0,1,1,45.0,2,5172.41,5172.41
Super built-up  Area,Ready To Move,Kenchenahalli,2 BHK,1150.0,2,2,60.0,2,5217.39,5217.39
Super built-up  Area,Ready To Move,Kenchenahalli,1 BHK,700.0,1,1,35.0,1,5000.0,5000.0
Super built-up  Area,Ready To Move,Kenchenahalli,2 BHK,1060.0,2,2,52.0,2,4905.66,4905.66
Super built-up  Area,Ready To Move,Kenchenahalli,2 BHK,1150.0,2,2,57.0,2,4956.52,4956.52
Super built-up  Area,Ready To Move,Kenchenahalli,3 BHK,1720.0,3,1,100.0,3,5813.95,5813.95
Super built-up  Area,Ready To Move,Kenchenahalli,2 BHK,1015.0,2,2,60.0,2,5911.33,5911.33
Super built-up  Area,Ready To Move,Kengeri,2 BHK,750.0,2,1,38.0,2,5066.67,5066.67
Super built-up  Area,Ready To Move,Kengeri,2 BHK,1197.0,2,2,50.0,2,4177.11,4177.11
Super built-up  Area,Ready To Move,Kengeri,2 BHK,1200.0,2,0,58.0,2,4833.33,4833.33
Super built-up  Area,18-Nov,Kengeri,2 BHK,726.0,2,1,31.0,2,4269.97,4269.97
Super built-up  Area,Ready To Move,Kengeri,2 BHK,1025.0,2,2,57.0,2,5560.98,5560.98
Built-up  Area,Ready To Move,Kengeri,3 BHK,1082.0,2,1,49.0,3,4528.65,4528.65
Built-up  Area,Ready To Move,Kengeri,2 BHK,750.0,2,1,36.0,2,4800.0,4800.0
Built-up  Area,Ready To Move,Kengeri,2 BHK,963.0,2,2,40.0,2,4153.69,4153.69
Super built-up  Area,18-Nov,Kengeri,2 BHK,726.0,2,1,35.0,2,4820.94,4820.94
Super built-up  Area,19-Aug,Kengeri,1 BHK,416.0,1,1,19.5,1,4687.5,4687.5
Super built-up  Area,Ready To Move,Kengeri,2 BHK,900.0,2,2,45.0,2,5000.0,5000.0
Built-up  Area,Ready To Move,Kengeri,1 BHK,502.0,1,1,25.0,1,4980.08,4980.08
Plot  Area,Ready To Move,Kengeri,3 Bedroom,1200.0,3,1,67.0,3,5583.33,5583.33
Super built-up  Area,Ready To Move,Kengeri,2 BHK,725.0,2,1,30.0,2,4137.93,4137.93
Built-up  Area,Ready To Move,Kengeri,1 BHK,500.0,1,1,17.0,1,3400.0,3400.0
Super built-up  Area,19-Aug,Kengeri,1 BHK,540.0,1,1,22.5,1,4166.67,4166.67
Super built-up  Area,Ready To Move,Kengeri,2 BHK,750.0,2,1,35.5,2,4733.33,4733.33
Super built-up  Area,18-Apr,Kengeri,3 BHK,1741.0,3,2,80.0,3,4595.06,4595.06
Plot  Area,Ready To Move,Kengeri,2 Bedroom,1200.0,2,0,58.0,2,4833.33,4833.33
Super built-up  Area,Ready To Move,Kengeri,2 BHK,750.0,2,1,36.5,2,4866.67,4866.67
Super built-up  Area,18-Nov,Kengeri,1 BHK,416.0,1,1,18.0,1,4326.92,4326.92
Built-up  Area,Ready To Move,Kengeri,2 BHK,883.0,2,0,49.0,2,5549.26,5549.26
Super built-up  Area,Ready To Move,Kengeri,2 BHK,1052.0,2,2,51.0,2,4847.91,4847.91
Super built-up  Area,Ready To Move,Kengeri,2 BHK,1220.0,2,2,63.0,2,5163.93,5163.93
Plot  Area,Ready To Move,Kengeri,1 Bedroom,1150.0,1,0,52.0,1,4521.74,4521.74
Super built-up  Area,Ready To Move,Kengeri,2 BHK,1192.0,2,2,53.5,2,4488.26,4488.26
Super built-up  Area,Ready To Move,Kengeri,2 BHK,750.0,2,1,40.0,2,5333.33,5333.33
Super built-up  Area,Ready To Move,Kengeri,2 BHK,1035.0,2,1,51.5,2,4975.85,4975.85
Built-up  Area,Ready To Move,Kengeri,8 Bedroom,3000.0,5,1,130.0,8,4333.33,4333.33
Built-up  Area,Ready To Move,Kengeri,1 BHK,410.0,1,1,15.0,1,3658.54,3658.54
Super built-up  Area,19-Dec,Kengeri,1 BHK,416.0,1,1,17.19,1,4132.21,4132.21
Built-up  Area,Ready To Move,Kengeri,5 Bedroom,2500.0,4,3,100.0,5,4000.0,4000.0
Built-up  Area,Ready To Move,Kengeri,1 BHK,550.0,1,1,16.75,1,3045.45,3045.45
Super built-up  Area,Ready To Move,Kengeri Satellite Town,2 BHK,890.0,2,1,35.0,2,3932.58,3932.58
Built-up  Area,Ready To Move,Kengeri Satellite Town,2 BHK,883.0,2,1,45.0,2,5096.26,5096.26
Super built-up  Area,Ready To Move,Kengeri Satellite Town,3 BHK,1415.0,2,3,66.0,3,4664.31,4664.31
Super built-up  Area,Ready To Move,Kengeri Satellite Town,1 BHK,930.0,1,1,30.0,1,3225.81,3225.81
Super built-up  Area,Ready To Move,Kengeri Satellite Town,3 BHK,1635.0,2,1,78.0,3,4770.64,4770.64
Super built-up  Area,Ready To Move,Kengeri Satellite Town,2 BHK,1050.0,2,2,43.0,2,4095.24,4095.24
Super built-up  Area,Ready To Move,Kengeri Satellite Town,2 BHK,1007.0,2,3,42.0,2,4170.8,4170.8
Super built-up  Area,Ready To Move,Kengeri Satellite Town,2 BHK,635.0,1,1,22.0,2,3464.57,3464.57
Super built-up  Area,20-Dec,Kengeri Satellite Town,2 BHK,818.0,2,1,26.0,2,3178.48,3178.48
Built-up  Area,Ready To Move,Kengeri Satellite Town,2 BHK,1030.0,2,2,50.0,2,4854.37,4854.37
Plot  Area,Ready To Move,Kengeri Satellite Town,2 Bedroom,1200.0,2,1,65.0,2,5416.67,5416.67
Super built-up  Area,Ready To Move,Kengeri Satellite Town,2 BHK,795.0,2,2,32.0,2,4025.16,4025.16
Super built-up  Area,18-Jan,Kengeri Satellite Town,2 BHK,1302.5,2,0,44.285,2,3400.0,3400.0
Built-up  Area,Ready To Move,Kengeri Satellite Town,2 BHK,800.0,2,1,40.0,2,5000.0,5000.0
Super built-up  Area,Ready To Move,Kengeri Satellite Town,1 BHK,654.0,1,1,22.0,1,3363.91,3363.91
Super built-up  Area,Ready To Move,Kengeri Satellite Town,2 BHK,1060.0,2,3,42.0,2,3962.26,3962.26
Super built-up  Area,Ready To Move,Kengeri Satellite Town,2 BHK,750.0,2,1,33.0,2,4400.0,4400.0
Super built-up  Area,Ready To Move,Kengeri Satellite Town,2 BHK,920.0,2,3,39.0,2,4239.13,4239.13
Super built-up  Area,Ready To Move,Kengeri Satellite Town,2 BHK,985.0,2,2,42.0,2,4263.96,4263.96
Super built-up  Area,Ready To Move,Kengeri Satellite Town,1 BHK,410.0,1,1,15.0,1,3658.54,3658.54
Super built-up  Area,Ready To Move,Kengeri Satellite Town,2 BHK,1120.0,2,2,49.0,2,4375.0,4375.0
Built-up  Area,Ready To Move,Kengeri Satellite Town,2 BHK,1110.0,2,1,43.0,2,3873.87,3873.87
Built-up  Area,Ready To Move,Kengeri Satellite Town,2 BHK,1170.0,2,3,50.0,2,4273.5,4273.5
Super built-up  Area,Ready To Move,Kengeri Satellite Town,2 BHK,777.4,2,0,25.0,2,3215.85,3215.85
Built-up  Area,Ready To Move,Kengeri Satellite Town,2 BHK,800.0,2,1,32.0,2,4000.0,4000.0
Built-up  Area,Ready To Move,Kereguddadahalli,2 BHK,950.0,2,1,32.0,2,3368.42,3368.42
Built-up  Area,Ready To Move,Kereguddadahalli,3 BHK,1400.0,2,2,48.0,3,3428.57,3428.57
Built-up  Area,Ready To Move,Kereguddadahalli,2 BHK,800.0,2,2,28.0,2,3500.0,3500.0
Built-up  Area,Ready To Move,Kereguddadahalli,2 BHK,904.0,2,1,30.0,2,3318.58,3318.58
Super built-up  Area,Ready To Move,Kereguddadahalli,2 BHK,1000.0,2,2,30.0,2,3000.0,3000.0
Built-up  Area,Ready To Move,Kereguddadahalli,3 BHK,1240.0,3,2,41.0,3,3306.45,3306.45
Built-up  Area,Ready To Move,Kereguddadahalli,1 BHK,600.0,1,1,19.5,1,3250.0,3250.0
Built-up  Area,Ready To Move,Kereguddadahalli,2 BHK,1080.0,2,2,32.0,2,2962.96,2962.96
Super built-up  Area,Ready To Move,Kereguddadahalli,2 BHK,1000.0,2,1,34.0,2,3400.0,3400.0
Super built-up  Area,Ready To Move,Kereguddadahalli,2 BHK,1015.0,2,1,35.0,2,3448.28,3448.28
Super built-up  Area,Ready To Move,Kodichikkanahalli,3 BHK,1190.0,2,2,57.0,3,4789.92,4789.92
Built-up  Area,Ready To Move,Kodichikkanahalli,2 BHK,995.0,2,1,41.0,2,4120.6,4120.6
Super built-up  Area,Ready To Move,Kodichikkanahalli,3 BHK,1495.0,2,2,75.0,3,5016.72,5016.72
Super built-up  Area,Ready To Move,Kodichikkanahalli,2 BHK,1125.0,2,1,52.0,2,4622.22,4622.22
Built-up  Area,Ready To Move,Kodichikkanahalli,2 BHK,1150.0,2,3,48.0,2,4173.91,4173.91
Super built-up  Area,Ready To Move,Kodichikkanahalli,2 BHK,1070.0,2,3,43.0,2,4018.69,4018.69
Super built-up  Area,Ready To Move,Kodichikkanahalli,3 BHK,1620.0,2,2,85.0,3,5246.91,5246.91
Super built-up  Area,Ready To Move,Kodichikkanahalli,2 BHK,1026.0,2,1,45.0,2,4385.96,4385.96
Built-up  Area,Ready To Move,Kodichikkanahalli,1 BHK,450.0,1,1,18.0,1,4000.0,4000.0
Super built-up  Area,Ready To Move,Kodichikkanahalli,2 BHK,907.0,2,2,38.5,2,4244.76,4244.76
Super built-up  Area,Ready To Move,Kodichikkanahalli,2 BHK,1181.0,2,2,57.0,2,4826.42,4826.42
Super built-up  Area,Ready To Move,Kodichikkanahalli,2 BHK,900.0,2,1,42.0,2,4666.67,4666.67
Super built-up  Area,Ready To Move,Kodichikkanahalli,3 BHK,1400.0,3,3,66.0,3,4714.29,4714.29
Super built-up  Area,Ready To Move,Kodichikkanahalli,2 BHK,976.0,2,1,50.0,2,5122.95,5122.95
Built-up  Area,Ready To Move,Kodichikkanahalli,5 Bedroom,2700.0,4,2,125.0,5,4629.63,4629.63
Super built-up  Area,Ready To Move,Kodichikkanahalli,2 BHK,1299.0,2,3,58.0,2,4464.97,4464.97
Built-up  Area,Ready To Move,Kodigehaali,2 BHK,1166.0,2,2,55.0,2,4716.98,4716.98
Built-up  Area,Ready To Move,Kodigehaali,3 BHK,1320.0,3,0,65.0,3,4924.24,4924.24
Super built-up  Area,Ready To Move,Kodigehaali,2 BHK,1117.0,2,2,56.0,2,5013.43,5013.43
Super built-up  Area,Ready To Move,Kodigehaali,2 BHK,1200.0,2,1,55.0,2,4583.33,4583.33
Super built-up  Area,Ready To Move,Kodigehaali,2 BHK,1200.0,2,2,60.0,2,5000.0,5000.0
Super built-up  Area,Ready To Move,Kodigehaali,3 BHK,2120.0,3,2,177.0,3,8349.06,8349.06
Super built-up  Area,Ready To Move,Kodigehaali,2 BHK,1013.0,2,1,51.0,2,5034.55,5034.55
Super built-up  Area,Ready To Move,Kodigehaali,3 BHK,1324.0,3,2,65.0,3,4909.37,4909.37
Super built-up  Area,Ready To Move,Kodigehaali,2 BHK,965.0,2,1,38.0,2,3937.82,3937.82
Built-up  Area,Ready To Move,Kodigehaali,2 BHK,866.0,2,2,32.0,2,3695.15,3695.15
Built-up  Area,Ready To Move,Kodigehaali,3 BHK,1442.0,3,2,80.0,3,5547.85,5547.85
Super built-up  Area,19-Jun,Kodigehalli,2 BHK,1270.0,2,1,98.0,2,7716.54,7716.54
Super built-up  Area,Ready To Move,Kodigehalli,2 BHK,1200.0,2,2,48.0,2,4000.0,4000.0
Super built-up  Area,19-Jun,Kodigehalli,1 BHK,655.0,1,1,53.0,1,8091.6,8091.6
Super built-up  Area,19-Jun,Kodigehalli,3 BHK,1820.0,3,2,150.0,3,8241.76,8241.76
Super built-up  Area,Ready To Move,Kodigehalli,2 BHK,635.0,1,1,28.0,2,4409.45,4409.45
Plot  Area,Ready To Move,Kodigehalli,3 Bedroom,1200.0,4,1,156.0,3,13000.0,13000.0
Super built-up  Area,Ready To Move,Kodihalli,4 BHK,3252.0,5,3,335.0,4,10301.35,10301.35
Super built-up  Area,Ready To Move,Kodihalli,3 BHK,2700.0,4,1,270.0,3,10000.0,10000.0
Super built-up  Area,Ready To Move,Kodihalli,3 BHK,2392.0,4,2,260.0,3,10869.57,10869.57
Super built-up  Area,Ready To Move,Kodihalli,3 BHK,2408.0,4,2,260.0,3,10797.34,10797.34
Super built-up  Area,Ready To Move,Kodihalli,3 BHK,2500.0,4,1,260.0,3,10400.0,10400.0
Built-up  Area,Ready To Move,Kodihalli,3 BHK,1620.0,3,2,130.0,3,8024.69,8024.69
Super built-up  Area,18-Aug,Kodihalli,4 BHK,3260.0,5,3,388.0,4,11901.84,11901.84
Super built-up  Area,Ready To Move,Kodihalli,4 BHK,3197.0,5,2,335.0,4,10478.57,10478.57
Built-up  Area,Ready To Move,Kodihalli,2 BHK,1490.0,2,1,150.0,2,10067.11,10067.11
Super built-up  Area,Ready To Move,Kogilu,3 BHK,1909.0,3,2,88.0,3,4609.74,4609.74
Super built-up  Area,Ready To Move,Kogilu,2 BHK,1170.0,2,1,51.99,2,4443.59,4443.59
Built-up  Area,Ready To Move,Kogilu,2 Bedroom,650.0,2,0,28.0,2,4307.69,4307.69
Super built-up  Area,Ready To Move,Kogilu,2 BHK,1140.0,2,1,50.66,2,4443.86,4443.86
Super built-up  Area,Ready To Move,Kogilu,2 BHK,1200.0,2,1,53.33,2,4444.17,4444.17
Super built-up  Area,21-May,Kogilu,3 BHK,1934.0,3,2,150.0,3,7755.95,7755.95
Built-up  Area,Ready To Move,Kogilu,1 Bedroom,540.0,1,0,36.0,1,6666.67,6666.67
Super built-up  Area,21-May,Kogilu,3 BHK,1559.0,3,2,127.0,3,8146.25,8146.25
Super built-up  Area,Ready To Move,Kogilu,2 BHK,1190.0,2,2,50.66,2,4257.14,4257.14
Super built-up  Area,Ready To Move,Kogilu,2 BHK,1140.0,2,2,50.66,2,4443.86,4443.86
Super built-up  Area,21-May,Kogilu,3 BHK,1559.0,3,2,120.0,3,7697.24,7697.24
Super built-up  Area,Ready To Move,Kogilu,1 BHK,700.0,1,1,30.84,1,4405.71,4405.71
Super built-up  Area,Ready To Move,Kogilu,2 BHK,1250.0,2,1,55.55,2,4444.0,4444.0
Super built-up  Area,Ready To Move,Kogilu,2 BHK,1200.0,2,1,53.33,2,4444.17,4444.17
Built-up  Area,Ready To Move,Kogilu,2 BHK,952.0,2,2,49.0,2,5147.06,5147.06
Super built-up  Area,Ready To Move,Kogilu,1 BHK,700.0,1,1,30.84,1,4405.71,4405.71
Super built-up  Area,Ready To Move,Kogilu,2 BHK,1250.0,2,1,55.55,2,4444.0,4444.0
Plot  Area,Ready To Move,Kogilu,7 Bedroom,2456.0,7,2,85.0,7,3460.91,3460.91
Super built-up  Area,Ready To Move,Kogilu,2 BHK,1140.0,2,2,50.66,2,4443.86,4443.86
Super built-up  Area,Ready To Move,Kogilu,2 BHK,1140.0,2,2,50.66,2,4443.86,4443.86
Super built-up  Area,17-Nov,Konanakunte,3 BHK,2791.0,3,1,223.0,3,7989.97,7989.97
Built-up  Area,Ready To Move,Konanakunte,2 Bedroom,884.0,1,0,58.0,2,6561.09,6561.09
Plot  Area,Ready To Move,Konanakunte,4 Bedroom,1200.0,4,0,125.0,4,10416.67,10416.67
Plot  Area,Ready To Move,Konanakunte,4 Bedroom,1200.0,2,1,130.0,4,10833.33,10833.33
Plot  Area,Ready To Move,Konanakunte,3 Bedroom,2400.0,2,3,180.0,3,7500.0,7500.0
Super built-up  Area,Ready To Move,Konanakunte,3 BHK,1423.0,2,2,85.0,3,5973.3,5973.3
Super built-up  Area,Ready To Move,Koramangala,2 BHK,1320.0,2,1,165.0,2,12500.0,12500.0
Super built-up  Area,Ready To Move,Koramangala,2 BHK,1253.0,2,1,102.0,2,8140.46,8140.46
Super built-up  Area,Ready To Move,Koramangala,3 BHK,1580.0,3,2,160.0,3,10126.58,10126.58
Super built-up  Area,Ready To Move,Koramangala,4 BHK,3500.0,5,2,425.0,4,12142.86,12142.86
Super built-up  Area,Ready To Move,Koramangala,2 BHK,1005.0,1,1,110.0,2,10945.27,10945.27
Super built-up  Area,Ready To Move,Koramangala,3 BHK,2292.0,4,1,275.0,3,11998.25,11998.25
Super built-up  Area,Ready To Move,Koramangala,2 BHK,1290.0,2,3,100.0,2,7751.94,7751.94
Super built-up  Area,Ready To Move,Koramangala,2 BHK,1300.0,2,3,110.0,2,8461.54,8461.54
Super built-up  Area,Ready To Move,Koramangala,2 BHK,1325.0,2,2,119.0,2,8981.13,8981.13
Built-up  Area,Ready To Move,Koramangala,2 BHK,1140.0,2,1,75.2,2,6596.49,6596.49
Built-up  Area,Ready To Move,Koramangala,2 BHK,1260.0,2,3,100.0,2,7936.51,7936.51
Built-up  Area,Ready To Move,Koramangala,3 BHK,1975.0,3,1,210.0,3,10632.91,10632.91
Built-up  Area,Ready To Move,Koramangala,2 BHK,1900.0,2,1,200.0,2,10526.32,10526.32
Super built-up  Area,Ready To Move,Koramangala,3 BHK,2292.0,3,2,286.0,3,12478.18,12478.18
Built-up  Area,Ready To Move,Koramangala,3 BHK,2300.0,3,3,290.0,3,12608.7,12608.7
Super built-up  Area,Ready To Move,Koramangala,2 BHK,1320.0,2,1,150.0,2,11363.64,11363.64
Super built-up  Area,Ready To Move,Koramangala,2 BHK,1320.0,2,2,110.0,2,8333.33,8333.33
Super built-up  Area,Ready To Move,Koramangala,4 BHK,5985.0,4,1,775.0,4,12949.04,12949.04
Super built-up  Area,Ready To Move,Koramangala,3 BHK,2246.0,3,0,300.0,3,13357.08,13357.08
Super built-up  Area,Ready To Move,Koramangala,2 BHK,1083.0,2,1,100.0,2,9233.61,9233.61
Super built-up  Area,Ready To Move,Koramangala,3 BHK,1744.0,3,1,200.0,3,11467.89,11467.89
Super built-up  Area,Ready To Move,Koramangala,2 BHK,1180.0,2,1,128.0,2,10847.46,10847.46
Super built-up  Area,Ready To Move,Koramangala,2 BHK,1320.0,2,1,160.0,2,12121.21,12121.21
Built-up  Area,Ready To Move,Koramangala,2 BHK,1370.0,2,2,125.0,2,9124.09,9124.09
Super built-up  Area,Ready To Move,Koramangala,2 BHK,1100.0,2,2,85.0,2,7727.27,7727.27
Super built-up  Area,19-Dec,Koramangala,2 BHK,1249.0,2,1,165.0,2,13210.57,13210.57
Built-up  Area,Ready To Move,Koramangala,2 BHK,1200.0,2,2,100.0,2,8333.33,8333.33
Super built-up  Area,Ready To Move,Koramangala,3 BHK,2223.0,3,2,300.0,3,13495.28,13495.28
Super built-up  Area,Ready To Move,Koramangala,3 BHK,1744.0,4,1,210.0,3,12041.28,12041.28
Super built-up  Area,19-Sep,Koramangala,3 BHK,1866.0,4,2,245.0,3,13129.69,13129.69
Super built-up  Area,Ready To Move,Koramangala,2 BHK,1320.0,2,1,160.0,2,12121.21,12121.21
Built-up  Area,Ready To Move,Koramangala,2 BHK,1350.0,2,2,103.0,2,7629.63,7629.63
Built-up  Area,Ready To Move,Koramangala,4 Bedroom,6000.0,4,0,625.0,4,10416.67,10416.67
Super built-up  Area,Ready To Move,Koramangala,2 BHK,1320.0,2,1,160.0,2,12121.21,12121.21
Built-up  Area,Ready To Move,Koramangala,3 BHK,1710.0,3,2,210.0,3,12280.7,12280.7
Built-up  Area,Ready To Move,Koramangala,2 BHK,1355.0,2,2,95.0,2,7011.07,7011.07
Super built-up  Area,Ready To Move,Koramangala,3 BHK,1600.0,3,1,170.0,3,10625.0,10625.0
Super built-up  Area,Ready To Move,Koramangala,2 BHK,1260.0,2,1,100.0,2,7936.51,7936.51
Super built-up  Area,Ready To Move,Kothannur,2 BHK,1206.0,2,1,48.23,2,3999.17,3999.17
Built-up  Area,Ready To Move,Kothannur,2 BHK,1100.0,2,2,40.0,2,3636.36,3636.36
Super built-up  Area,Ready To Move,Kothannur,2 BHK,1197.0,2,1,47.88,2,4000.0,4000.0
Super built-up  Area,Ready To Move,Kothannur,2 BHK,1197.0,2,1,47.8,2,3993.32,3993.32
Super built-up  Area,Ready To Move,Kothannur,2 BHK,1070.0,2,1,42.79,2,3999.07,3999.07
Super built-up  Area,18-Jun,Kothannur,2 BHK,1070.0,2,2,38.6,2,3607.48,3607.48
Super built-up  Area,Ready To Move,Kothannur,3 BHK,1485.0,2,2,59.4,3,4000.0,4000.0
Super built-up  Area,Ready To Move,Kothannur,3 BHK,1215.0,2,3,48.6,3,4000.0,4000.0
Super built-up  Area,Ready To Move,Kothannur,3 BHK,1404.0,2,1,56.15,3,3999.29,3999.29
Super built-up  Area,Ready To Move,Kothanur,2 BHK,1200.0,2,1,51.0,2,4250.0,4250.0
Plot  Area,Ready To Move,Kothanur,3 Bedroom,2400.0,2,1,150.0,3,6250.0,6250.0
Super built-up  Area,Ready To Move,Kothanur,3 BHK,1828.0,3,1,110.0,3,6017.51,6017.51
Super built-up  Area,Ready To Move,Kothanur,2 BHK,1186.0,2,2,58.0,2,4890.39,4890.39
Super built-up  Area,Ready To Move,Kothanur,3 BHK,1847.0,3,2,105.0,3,5684.89,5684.89
Plot  Area,Ready To Move,Kothanur,5 Bedroom,9600.0,5,2,550.0,5,5729.17,5729.17
Super built-up  Area,Ready To Move,Kothanur,3 BHK,1435.0,3,3,70.0,3,4878.05,4878.05
Super built-up  Area,Ready To Move,Kothanur,2 BHK,1187.0,2,2,58.0,2,4886.27,4886.27
Super built-up  Area,Ready To Move,Kothanur,3 BHK,1847.0,3,2,110.0,3,5955.6,5955.6
Super built-up  Area,Ready To Move,Kothanur,3 BHK,1460.0,3,3,71.0,3,4863.01,4863.01
Super built-up  Area,Ready To Move,Kothanur,2 BHK,1185.0,2,2,59.0,2,4978.9,4978.9
Super built-up  Area,Ready To Move,Kothanur,3 BHK,1436.0,3,3,70.0,3,4874.65,4874.65
Super built-up  Area,Ready To Move,Kothanur,3 BHK,1462.0,3,3,71.0,3,4856.36,4856.36
Super built-up  Area,Ready To Move,Kothanur,3 BHK,1790.0,3,2,105.0,3,5865.92,5865.92
Super built-up  Area,Ready To Move,Kothanur,2 BHK,1070.0,2,1,45.5,2,4252.34,4252.34
Super built-up  Area,Ready To Move,Kothanur,2 BHK,1145.0,2,2,56.0,2,4890.83,4890.83
Plot  Area,Ready To Move,Kothanur,4 Bedroom,3401.0,5,1,230.0,4,6762.72,6762.72
Super built-up  Area,Ready To Move,Kothanur,2 BHK,1455.0,2,1,69.0,2,4742.27,4742.27
Built-up  Area,Ready To Move,Kothanur,1 Bedroom,627.0,1,1,30.0,1,4784.69,4784.69
Super built-up  Area,Ready To Move,Kothanur,2 BHK,1302.0,2,1,68.5,2,5261.14,5261.14
Super built-up  Area,15-Oct,Kothanur,3 BHK,1760.0,3,1,111.0,3,6306.82,6306.82
Super built-up  Area,Ready To Move,Kothanur,2 BHK,1185.0,2,2,58.0,2,4894.51,4894.51
Plot  Area,Ready To Move,Kothanur,1 Bedroom,1500.0,1,0,75.0,1,5000.0,5000.0
Super built-up  Area,18-Mar,Kothanur,2 BHK,1075.0,2,2,53.0,2,4930.23,4930.23
Built-up  Area,Ready To Move,Kothanur,3 BHK,1790.0,3,0,97.0,3,5418.99,5418.99
Plot  Area,Ready To Move,Kothanur,4 Bedroom,2700.0,4,2,175.0,4,6481.48,6481.48
Super built-up  Area,Ready To Move,Kothanur,3 BHK,1786.0,2,2,106.0,3,5935.05,5935.05
Super built-up  Area,Ready To Move,Kothanur,3 BHK,1787.0,3,2,107.0,3,5987.69,5987.69
Super built-up  Area,Ready To Move,Kothanur,2 BHK,1141.0,2,2,54.0,2,4732.69,4732.69
Super built-up  Area,Ready To Move,Kothanur,3 BHK,1760.0,3,1,110.0,3,6250.0,6250.0
Super built-up  Area,Ready To Move,Kothanur,2 BHK,1160.0,2,2,57.0,2,4913.79,4913.79
Super built-up  Area,Ready To Move,Kothanur,2 BHK,1095.0,2,2,55.0,2,5022.83,5022.83
Super built-up  Area,Ready To Move,Kothanur,2 BHK,1142.0,2,2,56.0,2,4903.68,4903.68
Super built-up  Area,Ready To Move,Kothanur,2 BHK,1074.0,2,2,54.0,2,5027.93,5027.93
Super built-up  Area,Ready To Move,Kothanur,2 BHK,1285.0,2,1,60.0,2,4669.26,4669.26
Super built-up  Area,Ready To Move,Kothanur,2 BHK,1075.0,2,2,53.0,2,4930.23,4930.23
Super built-up  Area,Ready To Move,Kothanur,2 BHK,1140.0,2,2,56.0,2,4912.28,4912.28
Super built-up  Area,Ready To Move,Kothanur,2 BHK,1400.0,2,1,70.0,2,5000.0,5000.0
Super built-up  Area,18-Mar,Kothanur,2 BHK,1140.0,2,2,56.0,2,4912.28,4912.28
Super built-up  Area,Ready To Move,Kothanur,3 BHK,1787.0,3,2,120.0,3,6715.17,6715.17
Super built-up  Area,18-Mar,Kothanur,2 BHK,1185.0,2,2,59.0,2,4978.9,4978.9
Super built-up  Area,Ready To Move,Kothanur,3 BHK,1790.0,3,2,105.0,3,5865.92,5865.92
Super built-up  Area,Ready To Move,Kothanur,2 BHK,1130.0,2,2,55.0,2,4867.26,4867.26
Super built-up  Area,Ready To Move,Kothanur,2 BHK,1094.0,2,2,54.0,2,4936.01,4936.01
Built-up  Area,Ready To Move,Kothanur,3 BHK,1170.0,3,2,80.0,3,6837.61,6837.61
Built-up  Area,Ready To Move,Kothanur,2 BHK,1400.0,2,2,65.0,2,4642.86,4642.86
Super built-up  Area,Ready To Move,Kothanur,2 BHK,1195.0,2,2,59.0,2,4937.24,4937.24
Super built-up  Area,Ready To Move,Kothanur,3 BHK,1790.0,3,2,120.0,3,6703.91,6703.91
Super built-up  Area,Ready To Move,Kothanur,3 BHK,1454.0,3,3,71.5,3,4917.47,4917.47
Super built-up  Area,Ready To Move,Kudlu,2 BHK,1152.0,2,1,53.5,2,4644.1,4644.1
Super built-up  Area,Ready To Move,Kudlu,2 BHK,1027.0,2,2,43.0,2,4186.95,4186.95
Super built-up  Area,Ready To Move,Kudlu,2 BHK,1092.0,2,2,44.0,2,4029.3,4029.3
Super built-up  Area,Ready To Move,Kudlu,2 BHK,1027.0,2,2,43.0,2,4186.95,4186.95
Super built-up  Area,Ready To Move,Kudlu,2 BHK,1092.0,2,2,44.0,2,4029.3,4029.3
Super built-up  Area,Ready To Move,Kudlu,2 BHK,1143.0,2,1,55.0,2,4811.9,4811.9
Super built-up  Area,Ready To Move,Kudlu,2 BHK,1024.0,2,2,44.0,2,4296.88,4296.88
Built-up  Area,Ready To Move,Kudlu,3 BHK,1600.0,3,3,79.0,3,4937.5,4937.5
Super built-up  Area,Ready To Move,Kudlu,2 BHK,1027.0,2,2,42.0,2,4089.58,4089.58
Built-up  Area,Ready To Move,Kudlu,2 BHK,1076.0,2,1,50.0,2,4646.84,4646.84
Super built-up  Area,Ready To Move,Kudlu,2 BHK,1027.0,2,2,44.0,2,4284.32,4284.32
Super built-up  Area,Ready To Move,Kudlu,2 BHK,1084.0,2,1,53.0,2,4889.3,4889.3
Built-up  Area,Ready To Move,Kudlu,2 BHK,1300.0,2,2,56.0,2,4307.69,4307.69
Built-up  Area,Ready To Move,Kudlu,2 BHK,1027.0,2,2,44.0,2,4284.32,4284.32
Carpet  Area,Ready To Move,Kudlu,3 BHK,1245.0,2,1,60.0,3,4819.28,4819.28
Super built-up  Area,Ready To Move,Kudlu,2 BHK,1027.0,2,1,44.0,2,4284.32,4284.32
Built-up  Area,Ready To Move,Kudlu,2 BHK,1110.0,2,1,46.0,2,4144.14,4144.14
Super built-up  Area,Ready To Move,Kudlu,4 BHK,2100.0,3,1,114.0,4,5428.57,5428.57
Super built-up  Area,Ready To Move,Kudlu,2 BHK,1027.0,2,2,44.0,2,4284.32,4284.32
Super built-up  Area,Ready To Move,Kudlu,1 BHK,720.0,1,1,33.0,1,4583.33,4583.33
Super built-up  Area,Ready To Move,Kudlu,2 BHK,1027.0,2,2,44.0,2,4284.32,4284.32
Super built-up  Area,Ready To Move,Kudlu,2 BHK,1162.0,2,1,52.0,2,4475.04,4475.04
Super built-up  Area,Ready To Move,Kudlu,2 BHK,1041.0,2,1,53.0,2,5091.26,5091.26
Super built-up  Area,Ready To Move,Kudlu Gate,3 BHK,1535.0,3,2,83.0,3,5407.17,5407.17
Super built-up  Area,Ready To Move,Kudlu Gate,3 BHK,1535.0,3,2,85.0,3,5537.46,5537.46
Super built-up  Area,Ready To Move,Kudlu Gate,3 BHK,1535.0,3,2,86.0,3,5602.61,5602.61
Super built-up  Area,18-Dec,Kudlu Gate,3 BHK,1564.0,2,1,92.0,3,5882.35,5882.35
Super built-up  Area,Ready To Move,Kudlu Gate,2 BHK,1238.0,2,3,55.0,2,4442.65,4442.65
Super built-up  Area,18-Dec,Kudlu Gate,3 BHK,1707.0,3,1,99.745,3,5843.29,5843.29
Built-up  Area,Ready To Move,Kudlu Gate,3 BHK,1335.0,3,2,89.0,3,6666.67,6666.67
Super built-up  Area,18-Aug,Kudlu Gate,1 BHK,703.0,1,1,52.0,1,7396.87,7396.87
Super built-up  Area,Ready To Move,Kudlu Gate,3 BHK,1535.0,3,2,86.0,3,5602.61,5602.61
Super built-up  Area,Ready To Move,Kudlu Gate,3 BHK,1532.0,3,2,83.0,3,5417.75,5417.75
Super built-up  Area,19-Sep,Kudlu Gate,2 BHK,1113.0,2,1,50.0,2,4492.36,4492.36
Super built-up  Area,Ready To Move,Kudlu Gate,2 BHK,1185.0,2,1,50.0,2,4219.41,4219.41
Super built-up  Area,Ready To Move,Kudlu Gate,2 BHK,1215.0,2,1,45.0,2,3703.7,3703.7
Built-up  Area,Ready To Move,Kudlu Gate,2 BHK,812.0,2,1,38.25,2,4710.59,4710.59
Super built-up  Area,18-Aug,Kudlu Gate,2 BHK,1547.0,2,2,103.0,2,6658.05,6658.05
Built-up  Area,18-Dec,Kudlu Gate,2 BHK,1336.0,2,1,86.0,2,6437.13,6437.13
Built-up  Area,18-Dec,Kudlu Gate,3 BHK,1919.0,3,2,121.0,3,6305.37,6305.37
Super built-up  Area,Ready To Move,Kudlu Gate,2 BHK,1464.0,3,3,56.0,2,3825.14,3825.14
Super built-up  Area,Ready To Move,Kudlu Gate,3 BHK,1535.0,3,2,85.0,3,5537.46,5537.46
Super built-up  Area,18-Aug,Kudlu Gate,3 BHK,1850.0,3,2,120.0,3,6486.49,6486.49
Super built-up  Area,18-Apr,Kudlu Gate,2 BHK,940.0,2,1,69.57,2,7401.06,7401.06
Super built-up  Area,Ready To Move,Kudlu Gate,2 BHK,1215.0,2,1,44.96,2,3700.41,3700.41
Built-up  Area,Ready To Move,Kudlu Gate,2 BHK,1164.0,2,2,75.0,2,6443.3,6443.3
Super built-up  Area,18-Aug,Kudlu Gate,2 BHK,1183.0,2,1,79.54,2,6723.58,6723.58
Super built-up  Area,18-Dec,Kudlu Gate,3 BHK,1850.0,3,2,110.0,3,5945.95,5945.95
Super built-up  Area,18-Jun,Kudlu Gate,2 BHK,1183.0,2,1,79.54,2,6723.58,6723.58
Super built-up  Area,Ready To Move,Kudlu Gate,2 BHK,1200.0,2,1,44.4,2,3700.0,3700.0
Built-up  Area,Ready To Move,Kudlu Gate,2 BHK,1310.0,2,2,53.0,2,4045.8,4045.8
Plot  Area,Ready To Move,Kumaraswami Layout,4 Bedroom,2000.0,4,1,139.0,4,6950.0,6950.0
Super built-up  Area,Ready To Move,Kumaraswami Layout,2 BHK,1000.0,2,1,48.5,2,4850.0,4850.0
Super built-up  Area,Ready To Move,Kumaraswami Layout,2 BHK,1000.0,2,1,58.0,2,5800.0,5800.0
Built-up  Area,Ready To Move,Kumaraswami Layout,7 Bedroom,2400.0,7,1,125.0,7,5208.33,5208.33
Built-up  Area,Ready To Move,Kumaraswami Layout,3 Bedroom,2400.0,2,1,125.0,3,5208.33,5208.33
Built-up  Area,Ready To Move,Kumaraswami Layout,3 BHK,1310.0,2,1,70.0,3,5343.51,5343.51
Built-up  Area,Ready To Move,Kumaraswami Layout,1 Bedroom,850.0,1,1,78.0,1,9176.47,9176.47
Built-up  Area,Ready To Move,Kumaraswami Layout,7 Bedroom,3200.0,7,0,150.0,7,4687.5,4687.5
Built-up  Area,Ready To Move,Kumaraswami Layout,3 BHK,1310.0,2,1,85.0,3,6488.55,6488.55
Built-up  Area,Ready To Move,Kumaraswami Layout,4 BHK,2450.0,3,2,110.0,4,4489.8,4489.8
Built-up  Area,Ready To Move,Kumaraswami Layout,7 Bedroom,3100.0,7,3,145.0,7,4677.42,4677.42
Built-up  Area,Ready To Move,Kumaraswami Layout,3 Bedroom,1200.0,3,1,75.0,3,6250.0,6250.0
Super built-up  Area,Ready To Move,Kumaraswami Layout,2 BHK,1081.0,2,3,60.0,2,5550.42,5550.42
Super built-up  Area,Ready To Move,Kundalahalli,3 BHK,1724.0,3,2,125.0,3,7250.58,7250.58
Built-up  Area,Ready To Move,Kundalahalli,2 BHK,1030.0,2,2,49.0,2,4757.28,4757.28
Super built-up  Area,Ready To Move,Kundalahalli,2 BHK,735.0,2,1,57.99,2,7889.8,7889.8
Built-up  Area,18-Mar,Kundalahalli,2 BHK,1047.0,2,1,82.0,2,7831.9,7831.9
Super built-up  Area,Ready To Move,Kundalahalli,3 BHK,1397.0,3,3,105.0,3,7516.11,7516.11
Super built-up  Area,17-Dec,Kundalahalli,3 BHK,1724.0,3,2,127.0,3,7366.59,7366.59
Super built-up  Area,Ready To Move,Kundalahalli,2 BHK,1010.0,2,1,49.27,2,4878.22,4878.22
Super built-up  Area,Ready To Move,Kundalahalli,3 BHK,1397.0,3,2,110.0,3,7874.02,7874.02
Super built-up  Area,18-Feb,Kundalahalli,3 BHK,1397.0,3,2,104.0,3,7444.52,7444.52
Super built-up  Area,18-May,Kundalahalli,3 BHK,1397.0,3,3,108.0,3,7730.85,7730.85
Super built-up  Area,Ready To Move,Kundalahalli,3 BHK,1920.0,3,2,150.0,3,7812.5,7812.5
Super built-up  Area,Ready To Move,Kundalahalli,3 BHK,1397.0,3,3,105.0,3,7516.11,7516.11
Super built-up  Area,Ready To Move,Kundalahalli,3 BHK,1724.0,3,2,124.0,3,7192.58,7192.58
Super built-up  Area,Ready To Move,Kundalahalli,2 BHK,1047.0,2,1,84.0,2,8022.92,8022.92
Super built-up  Area,Ready To Move,Kundalahalli,2 BHK,1047.0,2,1,83.0,2,7927.41,7927.41
Plot  Area,Ready To Move,Kundalahalli,4 Bedroom,7000.0,4,3,550.0,4,7857.14,7857.14
Super built-up  Area,Ready To Move,Kundalahalli,2 BHK,1120.0,2,1,53.76,2,4800.0,4800.0
Super built-up  Area,Ready To Move,Kundalahalli,2 BHK,1047.0,2,1,82.62,2,7891.12,7891.12
Super built-up  Area,Ready To Move,Kundalahalli,2 BHK,1047.0,2,1,91.0,2,8691.5,8691.5
Super built-up  Area,18-Mar,Kundalahalli,3 BHK,1724.0,3,1,146.0,3,8468.68,8468.68
Plot  Area,Ready To Move,Kundalahalli,3 Bedroom,1600.0,3,2,170.0,3,10625.0,10625.0
Super built-up  Area,18-Dec,Kundalahalli,3 BHK,1724.0,3,1,125.0,3,7250.58,7250.58
Super built-up  Area,Ready To Move,Kundalahalli,2 BHK,1010.0,2,1,48.27,2,4779.21,4779.21
Super built-up  Area,18-Jun,Kundalahalli,2 BHK,1047.0,2,1,89.0,2,8500.48,8500.48
Plot  Area,Ready To Move,Kundalahalli,4 Bedroom,2500.0,5,2,245.0,4,9800.0,9800.0
Super built-up  Area,18-Aug,Kundalahalli,3 BHK,1397.0,3,3,105.0,3,7516.11,7516.11
Super built-up  Area,Ready To Move,Kundalahalli,2 BHK,1047.0,2,1,72.0,2,6876.79,6876.79
Built-up  Area,Ready To Move,Kundalahalli,2 BHK,1260.0,2,0,58.0,2,4603.17,4603.17
Built-up  Area,Ready To Move,Kundalahalli,4 Bedroom,3092.0,4,3,230.0,4,7438.55,7438.55
Built-up  Area,Ready To Move,Kundalahalli,2 BHK,1065.0,2,1,70.0,2,6572.77,6572.77
Super built-up  Area,18-Jun,Kundalahalli,3 BHK,1724.0,3,1,146.0,3,8468.68,8468.68
Super built-up  Area,Ready To Move,Kundalahalli,2 BHK,1047.0,2,2,91.0,2,8691.5,8691.5
Super built-up  Area,Ready To Move,Kundalahalli,3 BHK,1724.0,3,2,128.0,3,7424.59,7424.59
Super built-up  Area,Ready To Move,Kundalahalli,2 BHK,1315.0,2,3,74.0,2,5627.38,5627.38
Built-up  Area,Ready To Move,Kundalahalli,3 Bedroom,2100.0,3,2,150.0,3,7142.86,7142.86
Super built-up  Area,Ready To Move,Kundalahalli,3 BHK,1724.0,3,1,125.0,3,7250.58,7250.58
Super built-up  Area,18-Feb,Kundalahalli,3 BHK,1724.0,3,3,140.0,3,8120.65,8120.65
Super built-up  Area,Ready To Move,Kundalahalli,2 BHK,1175.0,2,1,65.0,2,5531.91,5531.91
Carpet  Area,Ready To Move,LB Shastri Nagar,2 BHK,1043.0,2,2,55.0,2,5273.25,5273.25
Built-up  Area,Ready To Move,LB Shastri Nagar,2 BHK,1184.0,2,1,69.0,2,5827.7,5827.7
Super built-up  Area,Ready To Move,LB Shastri Nagar,1 BHK,665.0,1,2,32.0,1,4812.03,4812.03
Super built-up  Area,18-Aug,LB Shastri Nagar,2 BHK,1250.0,2,2,48.5,2,3880.0,3880.0
Super built-up  Area,Ready To Move,LB Shastri Nagar,3 BHK,1400.0,2,2,80.0,3,5714.29,5714.29
Super built-up  Area,Ready To Move,LB Shastri Nagar,2 BHK,1184.0,2,1,62.0,2,5236.49,5236.49
Super built-up  Area,Ready To Move,LB Shastri Nagar,2 BHK,1200.0,2,1,47.0,2,3916.67,3916.67
Built-up  Area,Ready To Move,LB Shastri Nagar,2 BHK,1200.0,2,1,75.0,2,6250.0,6250.0
Super built-up  Area,Ready To Move,LB Shastri Nagar,2 BHK,1000.0,2,1,49.5,2,4950.0,4950.0
Plot  Area,Ready To Move,Laggere,5 Bedroom,2800.0,5,2,125.0,5,4464.29,4464.29
Plot  Area,Ready To Move,Laggere,3 Bedroom,1200.0,3,1,130.0,3,10833.33,10833.33
Plot  Area,Ready To Move,Laggere,1 Bedroom,1200.0,1,1,125.0,1,10416.67,10416.67
Plot  Area,Ready To Move,Laggere,2 Bedroom,1200.0,2,0,75.0,2,6250.0,6250.0
Built-up  Area,Ready To Move,Laggere,1 Bedroom,620.0,2,0,48.0,1,7741.94,7741.94
Super built-up  Area,Ready To Move,Lakshminarayana Pura,2 BHK,1185.0,2,2,75.0,2,6329.11,6329.11
Super built-up  Area,Ready To Move,Lakshminarayana Pura,3 BHK,1600.0,2,1,108.0,3,6750.0,6750.0
Built-up  Area,Ready To Move,Lakshminarayana Pura,2 BHK,1180.0,2,2,75.0,2,6355.93,6355.93
Super built-up  Area,Ready To Move,Lakshminarayana Pura,2 BHK,1172.0,2,2,82.0,2,6996.59,6996.59
Built-up  Area,Ready To Move,Lakshminarayana Pura,2 BHK,1179.0,2,1,75.0,2,6361.32,6361.32
Super built-up  Area,Ready To Move,Lakshminarayana Pura,2 BHK,1149.0,2,1,75.0,2,6527.42,6527.42
Super built-up  Area,Ready To Move,Lakshminarayana Pura,2 BHK,1336.0,2,2,100.0,2,7485.03,7485.03
Super built-up  Area,Ready To Move,Lakshminarayana Pura,2 BHK,1175.0,2,2,75.0,2,6382.98,6382.98
Super built-up  Area,Ready To Move,Lakshminarayana Pura,2 BHK,1190.0,2,1,75.0,2,6302.52,6302.52
Super built-up  Area,Ready To Move,Lakshminarayana Pura,2 BHK,1200.0,2,1,75.0,2,6250.0,6250.0
Super built-up  Area,Ready To Move,Lakshminarayana Pura,2 BHK,1200.0,2,2,75.0,2,6250.0,6250.0
Built-up  Area,Ready To Move,Lakshminarayana Pura,2 BHK,1165.0,2,2,75.0,2,6437.77,6437.77
Super built-up  Area,Ready To Move,Lakshminarayana Pura,2 BHK,1145.0,2,1,75.0,2,6550.22,6550.22
Super built-up  Area,Ready To Move,Lakshminarayana Pura,3 BHK,1500.0,3,2,104.0,3,6933.33,6933.33
Super built-up  Area,Ready To Move,Lakshminarayana Pura,2 BHK,1210.0,2,2,75.0,2,6198.35,6198.35
Built-up  Area,Ready To Move,Lakshminarayana Pura,2 BHK,1169.0,2,2,75.0,2,6415.74,6415.74
Built-up  Area,Ready To Move,Lakshminarayana Pura,2 BHK,1200.0,2,1,75.0,2,6250.0,6250.0
Built-up  Area,Ready To Move,Lakshminarayana Pura,2 BHK,1172.0,2,1,75.0,2,6399.32,6399.32
Super built-up  Area,Ready To Move,Lakshminarayana Pura,2 BHK,1172.0,2,2,75.0,2,6399.32,6399.32
Super built-up  Area,Ready To Move,Lakshminarayana Pura,2 BHK,1180.0,2,1,75.0,2,6355.93,6355.93
Super built-up  Area,Ready To Move,Lakshminarayana Pura,2 BHK,1200.0,2,3,83.0,2,6916.67,6916.67
Super built-up  Area,Ready To Move,Lakshminarayana Pura,2 BHK,1200.0,2,2,80.0,2,6666.67,6666.67
Built-up  Area,Ready To Move,Lakshminarayana Pura,2 BHK,1195.0,2,1,75.0,2,6276.15,6276.15
Built-up  Area,Ready To Move,Lakshminarayana Pura,2 BHK,1200.0,2,1,80.0,2,6666.67,6666.67
Super built-up  Area,Ready To Move,Lingadheeranahalli,3 BHK,1521.0,3,1,95.0,3,6245.89,6245.89
Super built-up  Area,Ready To Move,Lingadheeranahalli,3 BHK,1511.0,3,1,95.0,3,6287.23,6287.23
Super built-up  Area,Ready To Move,Lingadheeranahalli,3 BHK,1683.0,3,1,109.0,3,6476.53,6476.53
Super built-up  Area,Ready To Move,Lingadheeranahalli,3 BHK,1519.0,3,1,93.0,3,6122.45,6122.45
Super built-up  Area,Ready To Move,Lingadheeranahalli,3 BHK,1521.0,3,1,94.99,3,6245.23,6245.23
Super built-up  Area,Ready To Move,Lingadheeranahalli,3 BHK,1682.0,3,1,120.0,3,7134.36,7134.36
Super built-up  Area,Ready To Move,Lingadheeranahalli,3 BHK,1521.0,3,1,94.71,3,6226.82,6226.82
Super built-up  Area,Ready To Move,Lingadheeranahalli,3 BHK,1893.0,3,1,130.0,3,6867.41,6867.41
Super built-up  Area,Ready To Move,Lingadheeranahalli,3 BHK,1705.0,3,1,110.0,3,6451.61,6451.61
Super built-up  Area,Ready To Move,Lingadheeranahalli,4 BHK,2245.0,4,2,154.0,4,6859.69,6859.69
Super built-up  Area,Ready To Move,Lingadheeranahalli,3 BHK,1682.0,3,1,113.0,3,6718.19,6718.19
Super built-up  Area,Ready To Move,Lingadheeranahalli,3 BHK,1682.0,3,1,114.0,3,6777.65,6777.65
Super built-up  Area,Ready To Move,Lingadheeranahalli,3 BHK,1506.0,3,1,95.0,3,6308.1,6308.1
Super built-up  Area,Ready To Move,Lingadheeranahalli,3 BHK,1683.0,3,1,110.0,3,6535.95,6535.95
Super built-up  Area,Ready To Move,Lingadheeranahalli,3 BHK,1684.0,3,1,120.0,3,7125.89,7125.89
Super built-up  Area,Ready To Move,Lingadheeranahalli,4 BHK,2236.0,4,2,153.0,4,6842.58,6842.58
Super built-up  Area,Ready To Move,Lingadheeranahalli,3 BHK,1894.0,4,1,114.0,3,6019.01,6019.01
Super built-up  Area,Ready To Move,Lingadheeranahalli,4 BHK,2240.0,4,2,160.0,4,7142.86,7142.86
Built-up  Area,Ready To Move,Magadi Road,6 Bedroom,3600.0,6,0,141.0,6,3916.67,3916.67
Super built-up  Area,18-Aug,Magadi Road,2 BHK,1116.0,2,1,50.0,2,4480.29,4480.29
Super built-up  Area,Ready To Move,Magadi Road,2 BHK,884.0,2,1,41.1,2,4649.32,4649.32
Super built-up  Area,18-Aug,Magadi Road,2 BHK,1005.0,2,1,55.78,2,5550.25,5550.25
Super built-up  Area,18-Aug,Magadi Road,2 BHK,1000.0,2,0,46.5,2,4650.0,4650.0
Plot  Area,Ready To Move,Magadi Road,4 Bedroom,1500.0,2,2,93.0,4,6200.0,6200.0
Built-up  Area,Ready To Move,Magadi Road,2 BHK,1345.0,2,2,55.0,2,4089.22,4089.22
Plot  Area,Ready To Move,Magadi Road,5 Bedroom,5000.0,6,1,360.0,5,7200.0,7200.0
Super built-up  Area,Ready To Move,Magadi Road,2 BHK,1116.0,2,1,51.89,2,4649.64,4649.64
Super built-up  Area,18-Aug,Magadi Road,3 BHK,1052.0,2,1,60.0,3,5703.42,5703.42
Super built-up  Area,Ready To Move,Magadi Road,2 BHK,940.0,2,2,50.0,2,5319.15,5319.15
Super built-up  Area,18-May,Magadi Road,3 BHK,1318.0,2,1,68.0,3,5159.33,5159.33
Super built-up  Area,18-Aug,Magadi Road,2 BHK,884.0,2,1,48.0,2,5429.86,5429.86
Super built-up  Area,Ready To Move,Mahadevpura,2 BHK,1150.0,2,3,52.0,2,4521.74,4521.74
Super built-up  Area,Ready To Move,Mahadevpura,2 BHK,1250.0,2,3,52.0,2,4160.0,4160.0
Super built-up  Area,Ready To Move,Mahadevpura,2 BHK,1260.0,2,3,57.6,2,4571.43,4571.43
Super built-up  Area,Ready To Move,Mahadevpura,1 BHK,730.0,1,1,35.0,1,4794.52,4794.52
Super built-up  Area,Ready To Move,Mahadevpura,3 BHK,1434.0,2,1,67.39,3,4699.44,4699.44
Super built-up  Area,Ready To Move,Mahadevpura,2 BHK,1146.0,2,1,53.8,2,4694.59,4694.59
Super built-up  Area,Ready To Move,Mahadevpura,2 BHK,1532.0,2,2,62.0,2,4047.0,4047.0
Super built-up  Area,Ready To Move,Mahadevpura,3 BHK,1620.0,2,1,76.0,3,4691.36,4691.36
Super built-up  Area,Ready To Move,Mahadevpura,2 BHK,1136.0,2,3,64.5,2,5677.82,5677.82
Super built-up  Area,Ready To Move,Mahadevpura,3 BHK,1400.0,2,2,65.8,3,4700.0,4700.0
Super built-up  Area,Ready To Move,Mahadevpura,2 BHK,1137.0,2,1,53.4,2,4696.57,4696.57
Super built-up  Area,Ready To Move,Mahadevpura,3 BHK,1601.0,3,2,95.0,3,5933.79,5933.79
Super built-up  Area,Ready To Move,Mahadevpura,3 BHK,1450.0,3,2,75.0,3,5172.41,5172.41
Super built-up  Area,Ready To Move,Mahadevpura,2 BHK,1152.0,2,1,54.0,2,4687.5,4687.5
Super built-up  Area,Ready To Move,Mahadevpura,2 BHK,1212.0,2,1,56.9,2,4694.72,4694.72
Super built-up  Area,Ready To Move,Mahadevpura,3 BHK,1505.0,3,2,78.0,3,5182.72,5182.72
Super built-up  Area,Ready To Move,Mahadevpura,3 BHK,1500.0,2,1,70.0,3,4666.67,4666.67
Super built-up  Area,Ready To Move,Mahadevpura,2 BHK,1236.0,2,1,58.0,2,4692.56,4692.56
Super built-up  Area,Ready To Move,Mahadevpura,2 BHK,1236.0,2,1,58.0,2,4692.56,4692.56
Super built-up  Area,Ready To Move,Mahadevpura,2 BHK,1120.0,2,2,53.0,2,4732.14,4732.14
Plot  Area,Ready To Move,Mahalakshmi Layout,4 Bedroom,1575.0,5,1,158.0,4,10031.75,10031.75
Super built-up  Area,Ready To Move,Mahalakshmi Layout,2 BHK,1105.0,2,1,80.0,2,7239.82,7239.82
Plot  Area,Ready To Move,Mahalakshmi Layout,4 Bedroom,1200.0,3,1,160.0,4,13333.33,13333.33
Super built-up  Area,Ready To Move,Mahalakshmi Layout,3 BHK,1200.0,2,3,110.0,3,9166.67,9166.67
Super built-up  Area,Ready To Move,Mahalakshmi Layout,3 BHK,1876.0,3,1,150.0,3,7995.74,7995.74
Super built-up  Area,Ready To Move,Mallasandra,3 BHK,1665.0,3,2,95.0,3,5705.71,5705.71
Super built-up  Area,Ready To Move,Mallasandra,3 BHK,1665.0,3,2,86.58,3,5200.0,5200.0
Super built-up  Area,Ready To Move,Mallasandra,2 BHK,1340.0,2,2,61.0,2,4552.24,4552.24
Super built-up  Area,Ready To Move,Mallasandra,2 BHK,1325.0,2,2,70.0,2,5283.02,5283.02
Super built-up  Area,Ready To Move,Mallasandra,3 BHK,1665.0,3,2,86.91,3,5219.82,5219.82
Super built-up  Area,Ready To Move,Mallasandra,2 BHK,1325.0,2,1,70.0,2,5283.02,5283.02
Super built-up  Area,Ready To Move,Mallasandra,2 BHK,905.0,2,1,40.0,2,4419.89,4419.89
Super built-up  Area,Ready To Move,Mallasandra,2 BHK,1325.0,2,1,65.0,2,4905.66,4905.66
Built-up  Area,Ready To Move,Mallasandra,2 BHK,1325.0,2,2,73.0,2,5509.43,5509.43
Super built-up  Area,Ready To Move,Mallasandra,2 BHK,1565.0,2,2,69.0,2,4408.95,4408.95
Super built-up  Area,Ready To Move,Mallasandra,2 BHK,905.0,2,1,35.0,2,3867.4,3867.4
Built-up  Area,Ready To Move,Mallasandra,3 BHK,1100.0,2,3,76.3,3,6936.36,6936.36
Super built-up  Area,18-Apr,Malleshpalya,2 BHK,1140.0,2,2,46.5,2,4078.95,4078.95
Super built-up  Area,18-May,Malleshpalya,2 BHK,1225.0,2,2,46.86,2,3825.31,3825.31
Super built-up  Area,Ready To Move,Malleshpalya,2 BHK,1052.0,2,2,50.0,2,4752.85,4752.85
Built-up  Area,Ready To Move,Malleshpalya,3 BHK,1405.0,2,2,77.0,3,5480.43,5480.43
Super built-up  Area,Ready To Move,Malleshpalya,2 BHK,1065.0,2,2,50.0,2,4694.84,4694.84
Super built-up  Area,Ready To Move,Malleshpalya,2 BHK,1210.0,2,3,55.0,2,4545.45,4545.45
Super built-up  Area,Ready To Move,Malleshpalya,2 BHK,1060.0,2,1,40.0,2,3773.58,3773.58
Super built-up  Area,Ready To Move,Malleshpalya,3 BHK,1430.0,2,1,69.5,3,4860.14,4860.14
Built-up  Area,Ready To Move,Malleshpalya,2 BHK,1421.0,2,1,90.0,2,6333.57,6333.57
Super built-up  Area,Ready To Move,Malleshpalya,2 BHK,1245.0,2,1,55.0,2,4417.67,4417.67
Super built-up  Area,Ready To Move,Malleshpalya,2 BHK,1200.0,2,2,46.0,2,3833.33,3833.33
Super built-up  Area,Ready To Move,Malleshpalya,2 BHK,1225.0,2,2,52.0,2,4244.9,4244.9
Super built-up  Area,Ready To Move,Malleshwaram,1 BHK,705.0,1,2,67.0,1,9503.55,9503.55
Super built-up  Area,19-Jan,Malleshwaram,7 BHK,12000.0,7,3,2200.0,7,18333.33,18333.33
Built-up  Area,Ready To Move,Malleshwaram,4 BHK,2500.0,5,2,325.0,4,13000.0,13000.0
Built-up  Area,Ready To Move,Malleshwaram,3 BHK,2006.0,3,1,297.0,3,14805.58,14805.58
Super built-up  Area,Ready To Move,Malleshwaram,1 BHK,686.0,1,1,62.5,1,9110.79,9110.79
Super built-up  Area,Ready To Move,Malleshwaram,3 BHK,2475.0,4,3,332.0,3,13414.14,13414.14
Super built-up  Area,Ready To Move,Malleshwaram,3 BHK,2610.0,3,1,399.0,3,15287.36,15287.36
Super built-up  Area,Ready To Move,Malleshwaram,3 BHK,2475.0,4,3,320.0,3,12929.29,12929.29
Super built-up  Area,Ready To Move,Malleshwaram,2 BHK,900.0,2,1,95.0,2,10555.56,10555.56
Super built-up  Area,Ready To Move,Malleshwaram,2 BHK,1420.0,2,1,158.0,2,11126.76,11126.76
Built-up  Area,Ready To Move,Malleshwaram,3 BHK,2000.0,3,2,250.0,3,12500.0,12500.0
Super built-up  Area,Ready To Move,Malleshwaram,3 BHK,2215.0,3,1,275.0,3,12415.35,12415.35
Super built-up  Area,Ready To Move,Malleshwaram,3 BHK,2475.0,4,3,300.0,3,12121.21,12121.21
Super built-up  Area,Ready To Move,Malleshwaram,3 BHK,2345.0,3,1,293.0,3,12494.67,12494.67
Super built-up  Area,Ready To Move,Malleshwaram,3 BHK,2215.0,4,1,310.0,3,13995.49,13995.49
Super built-up  Area,Ready To Move,Malleshwaram,1 BHK,480.0,1,1,60.0,1,12500.0,12500.0
Super built-up  Area,Ready To Move,Malleshwaram,2 BHK,1290.0,2,1,120.0,2,9302.33,9302.33
Super built-up  Area,Ready To Move,Malleshwaram,3 BHK,2475.0,4,3,326.0,3,13171.72,13171.72
Super built-up  Area,Ready To Move,Malleshwaram,3 BHK,2476.0,3,3,337.0,3,13610.66,13610.66
Built-up  Area,Ready To Move,Malleshwaram,2 BHK,900.0,2,1,90.0,2,10000.0,10000.0
Super built-up  Area,Ready To Move,Malleshwaram,3 BHK,2050.0,4,1,270.0,3,13170.73,13170.73
Built-up  Area,Ready To Move,Malleshwaram,2 BHK,900.0,2,1,72.0,2,8000.0,8000.0
Super built-up  Area,Ready To Move,Malleshwaram,1 BHK,620.0,1,1,86.8,1,14000.0,14000.0
Built-up  Area,Ready To Move,Malleshwaram,2 Bedroom,600.0,1,0,68.0,2,11333.33,11333.33
Super built-up  Area,Ready To Move,Malleshwaram,3 BHK,2475.0,4,3,337.0,3,13616.16,13616.16
Super built-up  Area,Ready To Move,Malleshwaram,3 BHK,2215.0,3,2,275.0,3,12415.35,12415.35
Super built-up  Area,Ready To Move,Malleshwaram,3 BHK,2215.0,3,2,330.0,3,14898.42,14898.42
Super built-up  Area,Ready To Move,Malleshwaram,2 BHK,1020.0,2,1,80.0,2,7843.14,7843.14
Plot  Area,Ready To Move,Malleshwaram,2 Bedroom,600.0,1,0,90.0,2,15000.0,15000.0
Built-up  Area,Ready To Move,Malleshwaram,3 BHK,2200.0,3,2,275.0,3,12500.0,12500.0
Super built-up  Area,Ready To Move,Malleshwaram,3 BHK,2475.0,4,3,326.0,3,13171.72,13171.72
Super built-up  Area,Ready To Move,Malleshwaram,2 BHK,1500.0,2,1,140.0,2,9333.33,9333.33
Super built-up  Area,Ready To Move,Malleshwaram,3 BHK,2475.0,4,3,340.0,3,13737.37,13737.37
Super built-up  Area,Ready To Move,Malleshwaram,2 BHK,1400.0,2,1,190.0,2,13571.43,13571.43
Super built-up  Area,Ready To Move,Malleshwaram,3 BHK,2475.0,4,3,300.0,3,12121.21,12121.21
Super built-up  Area,Ready To Move,Malleshwaram,3 BHK,2400.0,3,2,380.0,3,15833.33,15833.33
Built-up  Area,Ready To Move,Malleshwaram,1 BHK,580.0,1,1,45.0,1,7758.62,7758.62
Super built-up  Area,Ready To Move,Malleshwaram,2 BHK,1410.0,2,3,125.0,2,8865.25,8865.25
Super built-up  Area,Ready To Move,Marathahalli,2 BHK,1220.0,2,1,57.0,2,4672.13,4672.13
Super built-up  Area,Ready To Move,Marathahalli,2 BHK,1200.0,2,2,52.0,2,4333.33,4333.33
Super built-up  Area,Ready To Move,Marathahalli,2 BHK,1200.0,2,2,60.0,2,5000.0,5000.0
Super built-up  Area,Ready To Move,Marathahalli,3 BHK,1933.0,3,2,140.0,3,7242.63,7242.63
Super built-up  Area,18-Apr,Marathahalli,2 BHK,950.0,2,1,46.96,2,4943.16,4943.16
Super built-up  Area,Ready To Move,Marathahalli,2 BHK,1230.0,2,2,80.0,2,6504.07,6504.07
Super built-up  Area,Ready To Move,Marathahalli,4 BHK,3800.0,4,3,250.0,4,6578.95,6578.95
Super built-up  Area,Ready To Move,Marathahalli,2 BHK,1019.0,2,2,49.85,2,4892.05,4892.05
Super built-up  Area,Ready To Move,Marathahalli,2 BHK,1215.0,2,1,67.0,2,5514.4,5514.4
Super built-up  Area,Ready To Move,Marathahalli,4 BHK,2181.0,3,2,152.0,4,6969.28,6969.28
Built-up  Area,Ready To Move,Marathahalli,2 BHK,1170.0,2,3,53.0,2,4529.91,4529.91
Super built-up  Area,Ready To Move,Marathahalli,2 BHK,1019.0,2,2,49.86,2,4893.03,4893.03
Super built-up  Area,Ready To Move,Marathahalli,2 BHK,1325.0,2,2,71.55,2,5400.0,5400.0
Super built-up  Area,Ready To Move,Marathahalli,2 BHK,1220.0,2,1,56.5,2,4631.15,4631.15
Super built-up  Area,18-Apr,Marathahalli,2 BHK,1152.0,2,1,56.0,2,4861.11,4861.11
Super built-up  Area,Ready To Move,Marathahalli,3 BHK,1610.0,3,1,90.0,3,5590.06,5590.06
Super built-up  Area,19-Dec,Marathahalli,2 BHK,1146.0,2,1,70.0,2,6108.2,6108.2
Super built-up  Area,19-Dec,Marathahalli,3 BHK,1469.0,3,1,89.0,3,6058.54,6058.54
Super built-up  Area,Ready To Move,Marathahalli,4 BHK,2519.0,5,2,185.0,4,7344.18,7344.18
Super built-up  Area,Ready To Move,Marathahalli,2 BHK,957.0,2,1,46.9,2,4900.73,4900.73
Super built-up  Area,Ready To Move,Marathahalli,3 BHK,1583.0,3,3,105.0,3,6632.98,6632.98
Super built-up  Area,Ready To Move,Marathahalli,4 BHK,2524.0,5,2,190.0,4,7527.73,7527.73
Super built-up  Area,Ready To Move,Marathahalli,2 BHK,1071.0,2,2,52.25,2,4878.62,4878.62
Super built-up  Area,Ready To Move,Marathahalli,2 BHK,1215.0,2,2,58.86,2,4844.44,4844.44
Super built-up  Area,18-Apr,Marathahalli,2 BHK,1102.0,2,2,53.67,2,4870.24,4870.24
Super built-up  Area,Ready To Move,Marathahalli,3 BHK,1900.0,3,3,123.0,3,6473.68,6473.68
Super built-up  Area,Ready To Move,Marathahalli,2 BHK,1045.0,2,3,60.0,2,5741.63,5741.63
Super built-up  Area,Ready To Move,Marathahalli,2 BHK,1215.0,2,2,58.86,2,4844.44,4844.44
Super built-up  Area,Ready To Move,Marathahalli,2 BHK,1365.0,2,2,73.0,2,5347.99,5347.99
Super built-up  Area,Ready To Move,Marathahalli,2 BHK,1208.0,2,2,70.0,2,5794.7,5794.7
Built-up  Area,Ready To Move,Marathahalli,2 BHK,1325.0,1,1,92.0,2,6943.4,6943.4
Built-up  Area,Ready To Move,Marathahalli,3 BHK,1525.0,3,2,90.0,3,5901.64,5901.64
Super built-up  Area,Ready To Move,Marathahalli,3 BHK,1937.0,3,2,140.0,3,7227.67,7227.67
Super built-up  Area,Ready To Move,Marathahalli,3 BHK,1550.0,3,2,83.0,3,5354.84,5354.84
Super built-up  Area,Ready To Move,Marathahalli,2 BHK,1350.0,2,1,86.0,2,6370.37,6370.37
Super built-up  Area,18-Apr,Marathahalli,2 BHK,957.0,2,1,47.0,2,4911.18,4911.18
Super built-up  Area,Ready To Move,Marathahalli,2 BHK,1230.0,2,1,57.0,2,4634.15,4634.15
Super built-up  Area,Ready To Move,Marathahalli,2 BHK,1200.0,2,2,58.0,2,4833.33,4833.33
Super built-up  Area,19-Mar,Marathahalli,1 BHK,607.0,1,1,35.0,1,5766.06,5766.06
Super built-up  Area,Ready To Move,Marathahalli,3 BHK,1583.0,3,3,109.0,3,6885.66,6885.66
Super built-up  Area,Ready To Move,Marathahalli,2 BHK,1075.0,2,2,52.43,2,4877.21,4877.21
Super built-up  Area,Ready To Move,Marathahalli,2 BHK,1360.0,2,1,103.0,2,7573.53,7573.53
Super built-up  Area,Ready To Move,Marathahalli,2 BHK,1220.0,2,1,58.5,2,4795.08,4795.08
Super built-up  Area,Ready To Move,Marathahalli,2 BHK,950.0,2,1,45.68,2,4808.42,4808.42
Super built-up  Area,19-Dec,Marathahalli,1 BHK,615.0,1,1,44.0,1,7154.47,7154.47
Super built-up  Area,Ready To Move,Marathahalli,3 BHK,1595.0,3,2,90.0,3,5642.63,5642.63
Super built-up  Area,Ready To Move,Marathahalli,2 BHK,1350.0,2,1,89.0,2,6592.59,6592.59
Super built-up  Area,Ready To Move,Marathahalli,2 BHK,1020.0,2,1,57.0,2,5588.24,5588.24
Super built-up  Area,18-Apr,Marathahalli,2 BHK,1600.0,3,2,88.0,2,5500.0,5500.0
Super built-up  Area,Ready To Move,Marathahalli,1 BHK,780.0,1,1,55.0,1,7051.28,7051.28
Super built-up  Area,Ready To Move,Marathahalli,3 BHK,1710.0,3,2,100.0,3,5847.95,5847.95
Super built-up  Area,17-Jul,Marathahalli,2 BHK,1358.0,2,1,81.0,2,5964.65,5964.65
Super built-up  Area,Ready To Move,Marathahalli,2 BHK,1205.0,2,1,75.0,2,6224.07,6224.07
Super built-up  Area,Ready To Move,Marathahalli,3 BHK,1730.0,3,3,110.0,3,6358.38,6358.38
Super built-up  Area,Ready To Move,Marathahalli,3 BHK,1583.0,3,3,115.0,3,7264.69,7264.69
Built-up  Area,Ready To Move,Marathahalli,2 BHK,1200.0,2,1,67.0,2,5583.33,5583.33
Built-up  Area,Ready To Move,Marathahalli,2 BHK,1095.0,2,1,60.0,2,5479.45,5479.45
Super built-up  Area,Ready To Move,Marathahalli,2 BHK,1060.0,2,1,48.0,2,4528.3,4528.3
Built-up  Area,Ready To Move,Marathahalli,2 BHK,1050.0,2,1,65.0,2,6190.48,6190.48
Super built-up  Area,Ready To Move,Marathahalli,2 BHK,1102.0,2,2,53.67,2,4870.24,4870.24
Super built-up  Area,Ready To Move,Marathahalli,2 BHK,1026.0,2,1,49.95,2,4868.42,4868.42
Super built-up  Area,Ready To Move,Marathahalli,2 BHK,1220.0,2,1,59.0,2,4836.07,4836.07
Super built-up  Area,18-Dec,Marathahalli,2 BHK,881.0,2,1,48.06,2,5455.16,5455.16
Super built-up  Area,Ready To Move,Marathahalli,3 BHK,1710.0,3,2,100.0,3,5847.95,5847.95
Super built-up  Area,Ready To Move,Marathahalli,3 BHK,1680.0,3,3,105.0,3,6250.0,6250.0
Super built-up  Area,Ready To Move,Marathahalli,3 BHK,1910.0,3,3,119.0,3,6230.37,6230.37
Super built-up  Area,Ready To Move,Marathahalli,2 BHK,1602.0,2,1,104.0,2,6491.89,6491.89
Super built-up  Area,19-Mar,Marathahalli,1 BHK,700.0,1,1,38.0,1,5428.57,5428.57
Super built-up  Area,19-Dec,Marathahalli,3 BHK,1469.0,3,1,89.0,3,6058.54,6058.54
Super built-up  Area,Ready To Move,Marathahalli,3 BHK,1690.0,3,2,116.0,3,6863.91,6863.91
Super built-up  Area,Ready To Move,Marathahalli,2 BHK,1065.0,2,2,55.0,2,5164.32,5164.32
Built-up  Area,Ready To Move,Marathahalli,3 BHK,1693.0,3,2,125.0,3,7383.34,7383.34
Super built-up  Area,Ready To Move,Marathahalli,3 BHK,1693.0,3,1,125.0,3,7383.34,7383.34
Super built-up  Area,18-Apr,Marathahalli,2 BHK,1196.0,2,2,57.9,2,4841.14,4841.14
Super built-up  Area,Ready To Move,Marathahalli,3 BHK,1595.0,3,2,88.0,3,5517.24,5517.24
Super built-up  Area,19-Sep,Marathahalli,3 BHK,2122.0,3,2,125.0,3,5890.67,5890.67
Super built-up  Area,Ready To Move,Marathahalli,3 BHK,1730.0,3,2,115.0,3,6647.4,6647.4
Super built-up  Area,Ready To Move,Marathahalli,2 BHK,1125.0,2,3,55.0,2,4888.89,4888.89
Super built-up  Area,Ready To Move,Marathahalli,3 BHK,1950.0,3,2,115.0,3,5897.44,5897.44
Built-up  Area,Ready To Move,Marathahalli,2 BHK,1250.0,2,2,68.0,2,5440.0,5440.0
Super built-up  Area,Ready To Move,Marathahalli,2 BHK,1125.0,2,2,56.8,2,5048.89,5048.89
Super built-up  Area,Ready To Move,Marathahalli,2 BHK,1350.0,2,1,90.0,2,6666.67,6666.67
Super built-up  Area,Ready To Move,Marathahalli,2 BHK,1200.0,2,1,53.0,2,4416.67,4416.67
Super built-up  Area,Ready To Move,Marathahalli,4 BHK,2500.0,5,2,175.0,4,7000.0,7000.0
Super built-up  Area,Ready To Move,Marathahalli,2 BHK,957.0,2,1,47.0,2,4911.18,4911.18
Built-up  Area,Ready To Move,Marathahalli,2 BHK,1350.0,2,2,60.0,2,4444.44,4444.44
Super built-up  Area,Ready To Move,Marathahalli,4 BHK,3400.0,4,3,235.0,4,6911.76,6911.76
Super built-up  Area,Ready To Move,Marathahalli,2 BHK,1350.0,2,1,99.0,2,7333.33,7333.33
Super built-up  Area,Ready To Move,Marathahalli,2 BHK,1285.0,2,2,55.0,2,4280.16,4280.16
Super built-up  Area,Ready To Move,Marathahalli,4 BHK,2500.0,5,2,181.0,4,7240.0,7240.0
Super built-up  Area,Ready To Move,Marathahalli,4 BHK,3800.0,4,3,235.0,4,6184.21,6184.21
Super built-up  Area,Ready To Move,Marathahalli,4 BHK,3951.0,4,3,230.0,4,5821.31,5821.31
Super built-up  Area,18-Apr,Marathahalli,2 BHK,1125.0,2,1,54.8,2,4871.11,4871.11
Built-up  Area,Ready To Move,Marathahalli,3 BHK,1700.0,3,2,126.0,3,7411.76,7411.76
Super built-up  Area,Ready To Move,Marathahalli,2 BHK,1270.0,2,3,73.0,2,5748.03,5748.03
Super built-up  Area,Ready To Move,Marathahalli,2 BHK,950.0,2,2,46.7,2,4915.79,4915.79
Super built-up  Area,Ready To Move,Marathahalli,3 BHK,1550.0,3,2,85.0,3,5483.87,5483.87
Super built-up  Area,18-Apr,Marathahalli,2 BHK,1019.0,2,2,49.86,2,4893.03,4893.03
Super built-up  Area,Ready To Move,Marathahalli,2 BHK,1144.0,2,2,65.0,2,5681.82,5681.82
Super built-up  Area,Ready To Move,Marathahalli,2 BHK,1240.0,2,2,55.0,2,4435.48,4435.48
Built-up  Area,Ready To Move,Marathahalli,1 BHK,1100.0,2,1,75.0,1,6818.18,6818.18
Built-up  Area,Ready To Move,Marathahalli,2 BHK,1156.0,2,2,52.0,2,4498.27,4498.27
Super built-up  Area,18-Apr,Marathahalli,4 BHK,2524.0,5,2,180.0,4,7131.54,7131.54
Super built-up  Area,Ready To Move,Marathahalli,2 BHK,1135.0,2,2,60.0,2,5286.34,5286.34
Super built-up  Area,Ready To Move,Marathahalli,3 BHK,1839.0,3,2,130.0,3,7069.06,7069.06
Super built-up  Area,19-Jan,Marathahalli,2 BHK,1170.0,2,2,85.0,2,7264.96,7264.96
Super built-up  Area,Ready To Move,Marathahalli,2 BHK,1102.0,2,2,53.67,2,4870.24,4870.24
Super built-up  Area,19-Mar,Marathahalli,3 BHK,1108.0,2,1,60.0,3,5415.16,5415.16
Super built-up  Area,Ready To Move,Marathahalli,3 BHK,1449.0,3,2,110.0,3,7591.44,7591.44
Super built-up  Area,Ready To Move,Marathahalli,2 BHK,1360.0,2,1,101.0,2,7426.47,7426.47
Super built-up  Area,Ready To Move,Marathahalli,2 BHK,1026.0,2,1,50.18,2,4890.84,4890.84
Built-up  Area,Ready To Move,Marathahalli,2 BHK,1270.0,2,2,80.0,2,6299.21,6299.21
Super built-up  Area,Ready To Move,Marathahalli,2 BHK,1100.0,2,1,50.0,2,4545.45,4545.45
Super built-up  Area,Ready To Move,Marathahalli,2 BHK,1196.0,2,2,57.95,2,4845.32,4845.32
Built-up  Area,Ready To Move,Marathahalli,3 BHK,1485.0,2,2,90.0,3,6060.61,6060.61
Super built-up  Area,19-Dec,Marathahalli,2 BHK,1146.0,2,1,69.0,2,6020.94,6020.94
Plot  Area,Ready To Move,Margondanahalli,2 Bedroom,1090.0,2,0,58.0,2,5321.1,5321.1
Plot  Area,Ready To Move,Margondanahalli,2 Bedroom,1200.0,2,1,58.5,2,4875.0,4875.0
Plot  Area,Ready To Move,Margondanahalli,2 Bedroom,1200.0,2,0,67.0,2,5583.33,5583.33
Plot  Area,Ready To Move,Margondanahalli,2 Bedroom,1000.0,2,0,57.0,2,5700.0,5700.0
Plot  Area,Ready To Move,Margondanahalli,2 Bedroom,600.0,2,0,35.0,2,5833.33,5833.33
Plot  Area,18-May,Margondanahalli,2 Bedroom,1200.0,2,0,69.0,2,5750.0,5750.0
Plot  Area,Ready To Move,Margondanahalli,2 Bedroom,900.0,2,0,49.0,2,5444.44,5444.44
Built-up  Area,Ready To Move,Margondanahalli,2 Bedroom,1140.0,2,1,60.0,2,5263.16,5263.16
Plot  Area,Ready To Move,Margondanahalli,2 Bedroom,1100.0,2,1,55.0,2,5000.0,5000.0
Plot  Area,Ready To Move,Margondanahalli,2 Bedroom,1152.0,1,0,66.0,2,5729.17,5729.17
Plot  Area,Ready To Move,Margondanahalli,2 Bedroom,1200.0,2,1,65.0,2,5416.67,5416.67
Plot  Area,18-May,Margondanahalli,2 Bedroom,1050.0,2,0,58.0,2,5523.81,5523.81
Plot  Area,Ready To Move,Margondanahalli,2 Bedroom,1160.0,2,1,65.0,2,5603.45,5603.45
Super built-up  Area,18-Mar,Margondanahalli,2 BHK,1334.0,2,1,67.76,2,5079.46,5079.46
Plot  Area,Ready To Move,Marsur,4 Bedroom,1800.0,4,2,145.0,4,8055.56,8055.56
Plot  Area,Ready To Move,Marsur,3 Bedroom,1200.0,3,1,90.0,3,7500.0,7500.0
Plot  Area,Ready To Move,Marsur,3 Bedroom,1200.0,3,1,120.0,3,10000.0,10000.0
Super built-up  Area,Ready To Move,Mico Layout,9 BHK,5000.0,9,3,210.0,9,4200.0,4200.0
Super built-up  Area,Ready To Move,Mico Layout,3 BHK,1550.0,2,2,65.0,3,4193.55,4193.55
Super built-up  Area,Ready To Move,Mico Layout,2 BHK,1125.0,2,2,40.0,2,3555.56,3555.56
Super built-up  Area,Ready To Move,Mico Layout,2 BHK,1190.0,2,2,39.25,2,3298.32,3298.32
Super built-up  Area,Ready To Move,Mico Layout,1 BHK,800.0,1,1,29.5,1,3687.5,3687.5
Super built-up  Area,18-May,Mico Layout,3 BHK,1250.0,2,2,44.0,3,3520.0,3520.0
Super built-up  Area,16-Nov,Mico Layout,2 BHK,1171.0,2,2,39.0,2,3330.49,3330.49
Built-up  Area,Ready To Move,Mico Layout,2 BHK,1200.0,2,1,53.5,2,4458.33,4458.33
Super built-up  Area,Ready To Move,Mico Layout,3 BHK,1670.0,3,2,59.0,3,3532.93,3532.93
Super built-up  Area,Ready To Move,Mico Layout,2 BHK,1140.0,2,2,43.0,2,3771.93,3771.93
Built-up  Area,Ready To Move,Munnekollal,2 BHK,1170.0,2,2,52.0,2,4444.44,4444.44
Super built-up  Area,18-Apr,Munnekollal,2 BHK,1102.0,2,2,53.67,2,4870.24,4870.24
Built-up  Area,Ready To Move,Munnekollal,3 BHK,1390.0,3,2,68.0,3,4892.09,4892.09
Super built-up  Area,Ready To Move,Munnekollal,2 BHK,1200.0,2,2,49.5,2,4125.0,4125.0
Super built-up  Area,18-Apr,Munnekollal,2 BHK,950.0,2,1,46.5,2,4894.74,4894.74
Built-up  Area,Ready To Move,Munnekollal,3 BHK,1560.0,3,3,75.0,3,4807.69,4807.69
Super built-up  Area,Ready To Move,Munnekollal,3 BHK,1750.0,3,3,86.5,3,4942.86,4942.86
Super built-up  Area,18-Apr,Munnekollal,3 BHK,1385.0,2,2,66.5,3,4801.44,4801.44
Built-up  Area,Ready To Move,Munnekollal,2 BHK,1080.0,2,2,45.0,2,4166.67,4166.67
Built-up  Area,Ready To Move,Munnekollal,2 BHK,1170.0,2,2,59.0,2,5042.74,5042.74
Super built-up  Area,18-Apr,Munnekollal,3 BHK,1200.0,2,1,57.9,3,4825.0,4825.0
Super built-up  Area,18-Apr,Munnekollal,2 BHK,1030.0,2,1,50.36,2,4889.32,4889.32
Built-up  Area,Ready To Move,Murugeshpalya,2 BHK,1296.0,2,1,81.0,2,6250.0,6250.0
Super built-up  Area,Ready To Move,Murugeshpalya,3 BHK,1550.0,3,2,74.0,3,4774.19,4774.19
Super built-up  Area,Ready To Move,Murugeshpalya,3 BHK,1845.0,3,3,91.0,3,4932.25,4932.25
Super built-up  Area,Ready To Move,Murugeshpalya,2 BHK,1185.0,2,1,85.0,2,7173.0,7173.0
Super built-up  Area,18-Aug,Murugeshpalya,2 BHK,1225.0,2,2,48.0,2,3918.37,3918.37
Super built-up  Area,Ready To Move,Murugeshpalya,3 BHK,1930.0,3,3,75.0,3,3886.01,3886.01
Super built-up  Area,Ready To Move,Murugeshpalya,3 BHK,1600.0,2,1,65.0,3,4062.5,4062.5
Super built-up  Area,Ready To Move,Murugeshpalya,3 BHK,1344.0,2,0,56.0,3,4166.67,4166.67
Super built-up  Area,Ready To Move,Murugeshpalya,3 BHK,1500.0,2,0,70.0,3,4666.67,4666.67
Super built-up  Area,Ready To Move,Murugeshpalya,3 BHK,1855.0,3,3,96.0,3,5175.2,5175.2
Super built-up  Area,Ready To Move,Murugeshpalya,2 BHK,1175.0,2,2,75.0,2,6382.98,6382.98
Super built-up  Area,Ready To Move,Mysore Road,2 BHK,1175.0,2,2,73.5,2,6255.32,6255.32
Super built-up  Area,19-Apr,Mysore Road,3 BHK,1710.0,4,2,91.31,3,5339.77,5339.77
Super built-up  Area,Ready To Move,Mysore Road,2 BHK,1020.0,2,1,48.95,2,4799.02,4799.02
Super built-up  Area,19-Jan,Mysore Road,2 BHK,1175.0,2,1,73.5,2,6255.32,6255.32
Super built-up  Area,Ready To Move,Mysore Road,2 BHK,1070.0,2,1,45.0,2,4205.61,4205.61
Super built-up  Area,Ready To Move,Mysore Road,2 BHK,1239.0,2,1,53.0,2,4277.64,4277.64
Super built-up  Area,Ready To Move,Mysore Road,2 BHK,1060.0,2,1,62.0,2,5849.06,5849.06
Super built-up  Area,19-Apr,Mysore Road,2 BHK,980.0,2,1,45.47,2,4639.8,4639.8
Super built-up  Area,Ready To Move,Mysore Road,2 BHK,883.0,2,1,40.0,2,4530.01,4530.01
Super built-up  Area,Ready To Move,Mysore Road,3 BHK,1525.0,3,2,96.0,3,6295.08,6295.08
Super built-up  Area,18-Apr,Mysore Road,2 BHK,1200.0,2,3,65.0,2,5416.67,5416.67
Super built-up  Area,Ready To Move,Mysore Road,2 BHK,883.0,2,1,40.95,2,4637.6,4637.6
Super built-up  Area,19-Apr,Mysore Road,2 BHK,1070.0,2,1,49.65,2,4640.19,4640.19
Built-up  Area,Ready To Move,Mysore Road,2 BHK,883.0,2,1,50.0,2,5662.51,5662.51
Super built-up  Area,Ready To Move,Mysore Road,2 BHK,1155.0,2,1,51.0,2,4415.58,4415.58
Super built-up  Area,Ready To Move,Mysore Road,2 BHK,1003.0,2,1,43.0,2,4287.14,4287.14
Super built-up  Area,Ready To Move,Mysore Road,2 BHK,1237.0,2,2,73.0,2,5901.37,5901.37
Super built-up  Area,Ready To Move,Mysore Road,2 BHK,883.0,2,1,45.0,2,5096.26,5096.26
Super built-up  Area,Ready To Move,Mysore Road,2 BHK,1170.0,2,2,65.0,2,5555.56,5555.56
Super built-up  Area,18-May,Mysore Road,2 BHK,1029.5,2,0,50.855,2,4939.78,4939.78
Super built-up  Area,19-Apr,Mysore Road,2 BHK,940.0,2,1,43.61,2,4639.36,4639.36
Super built-up  Area,Ready To Move,Mysore Road,2 BHK,1020.0,2,2,48.95,2,4799.02,4799.02
Super built-up  Area,Ready To Move,Mysore Road,3 BHK,1568.0,2,2,100.0,3,6377.55,6377.55
Super built-up  Area,18-May,Mysore Road,3 BHK,1560.0,3,1,83.3,3,5339.74,5339.74
Built-up  Area,Ready To Move,Mysore Road,2 BHK,1175.0,2,2,70.5,2,6000.0,6000.0
Super built-up  Area,Ready To Move,Mysore Road,3 BHK,1080.0,2,1,60.0,3,5555.56,5555.56
Super built-up  Area,18-Feb,Mysore Road,2 BHK,883.0,2,1,37.0,2,4190.26,4190.26
Super built-up  Area,Ready To Move,NGR Layout,2 BHK,1020.0,2,1,45.9,2,4500.0,4500.0
Super built-up  Area,Ready To Move,NGR Layout,2 BHK,1105.0,2,2,49.73,2,4500.45,4500.45
Super built-up  Area,Ready To Move,NGR Layout,2 BHK,1022.0,2,1,45.9,2,4491.19,4491.19
Super built-up  Area,Ready To Move,NGR Layout,2 BHK,1020.0,2,1,45.0,2,4411.76,4411.76
Super built-up  Area,Ready To Move,NGR Layout,2 BHK,1019.0,2,1,45.9,2,4504.42,4504.42
Super built-up  Area,Ready To Move,NGR Layout,2 BHK,1020.0,2,1,46.0,2,4509.8,4509.8
Super built-up  Area,Ready To Move,NGR Layout,2 BHK,1021.0,2,2,46.0,2,4505.39,4505.39
Super built-up  Area,Ready To Move,NGR Layout,2 BHK,1021.0,2,2,45.9,2,4495.59,4495.59
Super built-up  Area,Ready To Move,NRI Layout,3 BHK,1565.0,2,2,75.0,3,4792.33,4792.33
Super built-up  Area,Ready To Move,NRI Layout,5 BHK,2500.0,5,3,130.0,5,5200.0,5200.0
Super built-up  Area,17-Dec,NRI Layout,2 BHK,1125.0,2,2,45.56,2,4049.78,4049.78
Built-up  Area,Ready To Move,NRI Layout,4 Bedroom,2150.0,4,2,115.0,4,5348.84,5348.84
Plot  Area,Ready To Move,NRI Layout,2 Bedroom,1250.0,2,0,75.0,2,6000.0,6000.0
Built-up  Area,Ready To Move,NRI Layout,3 BHK,1789.0,3,3,75.0,3,4192.29,4192.29
Super built-up  Area,Ready To Move,NRI Layout,3 BHK,1731.0,3,3,64.11,3,3703.64,3703.64
Plot  Area,Ready To Move,NRI Layout,2 Bedroom,2400.0,2,1,125.0,2,5208.33,5208.33
Plot  Area,Ready To Move,Nagarbhavi,3 Bedroom,1350.0,3,2,150.0,3,11111.11,11111.11
Plot  Area,Ready To Move,Nagarbhavi,2 Bedroom,1200.0,2,1,150.0,2,12500.0,12500.0
Built-up  Area,Ready To Move,Nagarbhavi,3 Bedroom,2400.0,3,0,160.0,3,6666.67,6666.67
Super built-up  Area,Ready To Move,Nagarbhavi,1 BHK,884.0,2,2,36.0,1,4072.4,4072.4
Super built-up  Area,Ready To Move,Nagarbhavi,2 BHK,1055.0,2,2,55.0,2,5213.27,5213.27
Super built-up  Area,Ready To Move,Nagarbhavi,2 BHK,1223.0,2,1,60.0,2,4905.97,4905.97
Built-up  Area,Ready To Move,Nagarbhavi,2 BHK,956.0,2,1,49.0,2,5125.52,5125.52
Plot  Area,Ready To Move,Nagarbhavi,2 Bedroom,1200.0,2,1,150.0,2,12500.0,12500.0
Super built-up  Area,Ready To Move,Nagarbhavi,2 BHK,1145.0,2,2,40.0,2,3493.45,3493.45
Carpet  Area,Ready To Move,Nagarbhavi,1 BHK,300.0,1,1,20.0,1,6666.67,6666.67
Plot  Area,Ready To Move,Nagarbhavi,4 Bedroom,1250.0,3,0,175.0,4,14000.0,14000.0
Built-up  Area,Ready To Move,Nagarbhavi,1 BHK,710.0,2,2,40.0,1,5633.8,5633.8
Super built-up  Area,Ready To Move,Nagarbhavi,2 BHK,1212.0,2,1,50.0,2,4125.41,4125.41
Super built-up  Area,Ready To Move,Nagarbhavi,2 BHK,1020.0,2,2,55.0,2,5392.16,5392.16
Super built-up  Area,Ready To Move,Nagarbhavi,2 BHK,1120.0,2,3,53.0,2,4732.14,4732.14
Super built-up  Area,Ready To Move,Nagarbhavi,2 BHK,1146.0,2,1,50.0,2,4363.0,4363.0
Super built-up  Area,Ready To Move,Nagarbhavi,2 BHK,1190.0,2,2,63.0,2,5294.12,5294.12
Built-up  Area,Ready To Move,Nagarbhavi,2 BHK,1050.0,2,1,80.0,2,7619.05,7619.05
Built-up  Area,Ready To Move,Nagarbhavi,5 Bedroom,2500.0,3,2,180.0,5,7200.0,7200.0
Built-up  Area,Ready To Move,Nagarbhavi,2 Bedroom,1250.0,3,0,170.0,2,13600.0,13600.0
Super built-up  Area,Ready To Move,Nagarbhavi,3 BHK,1400.0,2,2,135.0,3,9642.86,9642.86
Super built-up  Area,Ready To Move,Nagarbhavi,2 BHK,1100.0,2,2,46.2,2,4200.0,4200.0
Super built-up  Area,Ready To Move,Nagarbhavi,2 BHK,1080.0,2,1,49.0,2,4537.04,4537.04
Built-up  Area,Ready To Move,Nagarbhavi,4 Bedroom,1800.0,3,0,180.0,4,10000.0,10000.0
Super built-up  Area,Ready To Move,Nagarbhavi,2 BHK,1225.0,2,3,58.0,2,4734.69,4734.69
Super built-up  Area,Ready To Move,Nagasandra,2 BHK,980.0,2,1,48.0,2,4897.96,4897.96
Super built-up  Area,Ready To Move,Nagasandra,4 BHK,2400.0,4,1,145.0,4,6041.67,6041.67
Super built-up  Area,Ready To Move,Nagasandra,3 BHK,1650.0,3,2,95.0,3,5757.58,5757.58
Plot  Area,Ready To Move,Nagasandra,2 Bedroom,1500.0,2,0,91.0,2,6066.67,6066.67
Plot  Area,Ready To Move,Nagavara,1 Bedroom,400.0,1,0,14.0,1,3500.0,3500.0
Super built-up  Area,Ready To Move,Nagavara,4 BHK,2172.65,3,3,120.0,4,5523.21,5523.21
Super built-up  Area,Ready To Move,Nagavara,3 BHK,2319.0,3,2,180.0,3,7761.97,7761.97
Super built-up  Area,Ready To Move,Nagavara,3 BHK,2430.0,4,3,180.0,3,7407.41,7407.41
Built-up  Area,Ready To Move,Nagavara,2 BHK,936.0,2,0,40.2,2,4294.87,4294.87
Super built-up  Area,Ready To Move,Nagavara,2 BHK,1125.0,2,2,44.5,2,3955.56,3955.56
Built-up  Area,Ready To Move,Nagavara,2 BHK,1315.0,2,2,70.0,2,5323.19,5323.19
Super built-up  Area,Ready To Move,Nagavara,2 BHK,1077.0,2,1,50.0,2,4642.53,4642.53
Super built-up  Area,Ready To Move,Nagavara,4 BHK,2496.0,4,2,125.0,4,5008.01,5008.01
Super built-up  Area,Ready To Move,Nagavara,2 BHK,1110.0,2,2,44.95,2,4049.55,4049.55
Super built-up  Area,Ready To Move,Nagavara,2 BHK,1247.0,2,1,58.56,2,4696.07,4696.07
Super built-up  Area,17-Dec,Nagavarapalya,2 BHK,1392.0,2,1,99.0,2,7112.07,7112.07
Super built-up  Area,Ready To Move,Nagavarapalya,1 BHK,705.0,1,1,52.5,1,7446.81,7446.81
Super built-up  Area,Ready To Move,Nagavarapalya,3 BHK,1300.0,3,1,80.0,3,6153.85,6153.85
Super built-up  Area,Ready To Move,Nagavarapalya,1 BHK,705.0,1,1,57.0,1,8085.11,8085.11
Super built-up  Area,Ready To Move,Nagavarapalya,1 BHK,705.0,1,1,55.0,1,7801.42,7801.42
Super built-up  Area,18-Jan,Nagavarapalya,1 BHK,705.0,1,1,57.0,1,8085.11,8085.11
Super built-up  Area,Ready To Move,Nagavarapalya,2 BHK,1335.0,2,3,110.0,2,8239.7,8239.7
Super built-up  Area,Ready To Move,Nagavarapalya,2 BHK,1260.0,2,2,85.5,2,6785.71,6785.71
Super built-up  Area,Ready To Move,Narayanapura,2 BHK,1308.0,2,2,89.04,2,6807.34,6807.34
Super built-up  Area,Ready To Move,Narayanapura,3 BHK,1566.0,3,1,83.3,3,5319.28,5319.28
Built-up  Area,Ready To Move,Narayanapura,3 BHK,1485.0,3,2,85.0,3,5723.91,5723.91
Super built-up  Area,Ready To Move,Narayanapura,2 BHK,1302.0,2,1,69.1,2,5307.22,5307.22
Super built-up  Area,Ready To Move,Narayanapura,2 BHK,1308.0,2,1,89.04,2,6807.34,6807.34
Super built-up  Area,Ready To Move,Narayanapura,3 BHK,2357.0,3,2,135.0,3,5727.62,5727.62
Super built-up  Area,Ready To Move,Narayanapura,3 BHK,2357.0,3,2,135.0,3,5727.62,5727.62
Super built-up  Area,Ready To Move,Narayanapura,2 BHK,1469.0,2,2,99.14,2,6748.81,6748.81
Super built-up  Area,Ready To Move,Neeladri Nagar,2 BHK,1053.0,2,1,45.0,2,4273.5,4273.5
Super built-up  Area,Ready To Move,Neeladri Nagar,2 BHK,1363.0,2,2,68.0,2,4988.99,4988.99
Super built-up  Area,Ready To Move,Neeladri Nagar,3 BHK,2556.0,3,2,133.0,3,5203.44,5203.44
Super built-up  Area,Ready To Move,Neeladri Nagar,1 BHK,674.0,1,1,21.0,1,3115.73,3115.73
Built-up  Area,Ready To Move,Neeladri Nagar,1 BHK,527.0,1,0,26.0,1,4933.59,4933.59
Super built-up  Area,Ready To Move,Neeladri Nagar,3 BHK,1167.0,2,1,38.0,3,3256.21,3256.21
Super built-up  Area,Ready To Move,Neeladri Nagar,2 BHK,1060.0,2,0,35.0,2,3301.89,3301.89
Built-up  Area,Ready To Move,Neeladri Nagar,1 BHK,640.0,1,1,20.5,1,3203.12,3203.12
Super built-up  Area,18-Apr,Neeladri Nagar,2 BHK,1105.0,2,2,30.0,2,2714.93,2714.93
Super built-up  Area,Ready To Move,Neeladri Nagar,2 BHK,1100.0,2,2,30.0,2,2727.27,2727.27
Super built-up  Area,Ready To Move,Neeladri Nagar,3 BHK,2111.0,3,2,103.0,3,4879.2,4879.2
Super built-up  Area,Ready To Move,Nehru Nagar,3 BHK,1775.0,3,3,110.0,3,6197.18,6197.18
Super built-up  Area,Ready To Move,Nehru Nagar,4 BHK,2363.0,5,2,120.0,4,5078.29,5078.29
Super built-up  Area,Ready To Move,Nehru Nagar,4 BHK,2342.0,3,2,115.0,4,4910.33,4910.33
Super built-up  Area,Ready To Move,Nehru Nagar,2 BHK,967.0,2,2,41.1,2,4250.26,4250.26
Built-up  Area,Ready To Move,Nehru Nagar,3 BHK,1374.0,3,2,72.0,3,5240.17,5240.17
Super built-up  Area,Ready To Move,Nehru Nagar,3 BHK,1674.0,3,1,90.0,3,5376.34,5376.34
Super built-up  Area,Ready To Move,Nehru Nagar,3 BHK,1269.0,2,2,63.0,3,4964.54,4964.54
Super built-up  Area,Ready To Move,Nehru Nagar,2 BHK,1100.0,2,2,50.0,2,4545.45,4545.45
Super built-up  Area,Ready To Move,Nehru Nagar,3 BHK,1674.0,3,1,81.0,3,4838.71,4838.71
Super built-up  Area,Ready To Move,OMBR Layout,3 BHK,2420.0,3,2,185.0,3,7644.63,7644.63
Built-up  Area,Ready To Move,OMBR Layout,2 BHK,1078.0,2,3,65.0,2,6029.68,6029.68
Super built-up  Area,Ready To Move,OMBR Layout,2 BHK,1101.0,2,2,65.5,2,5949.14,5949.14
Super built-up  Area,Ready To Move,OMBR Layout,2 BHK,1041.0,2,2,65.5,2,6292.03,6292.03
Super built-up  Area,Ready To Move,OMBR Layout,2 BHK,1300.0,2,2,80.0,2,6153.85,6153.85
Super built-up  Area,Ready To Move,OMBR Layout,2 BHK,1085.0,2,1,64.0,2,5898.62,5898.62
Super built-up  Area,Ready To Move,OMBR Layout,3 BHK,1855.0,3,2,145.0,3,7816.71,7816.71
Super built-up  Area,Ready To Move,OMBR Layout,2 BHK,1050.0,2,3,48.0,2,4571.43,4571.43
Super built-up  Area,Ready To Move,OMBR Layout,2 BHK,1165.0,2,2,88.5,2,7596.57,7596.57
Super built-up  Area,Ready To Move,OMBR Layout,2 BHK,1101.0,2,2,66.0,2,5994.55,5994.55
Super built-up  Area,Ready To Move,OMBR Layout,4 BHK,3400.0,4,2,275.0,4,8088.24,8088.24
Super built-up  Area,18-May,Old Airport Road,4 BHK,2732.0,4,1,204.0,4,7467.06,7467.06
Super built-up  Area,18-Dec,Old Airport Road,4 BHK,3356.0,4,1,251.0,4,7479.14,7479.14
Super built-up  Area,Ready To Move,Old Airport Road,2 BHK,1206.0,2,3,75.0,2,6218.91,6218.91
Super built-up  Area,18-May,Old Airport Road,4 BHK,2774.0,4,1,207.0,4,7462.15,7462.15
Super built-up  Area,18-Dec,Old Airport Road,4 BHK,2690.0,4,3,191.0,4,7100.37,7100.37
Super built-up  Area,18-May,Old Airport Road,4 BHK,2690.0,4,3,199.0,4,7397.77,7397.77
Super built-up  Area,18-May,Old Airport Road,2 BHK,1655.0,2,1,97.65,2,5900.3,5900.3
Super built-up  Area,Ready To Move,Old Airport Road,2 BHK,1075.0,2,2,60.0,2,5581.4,5581.4
Built-up  Area,Ready To Move,Old Airport Road,3 BHK,1858.0,2,1,167.0,3,8988.16,8988.16
Super built-up  Area,Ready To Move,Old Airport Road,2 BHK,1150.0,2,1,90.0,2,7826.09,7826.09
Super built-up  Area,18-Dec,Old Airport Road,4 BHK,2690.0,4,3,191.0,4,7100.37,7100.37
Super built-up  Area,21-Dec,Old Airport Road,4 BHK,2658.0,5,3,187.0,4,7035.36,7035.36
Super built-up  Area,Ready To Move,Old Airport Road,2 BHK,946.0,2,2,58.0,2,6131.08,6131.08
Super built-up  Area,18-Dec,Old Airport Road,4 BHK,2774.0,4,3,208.0,4,7498.2,7498.2
Super built-up  Area,18-Dec,Old Airport Road,4 BHK,2774.0,4,3,208.0,4,7498.2,7498.2
Built-up  Area,Ready To Move,Old Airport Road,4 BHK,3200.0,4,1,280.0,4,8750.0,8750.0
Super built-up  Area,18-Dec,Old Airport Road,4 BHK,2690.0,4,3,201.0,4,7472.12,7472.12
Super built-up  Area,Ready To Move,Old Airport Road,2 BHK,1145.0,2,2,75.0,2,6550.22,6550.22
Super built-up  Area,18-Dec,Old Airport Road,4 BHK,2732.0,4,3,194.0,4,7101.02,7101.02
Super built-up  Area,18-Dec,Old Airport Road,4 BHK,2658.0,5,3,189.0,4,7110.61,7110.61
Super built-up  Area,18-Dec,Old Airport Road,4 BHK,2774.0,4,3,197.0,4,7101.66,7101.66
Super built-up  Area,18-Dec,Old Airport Road,4 BHK,3496.0,4,1,262.0,4,7494.28,7494.28
Super built-up  Area,18-Dec,Old Airport Road,4 BHK,2774.0,4,3,197.0,4,7101.66,7101.66
Super built-up  Area,18-May,Old Airport Road,4 BHK,2732.0,4,3,204.0,4,7467.06,7467.06
Super built-up  Area,Ready To Move,Old Airport Road,3 BHK,1798.0,3,1,150.0,3,8342.6,8342.6
Super built-up  Area,18-Dec,Old Airport Road,4 BHK,2774.0,4,3,208.0,4,7498.2,7498.2
Super built-up  Area,Ready To Move,Old Airport Road,2 BHK,1184.0,2,1,78.0,2,6587.84,6587.84
Super built-up  Area,18-Dec,Old Airport Road,4 BHK,3504.0,4,1,262.0,4,7477.17,7477.17
Built-up  Area,Ready To Move,Old Airport Road,2 BHK,1055.0,2,3,75.0,2,7109.0,7109.0
Super built-up  Area,18-Aug,Old Madras Road,3 BHK,1425.0,2,2,94.0,3,6596.49,6596.49
Super built-up  Area,19-Dec,Old Madras Road,2 BHK,935.0,2,1,45.0,2,4812.83,4812.83
Super built-up  Area,Ready To Move,Old Madras Road,3 BHK,1720.0,3,2,100.0,3,5813.95,5813.95
Super built-up  Area,18-May,Old Madras Road,2 BHK,1200.0,2,1,72.0,2,6000.0,6000.0
Super built-up  Area,19-Dec,Old Madras Road,2 BHK,1225.0,2,1,53.55,2,4371.43,4371.43
Super built-up  Area,Ready To Move,Old Madras Road,2 BHK,1100.0,2,1,70.0,2,6363.64,6363.64
Super built-up  Area,18-Jun,Old Madras Road,2 BHK,1171.0,2,2,75.0,2,6404.78,6404.78
Super built-up  Area,19-Dec,Old Madras Road,2 BHK,935.0,2,1,45.0,2,4812.83,4812.83
Super built-up  Area,19-Dec,Old Madras Road,2 BHK,1065.0,2,1,47.86,2,4493.9,4493.9
Super built-up  Area,Ready To Move,Old Madras Road,4 BHK,2010.0,3,2,125.0,4,6218.91,6218.91
Super built-up  Area,Ready To Move,Old Madras Road,3 BHK,1480.0,2,2,84.0,3,5675.68,5675.68
Super built-up  Area,Ready To Move,Old Madras Road,2 BHK,1210.0,2,1,74.0,2,6115.7,6115.7
Super built-up  Area,Ready To Move,Old Madras Road,2 BHK,1171.0,2,2,72.0,2,6148.59,6148.59
Super built-up  Area,Ready To Move,Old Madras Road,3 BHK,1480.0,3,2,95.0,3,6418.92,6418.92
Super built-up  Area,Ready To Move,Old Madras Road,2 BHK,1210.0,2,1,80.0,2,6611.57,6611.57
Super built-up  Area,Ready To Move,Old Madras Road,3 BHK,1859.0,3,2,121.0,3,6508.88,6508.88
Built-up  Area,Ready To Move,Old Madras Road,3 Bedroom,2300.0,3,2,142.0,3,6173.91,6173.91
Super built-up  Area,Ready To Move,Old Madras Road,2 BHK,1210.0,2,1,80.0,2,6611.57,6611.57
Super built-up  Area,Ready To Move,Old Madras Road,2 BHK,1210.0,2,1,77.0,2,6363.64,6363.64
Super built-up  Area,Ready To Move,Old Madras Road,2 BHK,1330.0,2,2,74.0,2,5563.91,5563.91
Super built-up  Area,Ready To Move,Old Madras Road,3 BHK,1720.0,3,2,106.0,3,6162.79,6162.79
Super built-up  Area,Ready To Move,Old Madras Road,3 BHK,2990.0,3,2,170.0,3,5685.62,5685.62
Super built-up  Area,18-Apr,Old Madras Road,2 BHK,1171.0,2,2,73.0,2,6233.99,6233.99
Super built-up  Area,Ready To Move,Old Madras Road,3 BHK,1630.0,3,2,110.0,3,6748.47,6748.47
Super built-up  Area,18-May,Old Madras Road,2 BHK,1165.0,2,1,52.0,2,4463.52,4463.52
Super built-up  Area,18-Jun,Old Madras Road,2 BHK,2640.0,2,1,170.0,2,6439.39,6439.39
Super built-up  Area,19-Dec,Old Madras Road,2 BHK,1165.0,2,1,51.42,2,4413.73,4413.73
Built-up  Area,Ready To Move,Padmanabhanagar,2 BHK,1020.0,2,2,63.0,2,6176.47,6176.47
Built-up  Area,Ready To Move,Padmanabhanagar,2 BHK,1176.0,2,0,62.0,2,5272.11,5272.11
Super built-up  Area,Ready To Move,Padmanabhanagar,2 BHK,1258.0,2,2,115.0,2,9141.49,9141.49
Super built-up  Area,Ready To Move,Padmanabhanagar,2 BHK,1100.0,2,2,65.0,2,5909.09,5909.09
Built-up  Area,Ready To Move,Padmanabhanagar,4 Bedroom,3400.0,3,1,210.0,4,6176.47,6176.47
Built-up  Area,Ready To Move,Padmanabhanagar,3 Bedroom,4500.0,4,2,360.0,3,8000.0,8000.0
Super built-up  Area,Ready To Move,Padmanabhanagar,2 BHK,1200.0,2,1,60.0,2,5000.0,5000.0
Super built-up  Area,Ready To Move,Padmanabhanagar,2 BHK,1000.0,1,1,90.0,2,9000.0,9000.0
Super built-up  Area,Ready To Move,Padmanabhanagar,2 BHK,1067.0,2,2,52.0,2,4873.48,4873.48
Super built-up  Area,Ready To Move,Padmanabhanagar,2 BHK,1100.0,2,1,60.0,2,5454.55,5454.55
Super built-up  Area,20-Dec,Padmanabhanagar,3 BHK,2051.0,3,1,180.0,3,8776.21,8776.21
Super built-up  Area,19-Sep,Padmanabhanagar,3 BHK,2051.0,3,2,170.0,3,8288.64,8288.64
Super built-up  Area,Ready To Move,Pai Layout,2 BHK,1006.0,2,2,35.0,2,3479.13,3479.13
Super built-up  Area,Ready To Move,Pai Layout,3 BHK,1550.0,2,2,90.0,3,5806.45,5806.45
Super built-up  Area,Ready To Move,Pai Layout,2 BHK,1050.0,2,2,40.0,2,3809.52,3809.52
Super built-up  Area,Ready To Move,Pai Layout,3 BHK,1400.0,2,3,67.0,3,4785.71,4785.71
Built-up  Area,Ready To Move,Pai Layout,2 BHK,1100.0,2,2,50.0,2,4545.45,4545.45
Super built-up  Area,Ready To Move,Pai Layout,2 BHK,1255.0,2,1,80.0,2,6374.5,6374.5
Super built-up  Area,Ready To Move,Pai Layout,2 BHK,1075.0,2,2,35.0,2,3255.81,3255.81
Super built-up  Area,Ready To Move,Pai Layout,2 BHK,1400.0,2,2,57.5,2,4107.14,4107.14
Super built-up  Area,Ready To Move,Pai Layout,2 BHK,1175.0,2,2,60.0,2,5106.38,5106.38
Super built-up  Area,Ready To Move,Pai Layout,2 BHK,810.0,2,2,34.5,2,4259.26,4259.26
Built-up  Area,Ready To Move,Pai Layout,2 BHK,1000.0,2,2,34.0,2,3400.0,3400.0
Super built-up  Area,Ready To Move,Pai Layout,2 BHK,1000.0,2,3,42.0,2,4200.0,4200.0
Built-up  Area,Ready To Move,Pai Layout,6 Bedroom,3800.0,6,1,175.0,6,4605.26,4605.26
Built-up  Area,Ready To Move,Pai Layout,2 BHK,1068.0,2,3,48.0,2,4494.38,4494.38
Super built-up  Area,Ready To Move,Pai Layout,3 BHK,1510.0,2,2,65.0,3,4304.64,4304.64
Super built-up  Area,Ready To Move,Panathur,2 BHK,1359.0,2,1,87.0,2,6401.77,6401.77
Super built-up  Area,Ready To Move,Panathur,2 BHK,1438.0,2,3,100.0,2,6954.1,6954.1
Super built-up  Area,18-Feb,Panathur,3 BHK,1688.0,3,1,118.0,3,6990.52,6990.52
Super built-up  Area,18-May,Panathur,2 BHK,1198.0,2,1,77.0,2,6427.38,6427.38
Super built-up  Area,Ready To Move,Panathur,2 BHK,1180.0,2,1,70.0,2,5932.2,5932.2
Super built-up  Area,Ready To Move,Panathur,3 BHK,1546.0,3,2,99.0,3,6403.62,6403.62
Super built-up  Area,18-Feb,Panathur,2 BHK,1000.0,2,1,65.3,2,6530.0,6530.0
Super built-up  Area,Ready To Move,Panathur,2 BHK,1109.0,2,1,63.0,2,5680.79,5680.79
Built-up  Area,Ready To Move,Panathur,2 BHK,1000.0,2,1,68.0,2,6800.0,6800.0
Super built-up  Area,Ready To Move,Panathur,2 BHK,1255.0,2,2,79.0,2,6294.82,6294.82
Super built-up  Area,18-Feb,Panathur,2 BHK,1205.0,2,2,62.9,2,5219.92,5219.92
Super built-up  Area,Ready To Move,Panathur,2 BHK,1198.0,2,1,82.0,2,6844.74,6844.74
Super built-up  Area,Ready To Move,Panathur,2 BHK,1235.0,2,3,65.0,2,5263.16,5263.16
Super built-up  Area,18-Mar,Panathur,2 BHK,1210.0,2,1,80.0,2,6611.57,6611.57
Super built-up  Area,18-Feb,Panathur,2 BHK,1210.0,2,1,77.0,2,6363.64,6363.64
Built-up  Area,18-Jun,Panathur,1 BHK,661.0,1,1,40.0,1,6051.44,6051.44
Super built-up  Area,17-Dec,Panathur,2 BHK,1210.0,2,1,78.0,2,6446.28,6446.28
Built-up  Area,Ready To Move,Panathur,2 BHK,1050.0,2,2,60.0,2,5714.29,5714.29
Super built-up  Area,18-May,Panathur,2 BHK,1398.0,2,1,97.0,2,6938.48,6938.48
Built-up  Area,Ready To Move,Panathur,2 BHK,1065.0,2,1,58.0,2,5446.01,5446.01
Super built-up  Area,18-Jun,Panathur,2 BHK,1007.0,2,1,64.0,2,6355.51,6355.51
Super built-up  Area,18-Feb,Panathur,2 BHK,1210.0,2,1,77.93,2,6440.5,6440.5
Super built-up  Area,Ready To Move,Panathur,2 BHK,1230.0,2,1,80.0,2,6504.07,6504.07
Super built-up  Area,Ready To Move,Panathur,2 BHK,980.0,2,1,57.0,2,5816.33,5816.33
Super built-up  Area,Ready To Move,Panathur,2 BHK,1075.0,2,2,60.0,2,5581.4,5581.4
Super built-up  Area,Ready To Move,Panathur,2 BHK,1210.0,2,2,69.0,2,5702.48,5702.48
Super built-up  Area,18-May,Panathur,2 BHK,1343.0,2,1,76.0,2,5658.97,5658.97
Super built-up  Area,Ready To Move,Parappana Agrahara,2 BHK,1194.0,2,2,47.0,2,3936.35,3936.35
Super built-up  Area,Ready To Move,Parappana Agrahara,2 BHK,1194.0,2,2,47.0,2,3936.35,3936.35
Super built-up  Area,Ready To Move,Parappana Agrahara,2 BHK,1194.0,2,2,46.0,2,3852.6,3852.6
Super built-up  Area,Ready To Move,Parappana Agrahara,2 BHK,1194.0,2,2,47.0,2,3936.35,3936.35
Super built-up  Area,Ready To Move,Parappana Agrahara,2 BHK,1194.0,2,2,46.0,2,3852.6,3852.6
Super built-up  Area,Ready To Move,Parappana Agrahara,2 BHK,1194.0,2,2,47.0,2,3936.35,3936.35
Super built-up  Area,Ready To Move,Parappana Agrahara,2 BHK,1194.0,2,2,47.0,2,3936.35,3936.35
Super built-up  Area,Ready To Move,Parappana Agrahara,2 BHK,1092.0,2,2,43.0,2,3937.73,3937.73
Super built-up  Area,Ready To Move,Parappana Agrahara,2 BHK,1194.0,2,2,45.0,2,3768.84,3768.84
Plot  Area,Ready To Move,Parappana Agrahara,1 Bedroom,1200.0,1,0,45.0,1,3750.0,3750.0
Super built-up  Area,Ready To Move,Parappana Agrahara,2 BHK,1194.0,2,2,46.0,2,3852.6,3852.6
Super built-up  Area,Ready To Move,Parappana Agrahara,2 BHK,1194.0,2,2,47.0,2,3936.35,3936.35
Super built-up  Area,Ready To Move,Parappana Agrahara,2 BHK,1194.0,2,2,47.0,2,3936.35,3936.35
Super built-up  Area,Ready To Move,Parappana Agrahara,2 BHK,1194.0,2,2,46.0,2,3852.6,3852.6
Super built-up  Area,Ready To Move,Parappana Agrahara,2 BHK,1194.0,2,2,46.0,2,3852.6,3852.6
Super built-up  Area,Ready To Move,Pattandur Agrahara,3 BHK,1550.0,2,3,80.0,3,5161.29,5161.29
Super built-up  Area,Ready To Move,Pattandur Agrahara,2 BHK,1025.0,2,1,44.5,2,4341.46,4341.46
Super built-up  Area,Ready To Move,Pattandur Agrahara,2 BHK,1247.0,2,1,59.8,2,4795.51,4795.51
Super built-up  Area,Ready To Move,Pattandur Agrahara,2 BHK,900.0,2,2,42.0,2,4666.67,4666.67
Super built-up  Area,Ready To Move,Pattandur Agrahara,2 BHK,1302.0,2,1,66.0,2,5069.12,5069.12
Super built-up  Area,Ready To Move,Pattandur Agrahara,3 BHK,1550.0,2,3,80.0,3,5161.29,5161.29
Super built-up  Area,Ready To Move,Pattandur Agrahara,2 BHK,1247.0,2,2,62.35,2,5000.0,5000.0
Super built-up  Area,Ready To Move,Pattandur Agrahara,2 BHK,1350.0,2,3,68.0,2,5037.04,5037.04
Super built-up  Area,Ready To Move,Poorna Pragna Layout,2 BHK,920.0,2,2,39.55,2,4298.91,4298.91
Super built-up  Area,Ready To Move,Poorna Pragna Layout,2 BHK,1160.0,2,1,46.39,2,3999.14,3999.14
Built-up  Area,Ready To Move,Poorna Pragna Layout,2 BHK,965.0,2,2,48.0,2,4974.09,4974.09
Super built-up  Area,Ready To Move,Poorna Pragna Layout,2 BHK,1160.0,2,2,46.39,2,3999.14,3999.14
Super built-up  Area,Ready To Move,Poorna Pragna Layout,2 BHK,1160.0,2,1,46.39,2,3999.14,3999.14
Built-up  Area,Ready To Move,Poorna Pragna Layout,2 BHK,960.0,2,3,50.0,2,5208.33,5208.33
Plot  Area,Ready To Move,Prithvi Layout,4 Bedroom,2028.0,4,3,162.0,4,7988.17,7988.17
Super built-up  Area,Ready To Move,Prithvi Layout,2 BHK,1352.0,2,2,87.5,2,6471.89,6471.89
Built-up  Area,Ready To Move,Prithvi Layout,2 BHK,1190.0,2,2,68.0,2,5714.29,5714.29
Super built-up  Area,Ready To Move,Prithvi Layout,2 BHK,1352.0,2,2,85.0,2,6286.98,6286.98
Super built-up  Area,Ready To Move,Prithvi Layout,2 BHK,1352.0,2,2,75.0,2,5547.34,5547.34
Plot  Area,Ready To Move,Prithvi Layout,3 Bedroom,2273.0,4,3,220.0,3,9678.84,9678.84
Super built-up  Area,Ready To Move,Prithvi Layout,2 BHK,1352.0,3,1,93.0,2,6878.7,6878.7
Built-up  Area,Ready To Move,Prithvi Layout,3 Bedroom,2273.0,4,2,192.0,3,8446.99,8446.99
Super built-up  Area,Ready To Move,Prithvi Layout,2 BHK,1352.0,2,2,72.0,2,5325.44,5325.44
Plot  Area,Ready To Move,R.T. Nagar,2 Bedroom,1200.0,2,1,120.0,2,10000.0,10000.0
Super built-up  Area,Ready To Move,R.T. Nagar,2 BHK,1040.0,2,2,46.0,2,4423.08,4423.08
Super built-up  Area,Ready To Move,R.T. Nagar,2 BHK,1200.0,2,3,45.0,2,3750.0,3750.0
Super built-up  Area,Ready To Move,R.T. Nagar,2 BHK,1235.0,2,2,65.0,2,5263.16,5263.16
Plot  Area,Ready To Move,R.T. Nagar,3 Bedroom,1140.0,3,1,130.0,3,11403.51,11403.51
Super built-up  Area,Ready To Move,R.T. Nagar,2 BHK,970.0,2,1,55.0,2,5670.1,5670.1
Built-up  Area,Ready To Move,R.T. Nagar,3 BHK,1560.0,3,3,125.0,3,8012.82,8012.82
Built-up  Area,Ready To Move,R.T. Nagar,2 BHK,1200.0,2,2,60.0,2,5000.0,5000.0
Plot  Area,Ready To Move,R.T. Nagar,3 Bedroom,1200.0,3,1,140.0,3,11666.67,11666.67
Built-up  Area,Ready To Move,R.T. Nagar,2 Bedroom,1100.0,3,0,125.0,2,11363.64,11363.64
Super built-up  Area,Ready To Move,R.T. Nagar,2 BHK,1150.0,2,2,72.0,2,6260.87,6260.87
Plot  Area,Ready To Move,R.T. Nagar,4 Bedroom,1500.0,4,3,185.0,4,12333.33,12333.33
Built-up  Area,Ready To Move,R.T. Nagar,9 Bedroom,3600.0,8,2,165.0,9,4583.33,4583.33
Super built-up  Area,Ready To Move,R.T. Nagar,2 BHK,1080.0,2,1,48.0,2,4444.44,4444.44
Super built-up  Area,Ready To Move,R.T. Nagar,2 BHK,1325.0,2,2,52.0,2,3924.53,3924.53
Plot  Area,Ready To Move,R.T. Nagar,3 Bedroom,1300.0,3,1,145.0,3,11153.85,11153.85
Super built-up  Area,Ready To Move,R.T. Nagar,2 BHK,1100.0,2,2,85.0,2,7727.27,7727.27
Super built-up  Area,Ready To Move,R.T. Nagar,3 BHK,1667.0,3,1,130.0,3,7798.44,7798.44
Super built-up  Area,Ready To Move,Rachenahalli,2 BHK,1050.0,2,2,52.07,2,4959.05,4959.05
Super built-up  Area,Ready To Move,Rachenahalli,2 BHK,1050.0,2,2,55.5,2,5285.71,5285.71
Super built-up  Area,Ready To Move,Rachenahalli,2 BHK,1050.0,2,2,53.5,2,5095.24,5095.24
Super built-up  Area,Ready To Move,Rachenahalli,2 BHK,1220.0,2,2,59.5,2,4877.05,4877.05
Super built-up  Area,Ready To Move,Rachenahalli,2 BHK,1050.0,2,2,52.5,2,5000.0,5000.0
Super built-up  Area,Ready To Move,Rachenahalli,2 BHK,1050.0,2,2,52.1,2,4961.9,4961.9
Super built-up  Area,Ready To Move,Rachenahalli,2 BHK,1050.0,2,2,53.5,2,5095.24,5095.24
Super built-up  Area,Ready To Move,Rachenahalli,2 BHK,1113.0,2,1,55.0,2,4941.6,4941.6
Super built-up  Area,Ready To Move,Rachenahalli,4 BHK,3657.0,5,1,220.0,4,6015.86,6015.86
Super built-up  Area,18-May,Rachenahalli,1 BHK,680.0,1,0,32.64,1,4800.0,4800.0
Super built-up  Area,18-May,Rachenahalli,1 RK,412.5,1,0,19.8,1,4800.0,4800.0
Super built-up  Area,Ready To Move,Rachenahalli,2 BHK,1050.0,2,2,52.5,2,5000.0,5000.0
Super built-up  Area,20-Aug,Rachenahalli,1 BHK,690.0,1,1,39.8,1,5768.12,5768.12
Super built-up  Area,Ready To Move,Rachenahalli,2 BHK,1050.0,2,2,47.25,2,4500.0,4500.0
Super built-up  Area,Ready To Move,Rachenahalli,2 BHK,1050.0,2,2,55.5,2,5285.71,5285.71
Super built-up  Area,20-Dec,Rachenahalli,2 BHK,985.0,2,1,49.97,2,5073.1,5073.1
Super built-up  Area,Ready To Move,Rachenahalli,2 BHK,1050.0,2,2,52.5,2,5000.0,5000.0
Super built-up  Area,Ready To Move,Rachenahalli,2 BHK,1050.0,2,2,52.08,2,4960.0,4960.0
Super built-up  Area,Ready To Move,Rachenahalli,2 BHK,1050.0,2,2,52.07,2,4959.05,4959.05
Super built-up  Area,Ready To Move,Rachenahalli,2 BHK,1050.0,2,2,52.08,2,4960.0,4960.0
Super built-up  Area,20-Nov,Rachenahalli,2 BHK,985.0,2,1,49.97,2,5073.1,5073.1
Super built-up  Area,Ready To Move,Rachenahalli,3 BHK,1856.0,3,3,106.0,3,5711.21,5711.21
Super built-up  Area,Ready To Move,Rachenahalli,2 BHK,1050.0,2,2,52.5,2,5000.0,5000.0
Super built-up  Area,20-Nov,Rachenahalli,2 BHK,985.0,2,1,50.17,2,5093.4,5093.4
Built-up  Area,Ready To Move,Rachenahalli,3 BHK,2600.0,3,2,160.0,3,6153.85,6153.85
Super built-up  Area,20-Dec,Rachenahalli,2 BHK,985.0,2,1,50.17,2,5093.4,5093.4
Super built-up  Area,Ready To Move,Rachenahalli,2 BHK,1050.0,2,2,52.71,2,5020.0,5020.0
Super built-up  Area,Ready To Move,Raja Rajeshwari Nagar,2 BHK,1295.0,2,2,43.9,2,3389.96,3389.96
Super built-up  Area,Ready To Move,Raja Rajeshwari Nagar,2 BHK,1145.0,2,2,45.79,2,3999.13,3999.13
Super built-up  Area,Ready To Move,Raja Rajeshwari Nagar,2 BHK,1419.0,2,2,48.1,2,3389.71,3389.71
Super built-up  Area,Ready To Move,Raja Rajeshwari Nagar,2 BHK,1295.0,2,1,55.47,2,4283.4,4283.4
Super built-up  Area,Ready To Move,Raja Rajeshwari Nagar,2 BHK,1133.0,2,1,49.07,2,4330.98,4330.98
Super built-up  Area,Ready To Move,Raja Rajeshwari Nagar,2 BHK,1090.0,2,1,42.0,2,3853.21,3853.21
Super built-up  Area,Ready To Move,Raja Rajeshwari Nagar,2 BHK,1260.0,2,1,67.39,2,5348.41,5348.41
Super built-up  Area,Ready To Move,Raja Rajeshwari Nagar,2 BHK,1141.0,2,2,38.55,2,3378.62,3378.62
Super built-up  Area,Ready To Move,Raja Rajeshwari Nagar,2 BHK,1140.0,2,1,49.39,2,4332.46,4332.46
Super built-up  Area,Ready To Move,Raja Rajeshwari Nagar,2 BHK,1303.0,2,2,55.79,2,4281.66,4281.66
Super built-up  Area,Ready To Move,Raja Rajeshwari Nagar,1 BHK,600.0,1,1,22.0,1,3666.67,3666.67
Super built-up  Area,Ready To Move,Raja Rajeshwari Nagar,3 BHK,1278.0,2,1,53.76,3,4206.57,4206.57
Super built-up  Area,Ready To Move,Raja Rajeshwari Nagar,1 BHK,500.0,1,1,25.0,1,5000.0,5000.0
Super built-up  Area,Ready To Move,Raja Rajeshwari Nagar,2 BHK,1143.0,2,2,38.65,2,3381.45,3381.45
Built-up  Area,Ready To Move,Raja Rajeshwari Nagar,3 BHK,1610.0,3,2,74.0,3,4596.27,4596.27
Super built-up  Area,Ready To Move,Raja Rajeshwari Nagar,2 BHK,1105.0,2,1,65.0,2,5882.35,5882.35
Built-up  Area,Ready To Move,Raja Rajeshwari Nagar,2 BHK,1258.0,2,1,63.53,2,5050.08,5050.08
Super built-up  Area,Ready To Move,Raja Rajeshwari Nagar,2 BHK,1128.0,2,2,38.24,2,3390.07,3390.07
Super built-up  Area,18-Dec,Raja Rajeshwari Nagar,2 BHK,1157.0,2,1,53.8,2,4649.96,4649.96
Super built-up  Area,Ready To Move,Raja Rajeshwari Nagar,2 BHK,1185.0,2,2,47.39,2,3999.16,3999.16
Built-up  Area,Ready To Move,Raja Rajeshwari Nagar,2 BHK,1030.0,2,1,50.0,2,4854.37,4854.37
Super built-up  Area,Ready To Move,Raja Rajeshwari Nagar,2 BHK,1144.0,2,2,38.55,2,3369.76,3369.76
Super built-up  Area,Ready To Move,Raja Rajeshwari Nagar,2 BHK,1196.0,2,2,51.51,2,4306.86,4306.86
Built-up  Area,Ready To Move,Raja Rajeshwari Nagar,3 BHK,1570.0,3,2,88.0,3,5605.1,5605.1
Super built-up  Area,18-Aug,Raja Rajeshwari Nagar,2 BHK,1168.0,2,1,61.0,2,5222.6,5222.6
Super built-up  Area,Ready To Move,Raja Rajeshwari Nagar,2 BHK,1306.0,2,1,55.91,2,4281.01,4281.01
Super built-up  Area,Ready To Move,Raja Rajeshwari Nagar,3 BHK,1608.0,3,1,67.98,3,4227.61,4227.61
Super built-up  Area,Ready To Move,Raja Rajeshwari Nagar,3 BHK,1575.0,2,2,78.0,3,4952.38,4952.38
Super built-up  Area,Ready To Move,Raja Rajeshwari Nagar,2 BHK,1200.0,2,1,35.0,2,2916.67,2916.67
Super built-up  Area,Ready To Move,Raja Rajeshwari Nagar,2 BHK,1151.0,2,2,39.02,2,3390.1,3390.1
Built-up  Area,Ready To Move,Raja Rajeshwari Nagar,3 BHK,1570.0,2,2,65.0,3,4140.13,4140.13
Super built-up  Area,Ready To Move,Raja Rajeshwari Nagar,2 BHK,1196.0,2,2,51.15,2,4276.76,4276.76
Super built-up  Area,Ready To Move,Raja Rajeshwari Nagar,2 BHK,1419.0,2,2,48.0,2,3382.66,3382.66
Super built-up  Area,Ready To Move,Raja Rajeshwari Nagar,2 BHK,1295.0,2,2,70.0,2,5405.41,5405.41
Super built-up  Area,18-Aug,Raja Rajeshwari Nagar,1 BHK,648.0,1,1,31.75,1,4899.69,4899.69
Super built-up  Area,Ready To Move,Raja Rajeshwari Nagar,2 BHK,1100.0,2,1,55.0,2,5000.0,5000.0
Super built-up  Area,Ready To Move,Raja Rajeshwari Nagar,2 BHK,1140.0,2,2,38.55,2,3381.58,3381.58
Super built-up  Area,Ready To Move,Raja Rajeshwari Nagar,2 BHK,1090.0,2,2,43.59,2,3999.08,3999.08
Built-up  Area,Ready To Move,Raja Rajeshwari Nagar,2 BHK,1023.0,2,2,42.0,2,4105.57,4105.57
Super built-up  Area,Ready To Move,Raja Rajeshwari Nagar,2 BHK,1070.0,2,1,50.0,2,4672.9,4672.9
Plot  Area,Ready To Move,Raja Rajeshwari Nagar,8 Bedroom,4800.0,8,1,225.0,8,4687.5,4687.5
Super built-up  Area,Ready To Move,Raja Rajeshwari Nagar,2 BHK,1128.0,2,1,48.79,2,4325.35,4325.35
Super built-up  Area,Ready To Move,Raja Rajeshwari Nagar,2 BHK,1267.0,2,2,42.85,2,3382.0,3382.0
Super built-up  Area,Ready To Move,Raja Rajeshwari Nagar,1 BHK,550.0,1,0,21.0,1,3818.18,3818.18
Super built-up  Area,Ready To Move,Raja Rajeshwari Nagar,2 BHK,1120.0,2,2,37.95,2,3388.39,3388.39
Super built-up  Area,18-Jul,Raja Rajeshwari Nagar,2 BHK,1608.0,2,2,85.0,2,5286.07,5286.07
Super built-up  Area,Ready To Move,Raja Rajeshwari Nagar,2 BHK,1210.0,2,2,45.0,2,3719.01,3719.01
Super built-up  Area,Ready To Move,Raja Rajeshwari Nagar,2 BHK,1240.0,2,1,53.27,2,4295.97,4295.97
Built-up  Area,Ready To Move,Raja Rajeshwari Nagar,3 BHK,1395.0,2,2,72.0,3,5161.29,5161.29
Super built-up  Area,Ready To Move,Raja Rajeshwari Nagar,2 BHK,1165.0,2,1,45.0,2,3862.66,3862.66
Super built-up  Area,Ready To Move,Raja Rajeshwari Nagar,3 BHK,1288.0,2,1,70.0,3,5434.78,5434.78
Super built-up  Area,Ready To Move,Raja Rajeshwari Nagar,2 BHK,1120.0,2,2,37.97,2,3390.18,3390.18
Super built-up  Area,Ready To Move,Raja Rajeshwari Nagar,2 BHK,1140.0,2,2,38.65,2,3390.35,3390.35
Super built-up  Area,Ready To Move,Raja Rajeshwari Nagar,2 BHK,1095.0,2,1,38.33,2,3500.46,3500.46
Super built-up  Area,Ready To Move,Raja Rajeshwari Nagar,3 BHK,1420.0,2,2,60.0,3,4225.35,4225.35
Super built-up  Area,Ready To Move,Raja Rajeshwari Nagar,2 BHK,1303.0,2,2,44.17,2,3389.87,3389.87
Super built-up  Area,Ready To Move,Raja Rajeshwari Nagar,2 BHK,1185.0,2,1,40.17,2,3389.87,3389.87
Super built-up  Area,Ready To Move,Raja Rajeshwari Nagar,2 BHK,1140.0,2,1,49.27,2,4321.93,4321.93
Super built-up  Area,Ready To Move,Raja Rajeshwari Nagar,2 BHK,1095.0,2,2,38.33,2,3500.46,3500.46
Super built-up  Area,Ready To Move,Raja Rajeshwari Nagar,2 BHK,1235.0,2,1,75.0,2,6072.87,6072.87
Super built-up  Area,16-Sep,Raja Rajeshwari Nagar,3 BHK,1280.0,3,2,57.6,3,4500.0,4500.0
Super built-up  Area,Ready To Move,Raja Rajeshwari Nagar,2 BHK,1303.0,2,1,55.79,2,4281.66,4281.66
Super built-up  Area,18-May,Raja Rajeshwari Nagar,2 BHK,1162.0,2,0,65.0,2,5593.8,5593.8
Super built-up  Area,Ready To Move,Raja Rajeshwari Nagar,2 BHK,1133.0,2,2,38.41,2,3390.11,3390.11
Super built-up  Area,Ready To Move,Raja Rajeshwari Nagar,2 BHK,1151.0,2,1,49.0,2,4257.17,4257.17
Super built-up  Area,Ready To Move,Raja Rajeshwari Nagar,2 BHK,1267.0,2,1,54.35,2,4289.66,4289.66
Built-up  Area,Ready To Move,Raja Rajeshwari Nagar,2 BHK,1100.0,2,1,50.0,2,4545.45,4545.45
Super built-up  Area,Ready To Move,Raja Rajeshwari Nagar,2 BHK,1185.0,2,2,40.17,2,3389.87,3389.87
Super built-up  Area,Ready To Move,Raja Rajeshwari Nagar,2 BHK,1306.0,2,2,44.17,2,3382.08,3382.08
Super built-up  Area,Ready To Move,Raja Rajeshwari Nagar,2 BHK,1196.0,2,2,40.44,2,3381.27,3381.27
Super built-up  Area,18-Aug,Raja Rajeshwari Nagar,2 BHK,1178.0,2,1,75.0,2,6366.72,6366.72
Super built-up  Area,Ready To Move,Raja Rajeshwari Nagar,2 BHK,1128.0,2,2,40.0,2,3546.1,3546.1
Super built-up  Area,Ready To Move,Raja Rajeshwari Nagar,2 BHK,1151.0,2,2,39.0,2,3388.36,3388.36
Super built-up  Area,Ready To Move,Raja Rajeshwari Nagar,3 BHK,1525.0,2,2,99.13,3,6500.33,6500.33
Super built-up  Area,Ready To Move,Raja Rajeshwari Nagar,2 BHK,1060.0,2,1,48.0,2,4528.3,4528.3
Plot  Area,Ready To Move,Raja Rajeshwari Nagar,6 Bedroom,3900.0,6,1,195.0,6,5000.0,5000.0
Super built-up  Area,Ready To Move,Raja Rajeshwari Nagar,2 BHK,1128.0,2,1,48.79,2,4325.35,4325.35
Super built-up  Area,Ready To Move,Raja Rajeshwari Nagar,2 BHK,1170.0,2,3,50.0,2,4273.5,4273.5
Super built-up  Area,Ready To Move,Raja Rajeshwari Nagar,2 BHK,1185.0,2,1,51.15,2,4316.46,4316.46
Super built-up  Area,Ready To Move,Raja Rajeshwari Nagar,2 BHK,1255.0,2,1,53.87,2,4292.43,4292.43
Super built-up  Area,Ready To Move,Raja Rajeshwari Nagar,2 BHK,1419.0,2,1,60.42,2,4257.93,4257.93
Super built-up  Area,Ready To Move,Raja Rajeshwari Nagar,3 BHK,1693.0,3,1,71.38,3,4216.18,4216.18
Built-up  Area,Ready To Move,Raja Rajeshwari Nagar,9 Bedroom,3600.0,9,3,240.0,9,6666.67,6666.67
Super built-up  Area,Ready To Move,Raja Rajeshwari Nagar,2 BHK,1196.0,2,2,40.54,2,3389.63,3389.63
Super built-up  Area,Ready To Move,Raja Rajeshwari Nagar,2 BHK,1196.0,2,2,40.54,2,3389.63,3389.63
Super built-up  Area,18-May,Raja Rajeshwari Nagar,2 BHK,1160.0,2,1,70.0,2,6034.48,6034.48
Built-up  Area,Ready To Move,Raja Rajeshwari Nagar,2 BHK,1133.0,2,1,38.37,2,3386.58,3386.58
Super built-up  Area,Ready To Move,Raja Rajeshwari Nagar,2 BHK,1140.0,2,1,48.7,2,4271.93,4271.93
Built-up  Area,Ready To Move,Raja Rajeshwari Nagar,2 BHK,1140.0,2,2,38.65,2,3390.35,3390.35
Super built-up  Area,Ready To Move,Raja Rajeshwari Nagar,2 BHK,1140.0,2,2,38.55,2,3381.58,3381.58
Super built-up  Area,Ready To Move,Raja Rajeshwari Nagar,2 BHK,1295.0,2,2,55.47,2,4283.4,4283.4
Super built-up  Area,Ready To Move,Raja Rajeshwari Nagar,2 BHK,1133.0,2,2,40.0,2,3530.45,3530.45
Super built-up  Area,Ready To Move,Raja Rajeshwari Nagar,3 BHK,1550.0,3,1,86.8,3,5600.0,5600.0
Super built-up  Area,Ready To Move,Raja Rajeshwari Nagar,2 BHK,1400.0,2,2,45.0,2,3214.29,3214.29
Super built-up  Area,Ready To Move,Raja Rajeshwari Nagar,2 BHK,1110.0,2,1,52.0,2,4684.68,4684.68
Super built-up  Area,Ready To Move,Raja Rajeshwari Nagar,3 BHK,1580.0,3,1,83.74,3,5300.0,5300.0
Super built-up  Area,Ready To Move,Raja Rajeshwari Nagar,3 BHK,1640.0,3,1,86.8,3,5292.68,5292.68
Super built-up  Area,Ready To Move,Raja Rajeshwari Nagar,2 BHK,1185.0,2,1,51.15,2,4316.46,4316.46
Super built-up  Area,Ready To Move,Raja Rajeshwari Nagar,2 BHK,1295.0,2,2,43.9,2,3389.96,3389.96
Super built-up  Area,Ready To Move,Raja Rajeshwari Nagar,3 BHK,1279.0,2,1,53.76,3,4203.28,4203.28
Super built-up  Area,Ready To Move,Raja Rajeshwari Nagar,2 BHK,1196.0,2,2,40.54,2,3389.63,3389.63
Super built-up  Area,Ready To Move,Raja Rajeshwari Nagar,2 BHK,1240.0,2,2,40.54,2,3269.35,3269.35
Super built-up  Area,Ready To Move,Raja Rajeshwari Nagar,2 BHK,1090.0,2,1,57.0,2,5229.36,5229.36
Super built-up  Area,Ready To Move,Raja Rajeshwari Nagar,2 BHK,1240.0,2,2,42.04,2,3390.32,3390.32
Built-up  Area,Ready To Move,Raja Rajeshwari Nagar,3 BHK,1757.0,3,3,98.0,3,5577.69,5577.69
Super built-up  Area,Ready To Move,Raja Rajeshwari Nagar,3 BHK,1530.0,3,2,64.0,3,4183.01,4183.01
Super built-up  Area,18-Dec,Raja Rajeshwari Nagar,3 BHK,1587.0,3,1,73.8,3,4650.28,4650.28
Super built-up  Area,Ready To Move,Raja Rajeshwari Nagar,2 BHK,1295.0,2,1,55.47,2,4283.4,4283.4
Super built-up  Area,Ready To Move,Raja Rajeshwari Nagar,3 BHK,1450.0,2,1,67.0,3,4620.69,4620.69
Super built-up  Area,Ready To Move,Raja Rajeshwari Nagar,2 BHK,1090.0,2,2,57.0,2,5229.36,5229.36
Super built-up  Area,Ready To Move,Raja Rajeshwari Nagar,2 BHK,945.0,2,1,45.0,2,4761.9,4761.9
Super built-up  Area,Ready To Move,Raja Rajeshwari Nagar,2 BHK,1303.0,2,2,55.78,2,4280.89,4280.89
Plot  Area,Ready To Move,Raja Rajeshwari Nagar,8 Bedroom,3450.0,7,2,225.0,8,6521.74,6521.74
Super built-up  Area,Ready To Move,Raja Rajeshwari Nagar,2 BHK,1419.0,2,2,48.1,2,3389.71,3389.71
Super built-up  Area,Ready To Move,Raja Rajeshwari Nagar,3 BHK,1700.0,2,2,86.0,3,5058.82,5058.82
Super built-up  Area,Ready To Move,Raja Rajeshwari Nagar,2 BHK,1270.0,2,2,62.0,2,4881.89,4881.89
Super built-up  Area,Ready To Move,Raja Rajeshwari Nagar,2 BHK,1250.0,2,2,68.0,2,5440.0,5440.0
Super built-up  Area,Ready To Move,Raja Rajeshwari Nagar,3 BHK,1260.0,2,1,62.0,3,4920.63,4920.63
Super built-up  Area,Ready To Move,Raja Rajeshwari Nagar,2 BHK,1196.0,2,2,40.54,2,3389.63,3389.63
Super built-up  Area,Ready To Move,Raja Rajeshwari Nagar,3 BHK,1580.0,2,2,66.85,3,4231.01,4231.01
Super built-up  Area,Ready To Move,Raja Rajeshwari Nagar,2 BHK,1050.0,2,2,37.0,2,3523.81,3523.81
Built-up  Area,Ready To Move,Raja Rajeshwari Nagar,3 BHK,1021.0,3,2,59.0,3,5778.65,5778.65
Super built-up  Area,Ready To Move,Raja Rajeshwari Nagar,2 BHK,1196.0,2,2,40.54,2,3389.63,3389.63
Super built-up  Area,Ready To Move,Raja Rajeshwari Nagar,3 BHK,1500.0,3,2,88.0,3,5866.67,5866.67
Super built-up  Area,18-Jul,Raja Rajeshwari Nagar,2 BHK,1168.0,2,1,66.0,2,5650.68,5650.68
Built-up  Area,Ready To Move,Raja Rajeshwari Nagar,3 BHK,1400.0,2,2,86.0,3,6142.86,6142.86
Super built-up  Area,18-Jul,Raja Rajeshwari Nagar,2 BHK,1157.0,2,1,65.0,2,5617.98,5617.98
Super built-up  Area,Ready To Move,Raja Rajeshwari Nagar,2 BHK,1206.0,2,1,40.7,2,3374.79,3374.79
Built-up  Area,Ready To Move,Raja Rajeshwari Nagar,2 BHK,1000.0,2,0,50.0,2,5000.0,5000.0
Super built-up  Area,Ready To Move,Raja Rajeshwari Nagar,3 BHK,1485.0,2,2,63.0,3,4242.42,4242.42
Super built-up  Area,Ready To Move,Raja Rajeshwari Nagar,3 BHK,1335.0,2,1,56.0,3,4194.76,4194.76
Super built-up  Area,Ready To Move,Raja Rajeshwari Nagar,2 BHK,1255.0,2,2,42.54,2,3389.64,3389.64
Super built-up  Area,Ready To Move,Raja Rajeshwari Nagar,3 BHK,1530.0,3,3,64.86,3,4239.22,4239.22
Built-up  Area,Ready To Move,Raja Rajeshwari Nagar,3 BHK,1850.0,3,1,98.0,3,5297.3,5297.3
Super built-up  Area,Ready To Move,Raja Rajeshwari Nagar,2 BHK,1140.0,2,2,44.0,2,3859.65,3859.65
Built-up  Area,Ready To Move,Raja Rajeshwari Nagar,8 Bedroom,6000.0,8,3,215.0,8,3583.33,3583.33
Super built-up  Area,Ready To Move,Raja Rajeshwari Nagar,2 BHK,1140.0,2,2,39.0,2,3421.05,3421.05
Super built-up  Area,Ready To Move,Raja Rajeshwari Nagar,1 BHK,510.0,1,1,22.0,1,4313.73,4313.73
Super built-up  Area,Ready To Move,Raja Rajeshwari Nagar,2 BHK,1187.0,2,2,40.14,2,3381.63,3381.63
Built-up  Area,Ready To Move,Raja Rajeshwari Nagar,2 BHK,1141.0,2,1,60.0,2,5258.55,5258.55
Built-up  Area,Ready To Move,Rajaji Nagar,3 BHK,1640.0,3,2,229.0,3,13963.41,13963.41
Super built-up  Area,Ready To Move,Rajaji Nagar,3 BHK,2390.0,3,2,415.0,3,17364.02,17364.02
Super built-up  Area,Ready To Move,Rajaji Nagar,3 BHK,2390.0,3,2,410.0,3,17154.81,17154.81
Super built-up  Area,Ready To Move,Rajaji Nagar,4 BHK,3516.0,4,3,540.0,4,15358.36,15358.36
Super built-up  Area,Ready To Move,Rajaji Nagar,3 BHK,1640.0,3,3,223.0,3,13597.56,13597.56
Plot  Area,Ready To Move,Rajaji Nagar,6 Bedroom,1800.0,4,1,324.0,6,18000.0,18000.0
Super built-up  Area,Ready To Move,Rajaji Nagar,4 BHK,3526.0,4,1,558.0,4,15825.3,15825.3
Super built-up  Area,Ready To Move,Rajaji Nagar,3 BHK,1800.0,3,3,260.0,3,14444.44,14444.44
Super built-up  Area,Ready To Move,Rajaji Nagar,3 BHK,1640.0,3,2,241.0,3,14695.12,14695.12
Super built-up  Area,Ready To Move,Rajaji Nagar,2 BHK,1370.0,2,1,170.0,2,12408.76,12408.76
Super built-up  Area,Ready To Move,Rajaji Nagar,3 BHK,2409.0,3,2,360.0,3,14943.96,14943.96
Super built-up  Area,Ready To Move,Rajaji Nagar,2 BHK,1718.0,3,2,288.0,2,16763.68,16763.68
Super built-up  Area,Ready To Move,Rajaji Nagar,3 BHK,2386.0,3,1,334.0,3,13998.32,13998.32
Plot  Area,Ready To Move,Rajaji Nagar,2 Bedroom,1200.0,2,0,150.0,2,12500.0,12500.0
Plot  Area,Ready To Move,Rajaji Nagar,2 Bedroom,1160.0,1,0,163.0,2,14051.72,14051.72
Built-up  Area,Ready To Move,Rajaji Nagar,1 BHK,660.0,1,0,75.0,1,11363.64,11363.64
Built-up  Area,Ready To Move,Rajaji Nagar,2 BHK,1440.0,2,2,170.0,2,11805.56,11805.56
Super built-up  Area,Ready To Move,Rajaji Nagar,3 BHK,2448.0,3,2,400.0,3,16339.87,16339.87
Super built-up  Area,Ready To Move,Rajaji Nagar,2 BHK,1440.0,2,2,185.0,2,12847.22,12847.22
Super built-up  Area,Ready To Move,Rajaji Nagar,3 BHK,1640.0,3,3,230.0,3,14024.39,14024.39
Super built-up  Area,Ready To Move,Rajaji Nagar,3 BHK,1800.0,2,2,250.0,3,13888.89,13888.89
Super built-up  Area,Ready To Move,Rajaji Nagar,4 BHK,3100.0,4,3,550.0,4,17741.94,17741.94
Super built-up  Area,Ready To Move,Rajaji Nagar,4 BHK,3526.0,4,3,598.0,4,16959.73,16959.73
Super built-up  Area,18-Aug,Rajaji Nagar,2 BHK,1357.0,2,1,130.0,2,9579.96,9579.96
Built-up  Area,Ready To Move,Rajaji Nagar,3 BHK,2300.0,3,3,369.0,3,16043.48,16043.48
Super built-up  Area,Ready To Move,Rajaji Nagar,3 BHK,2500.0,3,3,350.0,3,14000.0,14000.0
Super built-up  Area,Ready To Move,Rajaji Nagar,3 BHK,2559.0,3,2,403.0,3,15748.34,15748.34
Super built-up  Area,Ready To Move,Rajaji Nagar,2 BHK,1763.0,3,2,262.0,2,14861.03,14861.03
Super built-up  Area,Ready To Move,Rajaji Nagar,3 BHK,2533.0,3,3,425.0,3,16778.52,16778.52
Super built-up  Area,18-Aug,Rajaji Nagar,2 BHK,1268.0,2,1,127.0,2,10015.77,10015.77
Super built-up  Area,Ready To Move,Rajaji Nagar,3 BHK,1640.0,3,2,262.0,3,15975.61,15975.61
Plot  Area,Ready To Move,Rajaji Nagar,2 Bedroom,1200.0,1,1,200.0,2,16666.67,16666.67
Super built-up  Area,Ready To Move,Rajaji Nagar,3 BHK,2367.0,3,3,375.0,3,15842.84,15842.84
Plot  Area,Ready To Move,Rajaji Nagar,4 Bedroom,2440.0,2,0,415.0,4,17008.2,17008.2
Super built-up  Area,Ready To Move,Rajaji Nagar,3 BHK,1640.0,3,2,251.0,3,15304.88,15304.88
Super built-up  Area,Ready To Move,Rajaji Nagar,3 BHK,1640.0,3,2,268.0,3,16341.46,16341.46
Super built-up  Area,Ready To Move,Rajaji Nagar,3 BHK,2367.0,4,3,340.0,3,14364.17,14364.17
Super built-up  Area,Ready To Move,Rajaji Nagar,5 BHK,3600.0,5,1,510.0,5,14166.67,14166.67
Plot  Area,Ready To Move,Rajaji Nagar,4 Bedroom,1350.0,4,1,230.0,4,17037.04,17037.04
Plot  Area,Ready To Move,Rajaji Nagar,5 Bedroom,2400.0,5,1,408.0,5,17000.0,17000.0
Super built-up  Area,Ready To Move,Rajaji Nagar,3 BHK,2500.0,3,3,340.0,3,13600.0,13600.0
Super built-up  Area,Ready To Move,Rajaji Nagar,3 BHK,2390.0,3,1,372.0,3,15564.85,15564.85
Super built-up  Area,Ready To Move,Rajaji Nagar,3 BHK,2415.0,3,2,399.0,3,16521.74,16521.74
Super built-up  Area,Ready To Move,Rajaji Nagar,2 BHK,1718.0,3,2,275.0,2,16006.98,16006.98
Super built-up  Area,Ready To Move,Rajaji Nagar,2 BHK,1763.0,3,2,240.0,2,13613.16,13613.16
Super built-up  Area,Ready To Move,Rajaji Nagar,3 BHK,2409.0,3,3,395.0,3,16396.85,16396.85
Plot  Area,Ready To Move,Rajaji Nagar,2 Bedroom,1314.0,2,0,225.0,2,17123.29,17123.29
Super built-up  Area,Ready To Move,Rajaji Nagar,2 BHK,1440.0,2,2,165.0,2,11458.33,11458.33
Super built-up  Area,Ready To Move,Rajaji Nagar,3 BHK,1640.0,3,3,245.0,3,14939.02,14939.02
Super built-up  Area,Ready To Move,Rajiv Nagar,3 BHK,1690.0,3,1,125.0,3,7396.45,7396.45
Super built-up  Area,Ready To Move,Rajiv Nagar,2 BHK,1263.0,2,1,93.32,2,7388.76,7388.76
Super built-up  Area,Ready To Move,Rajiv Nagar,4 BHK,2340.0,4,1,148.0,4,6324.79,6324.79
Super built-up  Area,Ready To Move,Rajiv Nagar,4 BHK,2340.0,5,1,129.0,4,5512.82,5512.82
Super built-up  Area,Ready To Move,Rajiv Nagar,2 BHK,1330.0,2,1,93.0,2,6992.48,6992.48
Super built-up  Area,Ready To Move,Rajiv Nagar,4 BHK,2340.0,5,1,129.0,4,5512.82,5512.82
Super built-up  Area,Ready To Move,Rajiv Nagar,2 BHK,1309.0,2,1,80.0,2,6111.54,6111.54
Super built-up  Area,Ready To Move,Rajiv Nagar,4 BHK,2340.0,4,1,145.0,4,6196.58,6196.58
Super built-up  Area,Ready To Move,Rajiv Nagar,4 BHK,2330.0,5,1,175.0,4,7510.73,7510.73
Super built-up  Area,Ready To Move,Rajiv Nagar,4 BHK,2340.0,5,1,160.0,4,6837.61,6837.61
Super built-up  Area,17-Oct,Ramagondanahalli,2 BHK,1151.0,2,2,48.77,2,4237.19,4237.19
Super built-up  Area,18-Jun,Ramagondanahalli,2 BHK,1251.0,2,1,47.0,2,3756.99,3756.99
Super built-up  Area,17-Oct,Ramagondanahalli,2 BHK,1235.0,2,1,52.04,2,4213.77,4213.77
Super built-up  Area,Ready To Move,Ramagondanahalli,3 BHK,1610.0,2,2,111.0,3,6894.41,6894.41
Plot  Area,Ready To Move,Ramagondanahalli,1 Bedroom,540.0,1,0,30.0,1,5555.56,5555.56
Super built-up  Area,18-Jun,Ramagondanahalli,2 BHK,1235.0,2,1,46.8,2,3789.47,3789.47
Super built-up  Area,18-May,Ramagondanahalli,2 BHK,1215.0,2,1,51.26,2,4218.93,4218.93
Super built-up  Area,Ready To Move,Ramagondanahalli,3 BHK,2257.0,4,2,157.0,3,6956.14,6956.14
Super built-up  Area,18-Jun,Ramagondanahalli,2 BHK,1251.0,2,1,47.4,2,3788.97,3788.97
Super built-up  Area,Ready To Move,Ramagondanahalli,3 BHK,1610.0,2,2,115.0,3,7142.86,7142.86
Built-up  Area,Ready To Move,Ramagondanahalli,2 BHK,920.0,2,3,65.0,2,7065.22,7065.22
Super built-up  Area,18-Jul,Ramagondanahalli,2 BHK,1215.0,2,1,45.5,2,3744.86,3744.86
Super built-up  Area,17-Nov,Ramagondanahalli,2 BHK,1253.0,2,1,52.66,2,4202.71,4202.71
Super built-up  Area,Ready To Move,Ramagondanahalli,2 BHK,1295.0,2,2,95.0,2,7335.91,7335.91
Super built-up  Area,18-May,Ramagondanahalli,2 BHK,1151.0,2,2,50.5,2,4387.49,4387.49
Super built-up  Area,18-Aug,Ramagondanahalli,2 BHK,1235.0,2,1,49.3,2,3991.9,3991.9
Super built-up  Area,Ready To Move,Ramagondanahalli,3 BHK,2257.0,3,2,159.0,3,7044.75,7044.75
Super built-up  Area,Ready To Move,Ramagondanahalli,2 BHK,1295.0,2,2,95.0,2,7335.91,7335.91
Built-up  Area,Ready To Move,Ramagondanahalli,3 BHK,1910.0,3,2,142.0,3,7434.55,7434.55
Super built-up  Area,18-Jun,Ramagondanahalli,2 BHK,1215.0,2,1,46.1,2,3794.24,3794.24
Super built-up  Area,18-Aug,Ramagondanahalli,2 BHK,1251.0,2,1,50.0,2,3996.8,3996.8
Super built-up  Area,Ready To Move,Ramagondanahalli,3 BHK,1610.0,2,2,115.0,3,7142.86,7142.86
Super built-up  Area,18-Jun,Ramagondanahalli,2 BHK,1151.0,2,2,43.6,2,3788.01,3788.01
Super built-up  Area,18-May,Ramagondanahalli,2 BHK,1251.0,2,1,53.0,2,4236.61,4236.61
Plot  Area,18-May,Ramagondanahalli,2 Bedroom,845.0,2,1,45.82,2,5422.49,5422.49
Super built-up  Area,18-Oct,Ramagondanahalli,3 BHK,1910.0,3,2,150.0,3,7853.4,7853.4
Built-up  Area,Ready To Move,Ramagondanahalli,3 BHK,2040.0,3,2,114.0,3,5588.24,5588.24
Super built-up  Area,18-Jul,Ramagondanahalli,2 BHK,1251.0,2,1,46.0,2,3677.06,3677.06
Super built-up  Area,18-Aug,Ramagondanahalli,2 BHK,1151.0,2,2,46.0,2,3996.52,3996.52
Super built-up  Area,Ready To Move,Ramagondanahalli,3 BHK,1610.0,2,1,112.0,3,6956.52,6956.52
Super built-up  Area,Ready To Move,Ramagondanahalli,3 BHK,1610.0,2,2,115.0,3,7142.86,7142.86
Plot  Area,18-Jul,Ramagondanahalli,3 Bedroom,1200.0,3,1,56.1,3,4675.0,4675.0
Super built-up  Area,Ready To Move,Ramagondanahalli,4 BHK,2787.0,5,2,220.0,4,7893.79,7893.79
Super built-up  Area,Ready To Move,Ramagondanahalli,2 BHK,1125.0,2,2,75.0,2,6666.67,6666.67
Super built-up  Area,18-Jul,Ramagondanahalli,2 BHK,1151.0,2,2,42.5,2,3692.44,3692.44
Super built-up  Area,Ready To Move,Ramagondanahalli,3 BHK,2257.0,3,2,155.0,3,6867.52,6867.52
Carpet  Area,Ready To Move,Ramagondanahalli,3 BHK,1500.0,3,3,100.0,3,6666.67,6666.67
Super built-up  Area,Ready To Move,Ramagondanahalli,3 BHK,1910.0,3,2,131.0,3,6858.64,6858.64
Built-up  Area,Ready To Move,Ramamurthy Nagar,4 Bedroom,3700.0,4,1,225.0,4,6081.08,6081.08
Built-up  Area,Ready To Move,Ramamurthy Nagar,5 Bedroom,3500.0,5,2,150.0,5,4285.71,4285.71
Built-up  Area,Ready To Move,Ramamurthy Nagar,2 BHK,1050.0,2,0,37.0,2,3523.81,3523.81
Built-up  Area,Ready To Move,Ramamurthy Nagar,2 BHK,1040.0,2,2,50.0,2,4807.69,4807.69
Plot  Area,Ready To Move,Ramamurthy Nagar,2 Bedroom,1200.0,3,1,72.0,2,6000.0,6000.0
Super built-up  Area,Ready To Move,Ramamurthy Nagar,1 BHK,360.0,1,1,26.0,1,7222.22,7222.22
Built-up  Area,Ready To Move,Ramamurthy Nagar,2 BHK,950.0,2,1,50.79,2,5346.32,5346.32
Plot  Area,Ready To Move,Ramamurthy Nagar,3 Bedroom,1200.0,2,0,66.0,3,5500.0,5500.0
Built-up  Area,Ready To Move,Ramamurthy Nagar,3 BHK,1525.0,3,1,100.0,3,6557.38,6557.38
Plot  Area,Ready To Move,Ramamurthy Nagar,2 Bedroom,1200.0,2,0,80.0,2,6666.67,6666.67
Super built-up  Area,Ready To Move,Ramamurthy Nagar,2 BHK,1200.0,2,3,42.0,2,3500.0,3500.0
Plot  Area,Ready To Move,Ramamurthy Nagar,2 Bedroom,1100.0,2,0,68.0,2,6181.82,6181.82
Super built-up  Area,Ready To Move,Ramamurthy Nagar,2 BHK,1185.0,2,1,45.5,2,3839.66,3839.66
Super built-up  Area,18-Dec,Ramamurthy Nagar,2 BHK,1170.0,2,2,46.8,2,4000.0,4000.0
Super built-up  Area,18-May,Ramamurthy Nagar,2 BHK,1150.0,2,2,51.0,2,4434.78,4434.78
Super built-up  Area,18-Dec,Ramamurthy Nagar,2 BHK,1200.0,2,1,48.0,2,4000.0,4000.0
Plot  Area,Ready To Move,Ramamurthy Nagar,2 Bedroom,600.0,3,2,45.0,2,7500.0,7500.0
Plot  Area,Ready To Move,Ramamurthy Nagar,2 Bedroom,1110.0,2,0,65.0,2,5855.86,5855.86
Plot  Area,18-Apr,Ramamurthy Nagar,2 Bedroom,1200.0,2,1,78.0,2,6500.0,6500.0
Built-up  Area,Ready To Move,Ramamurthy Nagar,1 Bedroom,600.0,1,1,43.0,1,7166.67,7166.67
Plot  Area,Ready To Move,Ramamurthy Nagar,2 Bedroom,1006.0,2,1,57.0,2,5666.0,5666.0
Plot  Area,18-Feb,Ramamurthy Nagar,2 Bedroom,1200.0,2,1,76.0,2,6333.33,6333.33
Built-up  Area,Ready To Move,Ramamurthy Nagar,2 BHK,700.0,2,1,33.0,2,4714.29,4714.29
Super built-up  Area,17-May,Ramamurthy Nagar,2 BHK,1125.0,2,1,47.0,2,4177.78,4177.78
Super built-up  Area,Ready To Move,Ramamurthy Nagar,2 BHK,1000.0,2,1,62.0,2,6200.0,6200.0
Built-up  Area,18-Feb,Ramamurthy Nagar,2 BHK,1334.0,2,1,67.0,2,5022.49,5022.49
Super built-up  Area,18-Nov,Ramamurthy Nagar,2 BHK,1200.0,2,1,46.0,2,3833.33,3833.33
Super built-up  Area,19-Jul,Ramamurthy Nagar,2 BHK,1200.0,2,1,57.9,2,4825.0,4825.0
Built-up  Area,Ready To Move,Ramamurthy Nagar,2 BHK,1360.0,2,0,45.0,2,3308.82,3308.82
Super built-up  Area,18-Dec,Ramamurthy Nagar,2 BHK,1170.0,2,2,44.0,2,3760.68,3760.68
Plot  Area,Ready To Move,Ramamurthy Nagar,4 Bedroom,2200.0,4,2,130.0,4,5909.09,5909.09
Super built-up  Area,19-Jul,Ramamurthy Nagar,2 BHK,1050.0,2,1,51.66,2,4920.0,4920.0
Plot  Area,Ready To Move,Ramamurthy Nagar,4 Bedroom,2916.0,5,1,230.0,4,7887.52,7887.52
Built-up  Area,Ready To Move,Ramamurthy Nagar,3 Bedroom,2316.0,3,0,125.0,3,5397.24,5397.24
Super built-up  Area,Ready To Move,Ramamurthy Nagar,2 BHK,1101.0,2,1,50.0,2,4541.33,4541.33
Super built-up  Area,18-Apr,Ramamurthy Nagar,2 BHK,1150.0,2,2,40.0,2,3478.26,3478.26
Super built-up  Area,Ready To Move,Ramamurthy Nagar,2 BHK,1050.0,2,2,37.8,2,3600.0,3600.0
Super built-up  Area,Ready To Move,Ramamurthy Nagar,2 BHK,935.0,2,2,39.0,2,4171.12,4171.12
Built-up  Area,Ready To Move,Ramamurthy Nagar,2 Bedroom,1200.0,2,1,68.0,2,5666.67,5666.67
Built-up  Area,Ready To Move,Ramamurthy Nagar,1 Bedroom,540.0,1,0,35.0,1,6481.48,6481.48
Built-up  Area,Ready To Move,Ramamurthy Nagar,2 BHK,960.0,2,2,35.0,2,3645.83,3645.83
Super built-up  Area,Ready To Move,Rayasandra,3 BHK,1314.0,2,2,63.0,3,4794.52,4794.52
Super built-up  Area,Ready To Move,Rayasandra,2 BHK,1065.0,2,2,44.95,2,4220.66,4220.66
Super built-up  Area,18-May,Rayasandra,3 BHK,1708.0,3,2,75.0,3,4391.1,4391.1
Built-up  Area,Ready To Move,Rayasandra,3 BHK,1199.0,2,1,48.5,3,4045.04,4045.04
Super built-up  Area,Ready To Move,Rayasandra,3 BHK,1577.0,3,2,67.0,3,4248.57,4248.57
Super built-up  Area,Ready To Move,Rayasandra,2 BHK,1253.0,2,2,57.0,2,4549.08,4549.08
Super built-up  Area,Ready To Move,Rayasandra,1 BHK,583.0,1,1,26.9,1,4614.07,4614.07
Super built-up  Area,Ready To Move,Rayasandra,2 BHK,1198.0,2,1,54.0,2,4507.51,4507.51
Super built-up  Area,Ready To Move,Rayasandra,3 BHK,1555.0,3,2,75.17,3,4834.08,4834.08
Super built-up  Area,Ready To Move,Rayasandra,3 BHK,1458.0,3,2,60.0,3,4115.23,4115.23
Super built-up  Area,Ready To Move,Rayasandra,3 BHK,1179.0,2,1,55.0,3,4664.97,4664.97
Super built-up  Area,Ready To Move,Rayasandra,3 BHK,1601.0,3,3,70.0,3,4372.27,4372.27
Super built-up  Area,18-Oct,Rayasandra,4 BHK,1708.0,3,1,76.0,4,4449.65,4449.65
Built-up  Area,Ready To Move,Rayasandra,1 BHK,470.0,1,1,21.0,1,4468.09,4468.09
Built-up  Area,Ready To Move,Rayasandra,5 BHK,3600.0,5,3,145.0,5,4027.78,4027.78
Super built-up  Area,Ready To Move,Rayasandra,3 BHK,1357.0,2,2,59.0,3,4347.83,4347.83
Super built-up  Area,Ready To Move,Sahakara Nagar,3 BHK,1500.0,2,2,95.0,3,6333.33,6333.33
Super built-up  Area,Ready To Move,Sahakara Nagar,2 BHK,1100.0,2,1,56.0,2,5090.91,5090.91
Super built-up  Area,Ready To Move,Sahakara Nagar,2 BHK,1219.0,2,2,48.0,2,3937.65,3937.65
Super built-up  Area,Ready To Move,Sahakara Nagar,3 BHK,1100.0,2,2,75.0,3,6818.18,6818.18
Built-up  Area,18-Mar,Sahakara Nagar,3 BHK,1655.0,3,1,115.0,3,6948.64,6948.64
Built-up  Area,Ready To Move,Sahakara Nagar,2 BHK,1150.0,2,1,54.0,2,4695.65,4695.65
Super built-up  Area,Ready To Move,Sahakara Nagar,2 BHK,1270.0,2,1,69.85,2,5500.0,5500.0
Super built-up  Area,Ready To Move,Sahakara Nagar,2 BHK,960.0,2,3,56.0,2,5833.33,5833.33
Super built-up  Area,Ready To Move,Sahakara Nagar,2 BHK,1048.0,2,3,50.0,2,4770.99,4770.99
Super built-up  Area,Ready To Move,Sahakara Nagar,2 BHK,1160.0,2,1,55.0,2,4741.38,4741.38
Super built-up  Area,Ready To Move,Sahakara Nagar,3 BHK,1200.0,2,2,75.0,3,6250.0,6250.0
Built-up  Area,Ready To Move,Sahakara Nagar,4 BHK,2500.0,4,1,200.0,4,8000.0,8000.0
Super built-up  Area,Ready To Move,Sahakara Nagar,3 BHK,1914.0,3,3,179.0,3,9352.14,9352.14
Super built-up  Area,Ready To Move,Sahakara Nagar,3 BHK,1500.0,3,2,125.0,3,8333.33,8333.33
Built-up  Area,Ready To Move,Sahakara Nagar,2 BHK,1100.0,2,1,55.0,2,5000.0,5000.0
Super built-up  Area,Ready To Move,Sahakara Nagar,3 BHK,1914.0,3,2,149.0,3,7784.74,7784.74
Super built-up  Area,Ready To Move,Sahakara Nagar,2 BHK,1000.0,2,1,60.0,2,6000.0,6000.0
Super built-up  Area,Ready To Move,Sahakara Nagar,2 BHK,1175.0,2,3,49.0,2,4170.21,4170.21
Super built-up  Area,Ready To Move,Sahakara Nagar,3 BHK,1370.0,2,2,90.0,3,6569.34,6569.34
Built-up  Area,Ready To Move,Sahakara Nagar,2 BHK,1100.0,2,1,55.0,2,5000.0,5000.0
Super built-up  Area,Ready To Move,Sahakara Nagar,3 BHK,1100.0,2,2,75.0,3,6818.18,6818.18
Super built-up  Area,Ready To Move,Sahakara Nagar,2 BHK,1180.0,2,2,72.0,2,6101.69,6101.69
Built-up  Area,Ready To Move,Sahakara Nagar,2 BHK,1200.0,2,2,60.0,2,5000.0,5000.0
Built-up  Area,Ready To Move,Sahakara Nagar,2 BHK,1032.0,2,2,45.0,2,4360.47,4360.47
Built-up  Area,Ready To Move,Sahakara Nagar,2 BHK,1200.0,2,0,46.0,2,3833.33,3833.33
Built-up  Area,Ready To Move,Sahakara Nagar,2 BHK,1270.0,2,1,96.0,2,7559.06,7559.06
Built-up  Area,Ready To Move,Sahakara Nagar,2 BHK,1201.0,2,3,80.0,2,6661.12,6661.12
Super built-up  Area,Ready To Move,Sahakara Nagar,2 BHK,1200.0,2,1,54.0,2,4500.0,4500.0
Super built-up  Area,Ready To Move,Sahakara Nagar,2 BHK,1291.0,2,2,72.3,2,5600.31,5600.31
Built-up  Area,Ready To Move,Sanjay nagar,2 BHK,1000.0,2,2,70.0,2,7000.0,7000.0
Carpet  Area,Ready To Move,Sanjay nagar,2 BHK,1100.0,2,2,98.0,2,8909.09,8909.09
Super built-up  Area,Ready To Move,Sanjay nagar,2 BHK,1150.0,2,3,72.2,2,6278.26,6278.26
Built-up  Area,Ready To Move,Sanjay nagar,3 BHK,1800.0,3,2,180.0,3,10000.0,10000.0
Built-up  Area,Ready To Move,Sanjay nagar,2 BHK,630.0,1,1,35.0,2,5555.56,5555.56
Built-up  Area,Ready To Move,Sanjay nagar,5 BHK,3300.0,3,1,250.0,5,7575.76,7575.76
Super built-up  Area,18-Apr,Sanjay nagar,3 BHK,1900.0,2,2,180.0,3,9473.68,9473.68
Built-up  Area,Ready To Move,Sanjay nagar,2 BHK,1575.0,2,2,90.0,2,5714.29,5714.29
Super built-up  Area,Ready To Move,Sanjay nagar,2 BHK,960.0,2,1,55.0,2,5729.17,5729.17
Super built-up  Area,Ready To Move,Sanjay nagar,2 BHK,1050.0,2,0,59.0,2,5619.05,5619.05
Built-up  Area,Ready To Move,Sanjay nagar,2 BHK,1150.0,2,0,70.0,2,6086.96,6086.96
Super built-up  Area,Ready To Move,Sanjay nagar,3 BHK,1500.0,3,1,150.0,3,10000.0,10000.0
Super built-up  Area,Ready To Move,Sanjay nagar,2 BHK,1180.0,2,3,80.0,2,6779.66,6779.66
Super built-up  Area,Ready To Move,Sarakki Nagar,3 BHK,2121.0,4,3,253.0,3,11928.34,11928.34
Super built-up  Area,18-Dec,Sarakki Nagar,3 BHK,2289.0,3,2,260.0,3,11358.67,11358.67
Super built-up  Area,Ready To Move,Sarakki Nagar,3 BHK,2500.0,4,2,325.0,3,13000.0,13000.0
Super built-up  Area,Ready To Move,Sarakki Nagar,3 BHK,2145.0,4,1,270.0,3,12587.41,12587.41
Plot  Area,Ready To Move,Sarakki Nagar,3 Bedroom,1200.0,3,2,128.0,3,10666.67,10666.67
Super built-up  Area,Ready To Move,Sarakki Nagar,3 BHK,2663.0,4,1,338.0,3,12692.45,12692.45
Built-up  Area,Ready To Move,Sarakki Nagar,3 BHK,1840.0,4,1,175.0,3,9510.87,9510.87
Plot  Area,Ready To Move,Sarjapur,3 Bedroom,2250.0,3,2,148.0,3,6577.78,6577.78
Plot  Area,Ready To Move,Sarjapur,3 Bedroom,1600.0,3,1,75.0,3,4687.5,4687.5
Super built-up  Area,18-Dec,Sarjapur,2 BHK,1242.5,2,0,43.49,2,3500.2,3500.2
Super built-up  Area,Ready To Move,Sarjapur,2 BHK,913.0,2,1,32.0,2,3504.93,3504.93
Super built-up  Area,Ready To Move,Sarjapur,2 BHK,1128.0,2,1,60.0,2,5319.15,5319.15
Super built-up  Area,Ready To Move,Sarjapur,2 BHK,1185.0,2,2,47.0,2,3966.24,3966.24
Built-up  Area,Ready To Move,Sarjapur,3 BHK,900.0,2,1,42.0,3,4666.67,4666.67
Super built-up  Area,Ready To Move,Sarjapur,1 BHK,649.5,1,0,17.535,1,2699.77,2699.77
Built-up  Area,Ready To Move,Sarjapur,2 BHK,1020.0,2,2,35.0,2,3431.37,3431.37
Built-up  Area,Ready To Move,Sarjapur,2 BHK,1195.0,2,1,42.0,2,3514.64,3514.64
Super built-up  Area,Ready To Move,Sarjapur,2 BHK,1240.0,2,1,44.0,2,3548.39,3548.39
Super built-up  Area,Ready To Move,Sarjapur,2 BHK,950.0,2,2,32.5,2,3421.05,3421.05
Built-up  Area,Ready To Move,Sarjapur,3 BHK,1285.0,2,2,68.0,3,5291.83,5291.83
Super built-up  Area,18-Aug,Sarjapur,2 BHK,925.0,2,1,25.0,2,2702.7,2702.7
Plot  Area,Ready To Move,Sarjapur,4 Bedroom,3190.0,3,1,160.0,4,5015.67,5015.67
Built-up  Area,Ready To Move,Sarjapur,2 BHK,1215.0,2,0,40.0,2,3292.18,3292.18
Plot  Area,Ready To Move,Sarjapur,3 Bedroom,1200.0,3,2,78.0,3,6500.0,6500.0
Super built-up  Area,Ready To Move,Sarjapur,2 BHK,1000.0,2,2,30.0,2,3000.0,3000.0
Super built-up  Area,18-Jul,Sarjapur,2 BHK,1157.0,2,1,40.0,2,3457.22,3457.22
Plot  Area,18-Mar,Sarjapur,3 Bedroom,2238.0,3,1,140.0,3,6255.59,6255.59
Super built-up  Area,Ready To Move,Sarjapur,3 BHK,2020.0,3,3,85.0,3,4207.92,4207.92
Built-up  Area,Ready To Move,Sarjapur,4 Bedroom,2885.0,3,1,185.0,4,6412.48,6412.48
Super built-up  Area,Ready To Move,Sarjapur,2 BHK,1240.0,2,1,44.3,2,3572.58,3572.58
Super built-up  Area,18-Apr,Sarjapur,1 BHK,625.0,1,1,19.0,1,3040.0,3040.0
Built-up  Area,19-Jun,Sarjapur,4 Bedroom,2585.5,4,0,139.5,4,5395.47,5395.47
Super built-up  Area,Ready To Move,Sarjapur,2 BHK,940.0,2,1,25.38,2,2700.0,2700.0
Built-up  Area,Ready To Move,Sarjapur,4 Bedroom,2100.0,3,1,125.0,4,5952.38,5952.38
Super built-up  Area,Ready To Move,Sarjapur,2 BHK,913.0,2,1,36.0,2,3943.04,3943.04
Super built-up  Area,19-Apr,Sarjapur,3 BHK,1404.0,2,0,53.35,3,3799.86,3799.86
Built-up  Area,19-Dec,Sarjapur,3 Bedroom,1830.0,3,1,88.0,3,4808.74,4808.74
Super built-up  Area,Ready To Move,Sarjapur,3 BHK,1364.0,2,2,56.0,3,4105.57,4105.57
Super built-up  Area,Ready To Move,Sarjapur,2 BHK,1124.0,2,1,30.35,2,2700.18,2700.18
Super built-up  Area,Ready To Move,Sarjapur,2 BHK,1044.0,2,2,32.0,2,3065.13,3065.13
Super built-up  Area,Ready To Move,Sarjapur,1 BHK,650.0,1,2,19.87,1,3056.92,3056.92
Super built-up  Area,Ready To Move,Sarjapur,2 BHK,1175.0,2,2,42.0,2,3574.47,3574.47
Super built-up  Area,Ready To Move,Sarjapur,2 BHK,1240.0,2,2,43.1,2,3475.81,3475.81
Super built-up  Area,Ready To Move,Sarjapur,2 BHK,1032.0,2,1,42.0,2,4069.77,4069.77
Super built-up  Area,Ready To Move,Sarjapur,2 BHK,1044.0,2,2,34.0,2,3256.7,3256.7
Plot  Area,18-Aug,Sarjapur,3 Bedroom,1200.0,3,2,76.13,3,6344.17,6344.17
Super built-up  Area,Ready To Move,Sarjapur,2 BHK,1200.0,2,2,62.0,2,5166.67,5166.67
Super built-up  Area,18-Apr,Sarjapur,2 BHK,900.0,2,2,27.98,2,3108.89,3108.89
Super built-up  Area,Ready To Move,Sarjapur,2 BHK,1205.0,2,2,29.0,2,2406.64,2406.64
Super built-up  Area,17-Jun,Sarjapur,2 BHK,850.0,2,2,32.0,2,3764.71,3764.71
Super built-up  Area,Ready To Move,Sarjapur,2 BHK,1175.0,2,1,41.68,2,3547.23,3547.23
Super built-up  Area,Ready To Move,Sarjapur,2 BHK,920.0,2,2,33.0,2,3586.96,3586.96
Super built-up  Area,Ready To Move,Sarjapur,2 BHK,1150.0,2,1,41.0,2,3565.22,3565.22
Super built-up  Area,Ready To Move,Sarjapur,2 BHK,1200.0,2,1,42.6,2,3550.0,3550.0
Super built-up  Area,Ready To Move,Sarjapur,3 BHK,1333.0,3,1,50.0,3,3750.94,3750.94
Super built-up  Area,Ready To Move,Sarjapur,2 BHK,1044.0,2,2,36.0,2,3448.28,3448.28
Built-up  Area,Ready To Move,Sarjapur,2 BHK,950.0,2,2,35.0,2,3684.21,3684.21
Plot  Area,Ready To Move,Sarjapur,3 Bedroom,2172.0,3,0,100.0,3,4604.05,4604.05
Super built-up  Area,Ready To Move,Sarjapur,1 BHK,633.0,1,1,17.09,1,2699.84,2699.84
Super built-up  Area,20-Dec,Sarjapur,2 BHK,1451.0,2,1,87.0,2,5995.86,5995.86
Plot  Area,Ready To Move,Sarjapur,4 Bedroom,2400.0,3,3,140.0,4,5833.33,5833.33
Super built-up  Area,Ready To Move,Sarjapur,3 BHK,1525.0,2,2,68.0,3,4459.02,4459.02
Super built-up  Area,Ready To Move,Sarjapur,2 BHK,1095.0,2,1,45.0,2,4109.59,4109.59
Built-up  Area,Ready To Move,Sarjapur,3 BHK,1425.0,3,2,57.0,3,4000.0,4000.0
Built-up  Area,Ready To Move,Sarjapur  Road,3 Bedroom,2497.0,3,2,140.0,3,5606.73,5606.73
Super built-up  Area,18-Dec,Sarjapur  Road,3 BHK,1787.0,3,2,98.29,3,5500.28,5500.28
Super built-up  Area,Ready To Move,Sarjapur  Road,3 BHK,1787.0,3,2,125.0,3,6994.96,6994.96
Super built-up  Area,20-Mar,Sarjapur  Road,2 BHK,1000.0,2,1,67.0,2,6700.0,6700.0
Super built-up  Area,18-Sep,Sarjapur  Road,2 BHK,1346.0,2,1,74.03,2,5500.0,5500.0
Super built-up  Area,19-Apr,Sarjapur  Road,2 BHK,1195.0,2,1,70.0,2,5857.74,5857.74
Super built-up  Area,Ready To Move,Sarjapur  Road,3 BHK,1550.0,3,3,100.0,3,6451.61,6451.61
Super built-up  Area,Ready To Move,Sarjapur  Road,3 BHK,2100.0,3,2,125.0,3,5952.38,5952.38
Super built-up  Area,Ready To Move,Sarjapur  Road,3 BHK,1691.0,3,2,113.0,3,6682.44,6682.44
Super built-up  Area,Ready To Move,Sarjapur  Road,2 BHK,1278.0,2,2,95.0,2,7433.49,7433.49
Built-up  Area,18-Apr,Sarjapur  Road,3 Bedroom,2238.0,3,1,140.0,3,6255.59,6255.59
Super built-up  Area,Ready To Move,Sarjapur  Road,3 BHK,1800.0,3,1,110.0,3,6111.11,6111.11
Super built-up  Area,Ready To Move,Sarjapur  Road,3 BHK,1984.0,4,1,146.0,3,7358.87,7358.87
Super built-up  Area,Ready To Move,Sarjapur  Road,2 BHK,1128.0,2,2,59.0,2,5230.5,5230.5
Super built-up  Area,Ready To Move,Sarjapur  Road,3 BHK,1700.0,3,3,110.0,3,6470.59,6470.59
Super built-up  Area,18-Nov,Sarjapur  Road,3 BHK,1157.0,2,1,75.0,3,6482.28,6482.28
Super built-up  Area,Ready To Move,Sarjapur  Road,2 BHK,1282.0,2,2,72.0,2,5616.22,5616.22
Super built-up  Area,Ready To Move,Sarjapur  Road,4 BHK,4111.0,4,1,310.0,4,7540.74,7540.74
Super built-up  Area,Ready To Move,Sarjapur  Road,4 BHK,3900.0,4,3,300.0,4,7692.31,7692.31
Super built-up  Area,Ready To Move,Sarjapur  Road,2 BHK,1050.0,2,1,62.0,2,5904.76,5904.76
Super built-up  Area,Ready To Move,Sarjapur  Road,3 BHK,1700.0,3,3,135.0,3,7941.18,7941.18
Super built-up  Area,Ready To Move,Sarjapur  Road,3 BHK,1691.0,3,2,119.0,3,7037.26,7037.26
Super built-up  Area,Ready To Move,Sarjapur  Road,3 BHK,1846.0,3,2,140.0,3,7583.97,7583.97
Plot  Area,18-Dec,Sarjapur  Road,3 Bedroom,1200.0,3,1,95.0,3,7916.67,7916.67
Super built-up  Area,18-Dec,Sarjapur  Road,3 BHK,1819.0,3,2,100.0,3,5497.53,5497.53
Super built-up  Area,Ready To Move,Sarjapur  Road,3 BHK,1845.0,4,1,110.0,3,5962.06,5962.06
Super built-up  Area,19-Oct,Sarjapur  Road,2 BHK,1233.0,2,2,77.65,2,6297.65,6297.65
Super built-up  Area,Ready To Move,Sarjapur  Road,3 BHK,1680.0,3,1,112.0,3,6666.67,6666.67
Super built-up  Area,Ready To Move,Sarjapur  Road,2 BHK,1255.0,2,1,92.0,2,7330.68,7330.68
Super built-up  Area,Ready To Move,Sarjapur  Road,2 BHK,1311.0,2,1,78.0,2,5949.66,5949.66
Super built-up  Area,18-Nov,Sarjapur  Road,3 BHK,1157.0,2,1,75.0,3,6482.28,6482.28
Super built-up  Area,Ready To Move,Sarjapur  Road,2 BHK,1145.0,2,2,75.0,2,6550.22,6550.22
Built-up  Area,Ready To Move,Sarjapur  Road,3 BHK,1300.0,2,2,70.0,3,5384.62,5384.62
Super built-up  Area,19-May,Sarjapur  Road,3 BHK,1476.0,3,1,98.94,3,6703.25,6703.25
Super built-up  Area,Ready To Move,Sarjapur  Road,3 BHK,2180.0,3,2,170.0,3,7798.17,7798.17
Super built-up  Area,Ready To Move,Sarjapur  Road,3 BHK,1750.0,3,2,110.0,3,6285.71,6285.71
Plot  Area,18-Feb,Sarjapur  Road,3 Bedroom,1200.0,3,2,70.0,3,5833.33,5833.33
Plot  Area,17-Jun,Sarjapur  Road,3 Bedroom,2600.0,3,2,200.0,3,7692.31,7692.31
Super built-up  Area,18-Nov,Sarjapur  Road,1 BHK,685.0,1,1,40.0,1,5839.42,5839.42
Super built-up  Area,Ready To Move,Sarjapur  Road,2 BHK,1241.0,2,1,82.0,2,6607.57,6607.57
Super built-up  Area,Ready To Move,Sarjapur  Road,1 BHK,835.0,1,1,46.95,1,5622.75,5622.75
Super built-up  Area,18-Jan,Sarjapur  Road,2 BHK,1280.0,2,1,76.0,2,5937.5,5937.5
Super built-up  Area,Ready To Move,Sarjapur  Road,2 BHK,1263.0,2,1,78.0,2,6175.77,6175.77
Super built-up  Area,Ready To Move,Sarjapur  Road,3 BHK,1691.0,3,1,98.0,3,5795.39,5795.39
Super built-up  Area,Ready To Move,Sarjapur  Road,2 BHK,1308.0,2,1,83.0,2,6345.57,6345.57
Super built-up  Area,19-Apr,Sarjapur  Road,3 BHK,1592.0,3,1,91.0,3,5716.08,5716.08
Super built-up  Area,Ready To Move,Sarjapur  Road,2 BHK,1150.0,2,2,77.0,2,6695.65,6695.65
Built-up  Area,Ready To Move,Sarjapur  Road,3 BHK,1965.0,3,3,120.0,3,6106.87,6106.87
Super built-up  Area,Ready To Move,Sarjapur  Road,3 BHK,2275.0,4,2,180.0,3,7912.09,7912.09
Super built-up  Area,Ready To Move,Sarjapur  Road,2 BHK,1418.0,2,2,78.0,2,5500.71,5500.71
Built-up  Area,Ready To Move,Sarjapur  Road,2 BHK,1200.0,2,1,93.0,2,7750.0,7750.0
Super built-up  Area,Ready To Move,Sarjapur  Road,2 BHK,1115.0,2,1,60.0,2,5381.17,5381.17
Super built-up  Area,Ready To Move,Sarjapur  Road,3 BHK,1525.0,2,2,87.0,3,5704.92,5704.92
Super built-up  Area,18-Apr,Sarjapur  Road,2 BHK,1346.0,2,1,71.32,2,5298.66,5298.66
Super built-up  Area,Ready To Move,Sarjapur  Road,1 BHK,715.0,1,2,29.0,1,4055.94,4055.94
Super built-up  Area,Ready To Move,Sarjapur  Road,2 BHK,1230.0,2,3,94.5,2,7682.93,7682.93
Built-up  Area,Ready To Move,Sarjapur  Road,3 BHK,1750.0,3,3,99.0,3,5657.14,5657.14
Super built-up  Area,20-Aug,Sarjapur  Road,2 BHK,1145.0,2,1,62.0,2,5414.85,5414.85
Plot  Area,Ready To Move,Sarjapur  Road,3 Bedroom,1500.0,3,2,88.0,3,5866.67,5866.67
Super built-up  Area,Ready To Move,Sarjapur  Road,3 BHK,1846.0,3,3,145.0,3,7854.82,7854.82
Super built-up  Area,20-Aug,Sarjapur  Road,2 BHK,1067.0,2,1,60.0,2,5623.24,5623.24
Super built-up  Area,Ready To Move,Sarjapur  Road,3 BHK,1700.0,3,1,95.0,3,5588.24,5588.24
Super built-up  Area,18-Oct,Sarjapur  Road,2 BHK,1230.0,2,1,65.0,2,5284.55,5284.55
Super built-up  Area,Ready To Move,Sarjapur  Road,4 BHK,3785.0,5,1,280.0,4,7397.62,7397.62
Built-up  Area,Ready To Move,Sarjapur  Road,3 Bedroom,2556.0,3,2,169.0,3,6611.89,6611.89
Super built-up  Area,Ready To Move,Sarjapur  Road,2 BHK,1278.0,2,2,90.0,2,7042.25,7042.25
Super built-up  Area,Ready To Move,Sarjapur  Road,2 BHK,1305.0,2,1,99.0,2,7586.21,7586.21
Super built-up  Area,Ready To Move,Sarjapur  Road,3 BHK,1755.0,3,2,122.0,3,6951.57,6951.57
Super built-up  Area,Ready To Move,Sarjapur  Road,4 BHK,4334.0,4,1,338.0,4,7798.8,7798.8
Super built-up  Area,18-Apr,Sarjapur  Road,3 BHK,1700.0,3,2,93.5,3,5500.0,5500.0
Super built-up  Area,Ready To Move,Sarjapur  Road,2 BHK,1060.0,2,1,55.0,2,5188.68,5188.68
Super built-up  Area,Ready To Move,Sarjapur  Road,3 BHK,1455.0,2,1,98.0,3,6735.4,6735.4
Built-up  Area,Ready To Move,Sarjapur  Road,3 BHK,1850.0,3,3,140.0,3,7567.57,7567.57
Super built-up  Area,18-Apr,Sarjapur  Road,1 BHK,950.0,1,0,39.9,1,4200.0,4200.0
Super built-up  Area,Ready To Move,Sarjapur  Road,3 BHK,1826.0,3,2,130.0,3,7119.39,7119.39
Super built-up  Area,Ready To Move,Sarjapur  Road,3 BHK,1660.0,2,2,116.0,3,6987.95,6987.95
Super built-up  Area,Ready To Move,Sarjapur  Road,3 BHK,1700.0,3,3,108.0,3,6352.94,6352.94
Super built-up  Area,Ready To Move,Sarjapur  Road,3 BHK,1539.0,3,1,85.0,3,5523.07,5523.07
Super built-up  Area,Ready To Move,Sarjapur  Road,3 BHK,1489.0,2,3,82.0,3,5507.05,5507.05
Super built-up  Area,Ready To Move,Sarjapur  Road,2 BHK,1200.0,2,2,75.0,2,6250.0,6250.0
Built-up  Area,18-Mar,Sarjapur  Road,3 Bedroom,3044.0,3,2,183.0,3,6011.83,6011.83
Super built-up  Area,Ready To Move,Sarjapur  Road,3 BHK,1877.0,4,2,150.0,3,7991.48,7991.48
Super built-up  Area,Ready To Move,Sarjapur  Road,2 BHK,1229.0,2,2,70.0,2,5695.69,5695.69
Built-up  Area,Ready To Move,Sarjapur  Road,2 BHK,1342.0,2,1,70.0,2,5216.1,5216.1
Super built-up  Area,18-May,Sarjapur  Road,3 BHK,1711.0,3,1,110.0,3,6428.99,6428.99
Super built-up  Area,Ready To Move,Sarjapur  Road,2 BHK,1050.0,2,1,63.5,2,6047.62,6047.62
Super built-up  Area,Ready To Move,Sarjapur  Road,2 BHK,1350.0,2,2,102.0,2,7555.56,7555.56
Super built-up  Area,Ready To Move,Sarjapur  Road,4 BHK,2990.0,4,1,240.0,4,8026.76,8026.76
Super built-up  Area,Ready To Move,Sarjapur  Road,3 BHK,1457.0,3,3,85.0,3,5833.91,5833.91
Super built-up  Area,18-Apr,Sarjapur  Road,3 BHK,1685.0,3,1,135.0,3,8011.87,8011.87
Plot  Area,18-May,Sarjapur  Road,3 Bedroom,1200.0,3,2,70.0,3,5833.33,5833.33
Super built-up  Area,18-Nov,Sarjapur  Road,2 BHK,984.0,2,1,55.0,2,5589.43,5589.43
Super built-up  Area,Ready To Move,Sarjapur  Road,2 BHK,1320.0,2,1,100.0,2,7575.76,7575.76
Super built-up  Area,Ready To Move,Sarjapur  Road,3 BHK,1984.0,4,1,145.0,3,7308.47,7308.47
Super built-up  Area,Ready To Move,Sarjapur  Road,3 BHK,1550.0,2,1,89.0,3,5741.94,5741.94
Super built-up  Area,Ready To Move,Sarjapur  Road,4 BHK,2425.0,5,1,201.0,4,8288.66,8288.66
Super built-up  Area,Ready To Move,Sarjapur  Road,3 BHK,1691.0,3,2,113.0,3,6682.44,6682.44
Super built-up  Area,Ready To Move,Sarjapur  Road,3 BHK,2070.0,4,2,160.0,3,7729.47,7729.47
Super built-up  Area,Ready To Move,Sarjapur  Road,3 BHK,1435.0,3,2,90.0,3,6271.78,6271.78
Super built-up  Area,Ready To Move,Sarjapur  Road,2 BHK,1262.0,2,2,67.0,2,5309.03,5309.03
Super built-up  Area,Ready To Move,Sarjapur  Road,3 BHK,1693.0,3,2,125.0,3,7383.34,7383.34
Super built-up  Area,Ready To Move,Sarjapur  Road,3 BHK,1826.0,3,2,125.0,3,6845.56,6845.56
Super built-up  Area,Ready To Move,Sarjapur  Road,3 BHK,1660.0,3,2,116.0,3,6987.95,6987.95
Built-up  Area,18-Dec,Sarjapur  Road,3 Bedroom,1830.0,3,1,119.0,3,6502.73,6502.73
Super built-up  Area,Ready To Move,Sarjapur  Road,4 BHK,2900.0,4,2,240.0,4,8275.86,8275.86
Super built-up  Area,Ready To Move,Sarjapur  Road,2 BHK,1059.0,2,2,68.0,2,6421.15,6421.15
Super built-up  Area,18-May,Sarjapur  Road,3 BHK,1157.0,2,1,74.0,3,6395.85,6395.85
Super built-up  Area,18-Apr,Sarjapur  Road,3 BHK,1700.0,3,1,118.0,3,6941.18,6941.18
Super built-up  Area,Ready To Move,Sarjapur  Road,3 BHK,1691.0,3,3,120.0,3,7096.39,7096.39
Super built-up  Area,18-May,Sarjapur  Road,2 BHK,1308.0,2,1,75.0,2,5733.94,5733.94
Super built-up  Area,Ready To Move,Sarjapur  Road,3 BHK,1580.0,3,3,125.0,3,7911.39,7911.39
Super built-up  Area,17-Oct,Sarjapur  Road,3 BHK,1763.25,3,3,98.0,3,5557.92,5557.92
Super built-up  Area,Ready To Move,Sarjapur  Road,3 BHK,1826.0,3,2,130.0,3,7119.39,7119.39
Super built-up  Area,Ready To Move,Sarjapur  Road,3 BHK,1550.0,2,2,98.0,3,6322.58,6322.58
Super built-up  Area,18-Dec,Sarjapur  Road,3 BHK,1819.0,3,2,100.0,3,5497.53,5497.53
Super built-up  Area,18-Nov,Sarjapur  Road,2 BHK,984.0,2,1,59.0,2,5995.93,5995.93
Super built-up  Area,Ready To Move,Sarjapur  Road,3 BHK,1489.0,3,2,88.0,3,5910.01,5910.01
Super built-up  Area,18-Jan,Sarjapur  Road,1 BHK,702.0,1,1,52.0,1,7407.41,7407.41
Super built-up  Area,18-Mar,Sarjapur  Road,2 BHK,1242.0,2,1,75.0,2,6038.65,6038.65
Super built-up  Area,Ready To Move,Sarjapur  Road,3 BHK,2275.0,4,2,185.0,3,8131.87,8131.87
Super built-up  Area,Ready To Move,Sarjapur  Road,3 BHK,2100.0,3,1,135.0,3,6428.57,6428.57
Super built-up  Area,18-Jul,Sarjapur  Road,3 BHK,1700.0,3,2,93.5,3,5500.0,5500.0
Super built-up  Area,Ready To Move,Sarjapur  Road,3 BHK,1862.0,4,1,110.0,3,5907.63,5907.63
Super built-up  Area,Ready To Move,Sarjapur  Road,3 BHK,2275.0,4,2,175.0,3,7692.31,7692.31
Super built-up  Area,Ready To Move,Sarjapur  Road,3 BHK,1787.0,3,2,116.0,3,6491.33,6491.33
Super built-up  Area,Ready To Move,Sarjapur  Road,3 BHK,1691.0,3,2,93.01,3,5500.3,5500.3
Super built-up  Area,Ready To Move,Sarjapur  Road,2 BHK,1028.0,2,1,56.0,2,5447.47,5447.47
Super built-up  Area,Ready To Move,Sarjapur  Road,3 BHK,1181.0,2,1,65.0,3,5503.81,5503.81
Super built-up  Area,Ready To Move,Sarjapur  Road,3 BHK,1691.0,3,2,100.0,3,5913.66,5913.66
Super built-up  Area,Ready To Move,Sarjapur  Road,2 BHK,1026.0,2,1,60.55,2,5901.56,5901.56
Super built-up  Area,18-Apr,Sarjapur  Road,2 BHK,1350.0,2,1,85.0,2,6296.3,6296.3
Super built-up  Area,18-May,Sarjapur  Road,3 BHK,1157.0,2,1,72.0,3,6222.99,6222.99
Super built-up  Area,Ready To Move,Sarjapur  Road,2 BHK,1019.0,2,1,62.0,2,6084.4,6084.4
Super built-up  Area,Ready To Move,Sarjapur  Road,4 BHK,3418.0,3,1,235.0,4,6875.37,6875.37
Super built-up  Area,19-Dec,Sarjapur  Road,1 BHK,691.0,1,1,31.1,1,4500.72,4500.72
Super built-up  Area,17-May,Sarjapur  Road,3 BHK,1881.0,3,2,145.0,3,7708.67,7708.67
Super built-up  Area,Ready To Move,Sarjapur  Road,3 BHK,2275.0,4,2,182.0,3,8000.0,8000.0
Super built-up  Area,Ready To Move,Sarjapur  Road,3 BHK,1881.0,3,2,145.0,3,7708.67,7708.67
Plot  Area,Ready To Move,Sarjapur  Road,4 Bedroom,2880.0,3,2,211.0,4,7326.39,7326.39
Built-up  Area,Ready To Move,Sarjapur  Road,4 Bedroom,3418.0,4,1,222.0,4,6495.03,6495.03
Built-up  Area,Ready To Move,Sarjapur  Road,1 BHK,675.0,1,1,27.0,1,4000.0,4000.0
Super built-up  Area,18-Mar,Sarjapur  Road,3 BHK,1773.5,3,1,102.92,3,5803.21,5803.21
Super built-up  Area,18-Apr,Sarjapur  Road,2 BHK,1346.0,2,1,74.03,2,5500.0,5500.0
Super built-up  Area,Ready To Move,Sarjapur  Road,3 BHK,1691.0,3,2,119.0,3,7037.26,7037.26
Super built-up  Area,Ready To Move,Sarjapur  Road,2 BHK,1335.0,2,1,95.0,2,7116.1,7116.1
Built-up  Area,Ready To Move,Sarjapur  Road,3 BHK,1680.0,3,2,126.0,3,7500.0,7500.0
Super built-up  Area,Ready To Move,Sarjapur  Road,3 BHK,1222.0,2,1,68.0,3,5564.65,5564.65
Built-up  Area,Ready To Move,Sarjapur  Road,4 BHK,3420.0,4,2,225.0,4,6578.95,6578.95
Super built-up  Area,Ready To Move,Sarjapur  Road,3 BHK,1510.0,2,1,110.0,3,7284.77,7284.77
Super built-up  Area,Ready To Move,Sarjapur  Road,2 BHK,1242.0,2,1,78.0,2,6280.19,6280.19
Super built-up  Area,Ready To Move,Sarjapur  Road,2 BHK,1129.0,2,1,69.0,2,6111.6,6111.6
Super built-up  Area,Ready To Move,Sarjapur  Road,3 BHK,1850.0,3,2,140.0,3,7567.57,7567.57
Super built-up  Area,Ready To Move,Sarjapur  Road,3 BHK,1879.0,3,2,155.0,3,8249.07,8249.07
Super built-up  Area,19-Oct,Sarjapur  Road,3 BHK,1157.0,2,1,75.0,3,6482.28,6482.28
Super built-up  Area,Ready To Move,Sarjapur  Road,4 BHK,2425.0,5,1,175.0,4,7216.49,7216.49
Super built-up  Area,Ready To Move,Sarjapur  Road,2 BHK,1323.0,2,2,74.0,2,5593.35,5593.35
Super built-up  Area,Ready To Move,Sarjapur  Road,3 BHK,2289.0,3,2,178.0,3,7776.32,7776.32
Super built-up  Area,Ready To Move,Sarjapur  Road,3 BHK,2100.0,3,2,130.0,3,6190.48,6190.48
Super built-up  Area,Ready To Move,Sarjapur  Road,1 BHK,702.0,1,0,35.8,1,5099.72,5099.72
Super built-up  Area,Ready To Move,Sarjapur  Road,3 BHK,1800.0,3,2,128.0,3,7111.11,7111.11
Super built-up  Area,Ready To Move,Sarjapur  Road,3 BHK,2275.0,4,2,187.0,3,8219.78,8219.78
Super built-up  Area,Ready To Move,Sarjapur  Road,2 BHK,1026.0,2,2,60.8,2,5925.93,5925.93
Built-up  Area,18-Apr,Sarjapur  Road,2 BHK,1216.0,2,2,70.0,2,5756.58,5756.58
Super built-up  Area,19-Mar,Sarjapur  Road,2 BHK,1112.0,2,1,62.0,2,5575.54,5575.54
Super built-up  Area,18-Nov,Sarjapur  Road,3 BHK,1157.0,2,1,69.0,3,5963.7,5963.7
Super built-up  Area,Ready To Move,Sarjapur  Road,2 BHK,1026.0,2,1,60.8,2,5925.93,5925.93
Plot  Area,Ready To Move,Sarjapur  Road,3 Bedroom,1600.0,3,1,120.0,3,7500.0,7500.0
Super built-up  Area,18-Jul,Sarjapur  Road,2 BHK,1346.0,2,1,74.03,2,5500.0,5500.0
Super built-up  Area,20-Aug,Sarjapur  Road,1 BHK,475.0,1,1,26.0,1,5473.68,5473.68
Super built-up  Area,Ready To Move,Sarjapur  Road,3 BHK,1660.0,2,2,116.0,3,6987.95,6987.95
Super built-up  Area,18-May,Sarjapur  Road,2 BHK,1346.0,2,1,69.61,2,5171.62,5171.62
Super built-up  Area,Ready To Move,Sarjapur  Road,3 BHK,2089.0,3,2,148.0,3,7084.73,7084.73
Super built-up  Area,Ready To Move,Sarjapur  Road,3 BHK,1612.0,3,1,98.38,3,6102.98,6102.98
Super built-up  Area,Ready To Move,Sarjapur  Road,2 BHK,1290.0,2,2,88.0,2,6821.71,6821.71
Super built-up  Area,18-Apr,Sarjapur  Road,2 BHK,1371.0,2,1,86.0,2,6272.79,6272.79
Super built-up  Area,Ready To Move,Sarjapur  Road,3 BHK,2140.0,3,2,139.0,3,6495.33,6495.33
Super built-up  Area,Ready To Move,Sarjapur  Road,2 BHK,1044.0,2,2,55.0,2,5268.2,5268.2
Super built-up  Area,Ready To Move,Sarjapur  Road,3 BHK,2180.0,4,3,180.0,3,8256.88,8256.88
Super built-up  Area,Ready To Move,Sarjapur  Road,3 BHK,1691.0,3,2,119.0,3,7037.26,7037.26
Super built-up  Area,Ready To Move,Sarjapur  Road,3 BHK,2206.0,4,1,180.0,3,8159.56,8159.56
Super built-up  Area,Ready To Move,Sarjapur  Road,2 BHK,1309.0,2,3,69.5,2,5309.4,5309.4
Super built-up  Area,18-Dec,Sarjapur  Road,3 BHK,1691.0,3,2,100.0,3,5913.66,5913.66
Built-up  Area,Ready To Move,Sarjapur  Road,2 BHK,1367.0,2,0,80.0,2,5852.23,5852.23
Super built-up  Area,Ready To Move,Sarjapur  Road,3 BHK,1984.0,4,1,148.0,3,7459.68,7459.68
Super built-up  Area,18-Jun,Sarjapur  Road,2 BHK,1346.0,2,1,74.03,2,5500.0,5500.0
Super built-up  Area,18-Nov,Sarjapur  Road,2 BHK,1112.0,2,1,58.0,2,5215.83,5215.83
Super built-up  Area,Ready To Move,Sarjapur  Road,2 BHK,1340.0,2,1,75.0,2,5597.01,5597.01
Plot  Area,Ready To Move,Sarjapur  Road,3 Bedroom,3500.0,3,2,275.0,3,7857.14,7857.14
Super built-up  Area,18-Apr,Sarjapur  Road,2 BHK,1132.0,2,1,70.0,2,6183.75,6183.75
Super built-up  Area,Ready To Move,Sarjapur  Road,4 BHK,2425.0,5,1,195.0,4,8041.24,8041.24
Super built-up  Area,Ready To Move,Sarjapura - Attibele Road,3 BHK,1330.0,2,1,48.0,3,3609.02,3609.02
Super built-up  Area,Ready To Move,Sarjapura - Attibele Road,3 BHK,1329.0,2,2,45.95,3,3457.49,3457.49
Super built-up  Area,19-Aug,Sarjapura - Attibele Road,2 BHK,829.0,2,1,22.8,2,2750.3,2750.3
Plot  Area,Ready To Move,Sarjapura - Attibele Road,3 Bedroom,2400.0,3,3,85.0,3,3541.67,3541.67
Super built-up  Area,19-Aug,Sarjapura - Attibele Road,2 BHK,1033.0,2,2,28.41,2,2750.24,2750.24
Super built-up  Area,Ready To Move,Sarjapura - Attibele Road,3 BHK,1676.0,3,3,52.0,3,3102.63,3102.63
Plot  Area,16-Dec,Sarjapura - Attibele Road,3 Bedroom,1800.0,3,2,90.0,3,5000.0,5000.0
Built-up  Area,Ready To Move,Sarjapura - Attibele Road,2 BHK,1308.0,2,2,37.0,2,2828.75,2828.75
Super built-up  Area,Ready To Move,Sarjapura - Attibele Road,2 BHK,1073.0,2,2,31.77,2,2960.86,2960.86
Built-up  Area,Ready To Move,Sarjapura - Attibele Road,3 BHK,1330.0,2,1,49.0,3,3684.21,3684.21
Super built-up  Area,Ready To Move,Sarjapura - Attibele Road,2 BHK,1090.0,2,1,37.0,2,3394.5,3394.5
Super built-up  Area,Ready To Move,Sarjapura - Attibele Road,2 BHK,1126.0,2,1,36.0,2,3197.16,3197.16
Super built-up  Area,Ready To Move,Sarjapura - Attibele Road,1 BHK,740.0,1,1,23.65,1,3195.95,3195.95
Super built-up  Area,Ready To Move,Sarjapura - Attibele Road,3 BHK,1555.0,3,3,52.0,3,3344.05,3344.05
Super built-up  Area,Ready To Move,Sector 2 HSR Layout,2 BHK,1296.0,2,1,75.0,2,5787.04,5787.04
Super built-up  Area,Ready To Move,Sector 2 HSR Layout,1 BHK,794.0,1,1,60.0,1,7556.68,7556.68
Super built-up  Area,Ready To Move,Sector 2 HSR Layout,2 BHK,1143.0,2,2,65.0,2,5686.79,5686.79
Super built-up  Area,Ready To Move,Sector 2 HSR Layout,3 BHK,1665.0,3,1,110.0,3,6606.61,6606.61
Super built-up  Area,Ready To Move,Sector 2 HSR Layout,3 BHK,1512.0,3,1,80.0,3,5291.01,5291.01
Built-up  Area,Ready To Move,Sector 2 HSR Layout,2 BHK,1332.0,2,2,101.0,2,7582.58,7582.58
Super built-up  Area,Ready To Move,Sector 2 HSR Layout,3 BHK,1600.0,3,2,90.0,3,5625.0,5625.0
Super built-up  Area,Ready To Move,Sector 2 HSR Layout,2 BHK,1231.0,2,3,66.0,2,5361.49,5361.49
Plot  Area,Ready To Move,Sector 7 HSR Layout,4 Bedroom,3000.0,5,1,275.0,4,9166.67,9166.67
Super built-up  Area,Ready To Move,Sector 7 HSR Layout,2 BHK,1163.0,2,2,98.86,2,8500.43,8500.43
Super built-up  Area,Ready To Move,Sector 7 HSR Layout,3 BHK,1760.0,3,2,145.0,3,8238.64,8238.64
Built-up  Area,Ready To Move,Sector 7 HSR Layout,3 BHK,3900.0,3,2,300.0,3,7692.31,7692.31
Super built-up  Area,Ready To Move,Sector 7 HSR Layout,2 BHK,1163.0,2,1,98.86,2,8500.43,8500.43
Super built-up  Area,Ready To Move,Sector 7 HSR Layout,2 BHK,1342.0,2,2,115.0,2,8569.3,8569.3
Super built-up  Area,Ready To Move,Sector 7 HSR Layout,3 BHK,1760.0,3,2,160.0,3,9090.91,9090.91
Super built-up  Area,Ready To Move,Sector 7 HSR Layout,3 BHK,1760.0,3,2,142.0,3,8068.18,8068.18
Built-up  Area,Ready To Move,Sector 7 HSR Layout,3 BHK,2400.0,2,3,195.0,3,8125.0,8125.0
Super built-up  Area,Ready To Move,Sector 7 HSR Layout,3 BHK,1760.0,3,2,185.0,3,10511.36,10511.36
Super built-up  Area,Ready To Move,Sector 7 HSR Layout,2 BHK,1162.0,2,2,98.77,2,8500.0,8500.0
Super built-up  Area,18-Dec,Seegehalli,2 BHK,901.0,2,1,35.14,2,3900.11,3900.11
Plot  Area,Ready To Move,Seegehalli,2 Bedroom,800.0,1,0,50.0,2,6250.0,6250.0
Super built-up  Area,17-Dec,Seegehalli,2 BHK,1118.0,2,2,37.5,2,3354.2,3354.2
Plot  Area,Ready To Move,Seegehalli,3 Bedroom,1200.0,2,0,62.0,3,5166.67,5166.67
Plot  Area,Ready To Move,Seegehalli,2 Bedroom,1155.0,2,0,72.0,2,6233.77,6233.77
Super built-up  Area,Ready To Move,Seegehalli,3 BHK,1830.0,4,2,82.0,3,4480.87,4480.87
Plot  Area,Ready To Move,Seegehalli,3 Bedroom,4000.0,3,1,235.0,3,5875.0,5875.0
Super built-up  Area,Ready To Move,Seegehalli,2 BHK,1096.0,2,1,41.0,2,3740.88,3740.88
Super built-up  Area,18-Dec,Seegehalli,2 BHK,920.0,2,1,27.0,2,2934.78,2934.78
Super built-up  Area,Ready To Move,Seegehalli,3 BHK,1553.0,3,3,68.0,3,4378.62,4378.62
Super built-up  Area,Ready To Move,Seegehalli,3 BHK,1639.0,3,3,120.0,3,7321.54,7321.54
Plot  Area,Ready To Move,Seegehalli,3 Bedroom,3000.0,4,2,235.0,3,7833.33,7833.33
Super built-up  Area,18-Aug,Seegehalli,2 BHK,1134.0,2,2,45.0,2,3968.25,3968.25
Super built-up  Area,Ready To Move,Seegehalli,3 BHK,1683.0,3,3,80.0,3,4753.42,4753.42
Super built-up  Area,Ready To Move,Seegehalli,2 BHK,1176.0,2,2,50.0,2,4251.7,4251.7
Plot  Area,Ready To Move,Seegehalli,3 Bedroom,3000.0,4,2,240.0,3,8000.0,8000.0
Built-up  Area,Ready To Move,Shampura,4 BHK,2650.0,4,2,150.0,4,5660.38,5660.38
Super built-up  Area,Ready To Move,Shampura,2 BHK,1200.0,2,3,53.0,2,4416.67,4416.67
Super built-up  Area,Ready To Move,Shampura,2 BHK,700.0,1,2,35.0,2,5000.0,5000.0
Built-up  Area,Ready To Move,Shampura,3 BHK,1400.0,3,1,70.0,3,5000.0,5000.0
Built-up  Area,Ready To Move,Shampura,3 BHK,1475.0,3,3,78.0,3,5288.14,5288.14
Super built-up  Area,Ready To Move,Shampura,3 BHK,1700.0,3,3,75.0,3,4411.76,4411.76
Built-up  Area,Ready To Move,Shivaji Nagar,2 BHK,850.0,2,2,55.0,2,6470.59,6470.59
Super built-up  Area,Ready To Move,Shivaji Nagar,2 BHK,1554.0,3,3,130.0,2,8365.51,8365.51
Plot  Area,Ready To Move,Shivaji Nagar,1 Bedroom,3820.0,1,1,306.0,1,8010.47,8010.47
Super built-up  Area,Ready To Move,Shivaji Nagar,2 BHK,703.0,2,1,49.5,2,7041.25,7041.25
Super built-up  Area,Ready To Move,Shivaji Nagar,3 BHK,1460.0,2,1,90.0,3,6164.38,6164.38
Carpet  Area,Ready To Move,Shivaji Nagar,2 BHK,600.0,1,1,65.0,2,10833.33,10833.33
Super built-up  Area,Ready To Move,Singasandra,2 BHK,1030.0,2,1,55.0,2,5339.81,5339.81
Super built-up  Area,Ready To Move,Singasandra,2 BHK,1100.0,2,1,52.0,2,4727.27,4727.27
Super built-up  Area,Ready To Move,Singasandra,2 BHK,1300.0,2,2,65.0,2,5000.0,5000.0
Super built-up  Area,Ready To Move,Singasandra,2 BHK,1010.0,2,1,40.0,2,3960.4,3960.4
Built-up  Area,Ready To Move,Singasandra,2 BHK,1375.0,2,3,58.0,2,4218.18,4218.18
Super built-up  Area,Ready To Move,Singasandra,2 BHK,1120.0,2,1,60.0,2,5357.14,5357.14
Super built-up  Area,Ready To Move,Singasandra,3 BHK,1510.0,3,2,75.0,3,4966.89,4966.89
Super built-up  Area,Ready To Move,Singasandra,2 BHK,1179.0,2,2,56.0,2,4749.79,4749.79
Super built-up  Area,Ready To Move,Singasandra,2 BHK,1416.0,2,2,67.0,2,4731.64,4731.64
Super built-up  Area,Ready To Move,Singasandra,3 BHK,1476.0,2,1,73.0,3,4945.8,4945.8
Super built-up  Area,Ready To Move,Singasandra,2 BHK,1139.7,2,1,45.0,2,3948.41,3948.41
Super built-up  Area,Ready To Move,Singasandra,2 BHK,1465.0,2,3,60.0,2,4095.56,4095.56
Super built-up  Area,Ready To Move,Singasandra,3 BHK,1653.0,3,2,85.0,3,5142.17,5142.17
Built-up  Area,Ready To Move,Somasundara Palya,2 BHK,1255.0,2,2,67.0,2,5338.65,5338.65
Super built-up  Area,Ready To Move,Somasundara Palya,2 BHK,1448.0,2,2,68.0,2,4696.13,4696.13
Super built-up  Area,Ready To Move,Somasundara Palya,2 BHK,1178.0,2,3,73.0,2,6196.94,6196.94
Super built-up  Area,Ready To Move,Somasundara Palya,2 BHK,1260.0,2,1,60.0,2,4761.9,4761.9
Built-up  Area,Ready To Move,Somasundara Palya,2 BHK,1033.0,2,2,48.0,2,4646.66,4646.66
Super built-up  Area,Ready To Move,Somasundara Palya,2 BHK,1329.0,2,2,70.0,2,5267.12,5267.12
Built-up  Area,Ready To Move,Somasundara Palya,3 BHK,2372.0,3,1,140.0,3,5902.19,5902.19
Super built-up  Area,Ready To Move,Somasundara Palya,2 BHK,1185.0,2,3,70.0,2,5907.17,5907.17
Built-up  Area,Ready To Move,Somasundara Palya,4 BHK,2400.0,3,3,140.0,4,5833.33,5833.33
Super built-up  Area,Ready To Move,Somasundara Palya,3 BHK,1650.0,3,1,95.0,3,5757.58,5757.58
Built-up  Area,Ready To Move,Somasundara Palya,2 BHK,1186.0,2,3,72.0,2,6070.83,6070.83
Super built-up  Area,Ready To Move,Sompura,2 BHK,825.0,2,1,33.0,2,4000.0,4000.0
Built-up  Area,Ready To Move,Sompura,3 BHK,1025.0,2,0,37.0,3,3609.76,3609.76
Super built-up  Area,Ready To Move,Sompura,2 BHK,1020.0,2,3,41.0,2,4019.61,4019.61
Built-up  Area,Ready To Move,Sompura,2 BHK,1126.0,2,2,39.0,2,3463.59,3463.59
Built-up  Area,Ready To Move,Sompura,2 BHK,825.0,2,1,32.0,2,3878.79,3878.79
Super built-up  Area,Ready To Move,Sompura,3 BHK,1360.0,2,3,45.0,3,3308.82,3308.82
Super built-up  Area,Ready To Move,Sompura,3 BHK,1350.0,2,2,47.0,3,3481.48,3481.48
Super built-up  Area,Ready To Move,Sompura,4 BHK,2150.0,3,2,85.0,4,3953.49,3953.49
Built-up  Area,Ready To Move,Sonnenahalli,2 BHK,896.0,2,1,43.75,2,4882.81,4882.81
Super built-up  Area,Ready To Move,Sonnenahalli,2 BHK,1120.0,2,2,43.0,2,3839.29,3839.29
Super built-up  Area,Ready To Move,Sonnenahalli,2 BHK,1100.0,2,1,44.0,2,4000.0,4000.0
Super built-up  Area,18-Dec,Sonnenahalli,2 BHK,1011.0,2,1,50.53,2,4998.02,4998.02
Super built-up  Area,Ready To Move,Sonnenahalli,1 BHK,614.5,1,0,30.715,1,4998.37,4998.37
Super built-up  Area,18-Dec,Sonnenahalli,3 BHK,1484.0,3,1,74.18,3,4998.65,4998.65
Super built-up  Area,18-Dec,Sonnenahalli,3 BHK,1610.0,3,2,80.48,3,4998.76,4998.76
Super built-up  Area,Ready To Move,Sonnenahalli,3 BHK,1415.0,2,1,65.0,3,4593.64,4593.64
Super built-up  Area,Ready To Move,Sonnenahalli,2 BHK,1268.0,2,1,58.0,2,4574.13,4574.13
Super built-up  Area,Ready To Move,Sonnenahalli,2 BHK,1268.0,2,1,56.0,2,4416.4,4416.4
Super built-up  Area,18-Dec,Sonnenahalli,1 BHK,605.0,1,1,30.24,1,4998.35,4998.35
Built-up  Area,Ready To Move,Sonnenahalli,3 BHK,1484.0,3,1,75.0,3,5053.91,5053.91
Super built-up  Area,Ready To Move,Subramanyapura,2 BHK,929.0,2,0,50.17,2,5400.43,5400.43
Built-up  Area,Ready To Move,Subramanyapura,2 BHK,1200.0,2,2,52.0,2,4333.33,4333.33
Super built-up  Area,Ready To Move,Subramanyapura,2 BHK,975.0,2,1,58.0,2,5948.72,5948.72
Built-up  Area,Ready To Move,Subramanyapura,2 BHK,1277.0,2,2,55.0,2,4306.97,4306.97
Super built-up  Area,Ready To Move,Subramanyapura,2 BHK,985.0,2,1,58.0,2,5888.32,5888.32
Super built-up  Area,Ready To Move,Subramanyapura,3 BHK,1245.0,2,1,68.0,3,5461.85,5461.85
Super built-up  Area,Ready To Move,Subramanyapura,2 BHK,1313.0,2,2,73.0,2,5559.79,5559.79
Super built-up  Area,Ready To Move,Subramanyapura,2 BHK,1313.0,2,2,66.5,2,5064.74,5064.74
Super built-up  Area,Ready To Move,Subramanyapura,3 BHK,1255.0,2,2,79.0,3,6294.82,6294.82
Super built-up  Area,Ready To Move,Subramanyapura,3 BHK,1330.0,3,2,72.0,3,5413.53,5413.53
Built-up  Area,Ready To Move,Subramanyapura,2 BHK,929.0,2,1,48.0,2,5166.85,5166.85
Super built-up  Area,Ready To Move,Subramanyapura,2 BHK,950.0,2,1,55.0,2,5789.47,5789.47
Super built-up  Area,Ready To Move,Subramanyapura,2 BHK,929.0,2,1,56.0,2,6027.99,6027.99
Built-up  Area,Ready To Move,Subramanyapura,3 BHK,1260.0,2,2,76.0,3,6031.75,6031.75
Super built-up  Area,Ready To Move,Subramanyapura,2 BHK,960.0,2,1,55.0,2,5729.17,5729.17
Super built-up  Area,Ready To Move,Subramanyapura,3 BHK,1260.0,2,1,73.0,3,5793.65,5793.65
Super built-up  Area,Ready To Move,Subramanyapura,3 BHK,1278.0,3,2,70.0,3,5477.31,5477.31
Super built-up  Area,Ready To Move,Subramanyapura,2 BHK,929.0,2,2,49.0,2,5274.49,5274.49
Super built-up  Area,Ready To Move,Subramanyapura,3 BHK,1260.0,2,1,75.0,3,5952.38,5952.38
Super built-up  Area,Ready To Move,Subramanyapura,2 BHK,1000.0,2,1,45.0,2,4500.0,4500.0
Super built-up  Area,Ready To Move,Subramanyapura,2 BHK,929.0,1,2,51.0,2,5489.77,5489.77
Super built-up  Area,Ready To Move,Subramanyapura,3 BHK,1880.0,3,2,110.0,3,5851.06,5851.06
Carpet  Area,Ready To Move,Sultan Palaya,3 BHK,1700.0,3,3,120.0,3,7058.82,7058.82
Super built-up  Area,Ready To Move,Sultan Palaya,2 BHK,1100.0,2,1,45.0,2,4090.91,4090.91
Built-up  Area,Ready To Move,Sultan Palaya,2 BHK,900.0,2,2,45.0,2,5000.0,5000.0
Built-up  Area,Ready To Move,Sultan Palaya,2 BHK,870.0,2,1,65.0,2,7471.26,7471.26
Built-up  Area,Ready To Move,Sultan Palaya,3 BHK,1765.0,3,3,80.0,3,4532.58,4532.58
Super built-up  Area,Ready To Move,Sultan Palaya,3 BHK,1713.0,3,3,125.0,3,7297.14,7297.14
Super built-up  Area,Ready To Move,Sultan Palaya,2 BHK,1009.0,2,1,65.0,2,6442.02,6442.02
Built-up  Area,Ready To Move,Sultan Palaya,4 Bedroom,5000.0,5,2,325.0,4,6500.0,6500.0
Super built-up  Area,Ready To Move,Sultan Palaya,2 BHK,1070.0,2,2,49.0,2,4579.44,4579.44
Plot  Area,18-Jan,TC Palaya,3 Bedroom,1475.0,3,1,98.0,3,6644.07,6644.07
Plot  Area,Ready To Move,TC Palaya,2 Bedroom,1200.0,2,0,60.0,2,5000.0,5000.0
Plot  Area,Ready To Move,TC Palaya,2 Bedroom,1240.0,2,1,60.0,2,4838.71,4838.71
Plot  Area,Ready To Move,TC Palaya,3 Bedroom,1500.0,2,1,100.0,3,6666.67,6666.67
Plot  Area,Ready To Move,TC Palaya,2 Bedroom,1200.0,2,0,65.0,2,5416.67,5416.67
Plot  Area,Ready To Move,TC Palaya,2 Bedroom,1200.0,2,0,70.0,2,5833.33,5833.33
Plot  Area,Ready To Move,TC Palaya,2 Bedroom,900.0,2,0,55.0,2,6111.11,6111.11
Plot  Area,Ready To Move,TC Palaya,4 Bedroom,4800.0,3,3,302.0,4,6291.67,6291.67
Built-up  Area,Ready To Move,TC Palaya,2 Bedroom,1000.0,2,0,64.0,2,6400.0,6400.0
Plot  Area,Ready To Move,TC Palaya,2 Bedroom,900.0,2,0,55.0,2,6111.11,6111.11
Plot  Area,Ready To Move,TC Palaya,2 Bedroom,1200.0,2,0,66.0,2,5500.0,5500.0
Plot  Area,Ready To Move,TC Palaya,2 Bedroom,900.0,2,0,55.0,2,6111.11,6111.11
Plot  Area,Ready To Move,TC Palaya,2 Bedroom,900.0,2,0,55.0,2,6111.11,6111.11
Built-up  Area,Ready To Move,TC Palaya,2 Bedroom,1200.0,2,0,65.0,2,5416.67,5416.67
Super built-up  Area,Ready To Move,TC Palaya,2 BHK,1500.0,2,0,75.0,2,5000.0,5000.0
Built-up  Area,Ready To Move,TC Palaya,2 Bedroom,1000.0,2,0,70.0,2,7000.0,7000.0
Built-up  Area,Ready To Move,TC Palaya,2 Bedroom,1100.0,2,0,65.0,2,5909.09,5909.09
Built-up  Area,Ready To Move,TC Palaya,2 BHK,1800.0,2,2,80.0,2,4444.44,4444.44
Plot  Area,Ready To Move,TC Palaya,2 Bedroom,1200.0,2,1,70.0,2,5833.33,5833.33
Plot  Area,Ready To Move,TC Palaya,1 Bedroom,1350.0,1,0,55.0,1,4074.07,4074.07
Plot  Area,Ready To Move,TC Palaya,2 Bedroom,900.0,2,0,55.0,2,6111.11,6111.11
Plot  Area,Ready To Move,TC Palaya,2 Bedroom,900.0,2,0,55.0,2,6111.11,6111.11
Built-up  Area,Ready To Move,TC Palaya,2 BHK,1082.0,2,2,64.0,2,5914.97,5914.97
Super built-up  Area,Ready To Move,TC Palaya,2 BHK,1152.0,2,2,55.0,2,4774.31,4774.31
Super built-up  Area,21-Dec,Talaghattapura,3 BHK,1868.0,3,2,131.0,3,7012.85,7012.85
Super built-up  Area,18-May,Talaghattapura,3 BHK,2038.5,3,0,120.0,3,5886.68,5886.68
Super built-up  Area,Ready To Move,Talaghattapura,3 BHK,2106.0,3,2,126.0,3,5982.91,5982.91
Super built-up  Area,21-Mar,Talaghattapura,3 BHK,1868.0,3,1,121.0,3,6477.52,6477.52
Super built-up  Area,Ready To Move,Talaghattapura,3 BHK,2106.0,3,2,126.0,3,5982.91,5982.91
Super built-up  Area,21-Feb,Talaghattapura,3 BHK,1868.0,3,1,135.0,3,7226.98,7226.98
Super built-up  Area,18-Aug,Talaghattapura,3 BHK,1856.0,3,2,135.0,3,7273.71,7273.71
Super built-up  Area,21-Mar,Talaghattapura,3 BHK,1868.0,3,1,120.0,3,6423.98,6423.98
Super built-up  Area,21-Dec,Talaghattapura,3 BHK,1804.0,3,1,115.0,3,6374.72,6374.72
Super built-up  Area,18-Aug,Talaghattapura,3 BHK,1856.0,3,2,135.0,3,7273.71,7273.71
Super built-up  Area,21-Feb,Talaghattapura,3 BHK,2254.0,3,2,153.0,3,6787.93,6787.93
Super built-up  Area,21-Dec,Talaghattapura,3 BHK,2106.0,3,3,148.0,3,7027.54,7027.54
Super built-up  Area,18-Aug,Talaghattapura,3 BHK,1856.0,3,2,135.0,3,7273.71,7273.71
Super built-up  Area,21-Dec,Talaghattapura,3 BHK,2273.0,3,3,159.0,3,6995.16,6995.16
Super built-up  Area,21-Dec,Talaghattapura,3 BHK,2099.0,3,3,147.0,3,7003.33,7003.33
Built-up  Area,Ready To Move,Talaghattapura,2 BHK,1100.0,2,0,50.0,2,4545.45,4545.45
Super built-up  Area,Ready To Move,Talaghattapura,2 BHK,1100.0,2,1,49.49,2,4499.09,4499.09
Super built-up  Area,Ready To Move,Talaghattapura,3 BHK,1575.0,3,2,80.0,3,5079.37,5079.37
Super built-up  Area,21-Dec,Talaghattapura,3 BHK,2273.0,3,2,145.0,3,6379.23,6379.23
Super built-up  Area,Ready To Move,Talaghattapura,2 BHK,1175.0,2,2,62.0,2,5276.6,5276.6
Super built-up  Area,21-Dec,Talaghattapura,3 BHK,1804.0,3,2,127.0,3,7039.91,7039.91
Super built-up  Area,Ready To Move,Talaghattapura,2 BHK,1062.0,2,1,42.48,2,4000.0,4000.0
Super built-up  Area,18-May,Talaghattapura,3 BHK,2038.5,3,0,122.0,3,5984.79,5984.79
Built-up  Area,18-Dec,Talaghattapura,3 Bedroom,1800.0,3,1,84.0,3,4666.67,4666.67
Super built-up  Area,21-Dec,Talaghattapura,3 BHK,2265.0,3,3,159.0,3,7019.87,7019.87
Super built-up  Area,21-Dec,Talaghattapura,3 BHK,2099.0,3,2,134.0,3,6383.99,6383.99
Super built-up  Area,18-Nov,Thanisandra,1 RK,510.0,1,0,25.25,1,4950.98,4950.98
Super built-up  Area,17-Aug,Thanisandra,2 BHK,1296.0,2,3,80.0,2,6172.84,6172.84
Super built-up  Area,Ready To Move,Thanisandra,3 BHK,2144.0,3,2,145.0,3,6763.06,6763.06
Super built-up  Area,Ready To Move,Thanisandra,1 RK,445.0,1,0,28.0,1,6292.13,6292.13
Super built-up  Area,Ready To Move,Thanisandra,2 BHK,1296.0,2,2,83.0,2,6404.32,6404.32
Super built-up  Area,Ready To Move,Thanisandra,3 BHK,2144.0,3,2,135.0,3,6296.64,6296.64
Super built-up  Area,Ready To Move,Thanisandra,2 BHK,1093.0,2,2,70.0,2,6404.39,6404.39
Super built-up  Area,Ready To Move,Thanisandra,3 BHK,1265.0,2,1,79.0,3,6245.06,6245.06
Super built-up  Area,Ready To Move,Thanisandra,3 BHK,1651.0,3,3,97.38,3,5898.24,5898.24
Super built-up  Area,Ready To Move,Thanisandra,2 BHK,1265.0,2,2,85.0,2,6719.37,6719.37
Super built-up  Area,21-Nov,Thanisandra,1 RK,510.0,1,1,25.25,1,4950.98,4950.98
Super built-up  Area,Ready To Move,Thanisandra,1 BHK,776.5,1,1,48.145,1,6200.26,6200.26
Super built-up  Area,Ready To Move,Thanisandra,3 BHK,1564.0,3,1,101.0,3,6457.8,6457.8
Super built-up  Area,Ready To Move,Thanisandra,3 BHK,1847.0,3,2,123.0,3,6659.45,6659.45
Super built-up  Area,Ready To Move,Thanisandra,3 BHK,1697.0,3,2,114.0,3,6717.74,6717.74
Built-up  Area,Ready To Move,Thanisandra,6 Bedroom,3500.0,5,0,160.0,6,4571.43,4571.43
Super built-up  Area,17-Jul,Thanisandra,3 BHK,1573.0,3,2,95.0,3,6039.42,6039.42
Super built-up  Area,Ready To Move,Thanisandra,3 BHK,1917.0,3,3,122.0,3,6364.11,6364.11
Super built-up  Area,21-Dec,Thanisandra,1 BHK,693.0,1,1,34.3,1,4949.49,4949.49
Super built-up  Area,Ready To Move,Thanisandra,2 BHK,1098.0,2,1,68.0,2,6193.08,6193.08
Super built-up  Area,Ready To Move,Thanisandra,1 BHK,760.0,1,2,50.3,1,6618.42,6618.42
Super built-up  Area,Ready To Move,Thanisandra,3 BHK,2002.0,3,2,112.0,3,5594.41,5594.41
Super built-up  Area,Ready To Move,Thanisandra,3 BHK,1697.0,3,2,115.0,3,6776.66,6776.66
Plot  Area,Ready To Move,Thanisandra,1 Bedroom,1380.0,1,1,62.1,1,4500.0,4500.0
Super built-up  Area,19-Mar,Thanisandra,1 BHK,923.0,1,1,60.84,1,6591.55,6591.55
Built-up  Area,21-Dec,Thanisandra,1 BHK,923.0,1,1,45.69,1,4950.16,4950.16
Super built-up  Area,18-Feb,Thanisandra,2 BHK,1296.0,2,2,72.0,2,5555.56,5555.56
Super built-up  Area,Ready To Move,Thanisandra,3 BHK,1698.0,3,2,102.0,3,6007.07,6007.07
Super built-up  Area,19-Mar,Thanisandra,3 BHK,1411.0,3,1,93.04,3,6593.91,6593.91
Super built-up  Area,Ready To Move,Thanisandra,3 BHK,1996.0,3,2,135.0,3,6763.53,6763.53
Super built-up  Area,Ready To Move,Thanisandra,3 BHK,1801.0,3,1,115.0,3,6385.34,6385.34
Super built-up  Area,Ready To Move,Thanisandra,2 BHK,1265.0,2,2,82.0,2,6482.21,6482.21
Super built-up  Area,18-Apr,Thanisandra,3 BHK,1917.0,4,2,113.0,3,5894.63,5894.63
Super built-up  Area,Ready To Move,Thanisandra,1 BHK,662.0,1,1,42.0,1,6344.41,6344.41
Super built-up  Area,18-May,Thanisandra,3 BHK,1948.0,3,2,130.0,3,6673.51,6673.51
Super built-up  Area,17-Oct,Thanisandra,2 BHK,1098.0,2,1,74.0,2,6739.53,6739.53
Super built-up  Area,Ready To Move,Thanisandra,3 BHK,1564.0,3,1,104.0,3,6649.62,6649.62
Super built-up  Area,Ready To Move,Thanisandra,3 BHK,2127.0,3,2,135.0,3,6346.97,6346.97
Super built-up  Area,Ready To Move,Thanisandra,2 BHK,1276.0,2,2,75.0,2,5877.74,5877.74
Built-up  Area,21-Dec,Thanisandra,1 BHK,693.0,1,1,34.3,1,4949.49,4949.49
Super built-up  Area,19-Dec,Thanisandra,4 BHK,2259.0,5,2,135.0,4,5976.1,5976.1
Super built-up  Area,Ready To Move,Thanisandra,2 BHK,1265.0,2,1,78.0,2,6166.01,6166.01
Super built-up  Area,Ready To Move,Thanisandra,2 BHK,934.0,2,2,55.0,2,5888.65,5888.65
Super built-up  Area,Ready To Move,Thanisandra,2 BHK,1056.0,2,2,68.0,2,6439.39,6439.39
Built-up  Area,18-Aug,Thanisandra,3 BHK,1595.0,3,1,110.0,3,6896.55,6896.55
Super built-up  Area,19-Mar,Thanisandra,3 BHK,1411.0,3,1,93.15,3,6601.7,6601.7
Super built-up  Area,18-Feb,Thanisandra,2 BHK,1093.0,2,1,68.1,2,6230.56,6230.56
Super built-up  Area,Ready To Move,Thanisandra,2 BHK,1093.0,2,2,72.0,2,6587.37,6587.37
Super built-up  Area,Ready To Move,Thanisandra,3 BHK,1698.0,3,2,107.0,3,6301.53,6301.53
Super built-up  Area,Ready To Move,Thanisandra,3 BHK,1564.0,3,1,105.0,3,6713.55,6713.55
Super built-up  Area,18-Apr,Thanisandra,2 BHK,1265.0,2,1,83.0,2,6561.26,6561.26
Super built-up  Area,Ready To Move,Thanisandra,1 BHK,784.0,1,0,35.285,1,4500.64,4500.64
Super built-up  Area,Ready To Move,Thanisandra,2 BHK,965.0,2,1,56.0,2,5803.11,5803.11
Super built-up  Area,19-Dec,Thanisandra,3 BHK,1546.0,3,1,95.0,3,6144.89,6144.89
Super built-up  Area,18-Nov,Thanisandra,1 BHK,777.0,1,0,38.535,1,4959.46,4959.46
Super built-up  Area,Ready To Move,Thanisandra,3 BHK,1697.0,3,2,110.0,3,6482.03,6482.03
Built-up  Area,Ready To Move,Thanisandra,3 BHK,1492.0,3,1,88.0,3,5898.12,5898.12
Built-up  Area,Ready To Move,Thanisandra,3 BHK,2072.0,3,2,122.0,3,5888.03,5888.03
Super built-up  Area,Ready To Move,Thanisandra,3 BHK,1880.0,3,3,120.0,3,6382.98,6382.98
Super built-up  Area,Ready To Move,Thanisandra,1 BHK,760.0,1,2,50.0,1,6578.95,6578.95
Super built-up  Area,Ready To Move,Thanisandra,1 BHK,933.0,2,1,58.0,1,6216.51,6216.51
Super built-up  Area,Ready To Move,Thanisandra,3 BHK,1917.0,3,2,110.0,3,5738.13,5738.13
Super built-up  Area,19-May,Thanisandra,3 BHK,1996.0,4,1,123.0,3,6162.32,6162.32
Super built-up  Area,19-Mar,Thanisandra,2 BHK,1183.0,2,1,77.25,2,6530.01,6530.01
Built-up  Area,Ready To Move,Thanisandra,3 BHK,1491.0,3,1,88.0,3,5902.08,5902.08
Super built-up  Area,Ready To Move,Thanisandra,1 BHK,662.0,1,1,29.0,1,4380.66,4380.66
Super built-up  Area,Ready To Move,Thanisandra,3 BHK,1564.0,3,2,100.0,3,6393.86,6393.86
Built-up  Area,Ready To Move,Thanisandra,1 BHK,662.0,1,0,45.0,1,6797.58,6797.58
Super built-up  Area,Ready To Move,Thanisandra,3 BHK,1573.0,3,2,98.0,3,6230.13,6230.13
Super built-up  Area,Ready To Move,Thanisandra,3 BHK,1262.0,2,1,83.0,3,6576.86,6576.86
Super built-up  Area,Ready To Move,Thanisandra,2 BHK,1056.0,2,2,65.0,2,6155.3,6155.3
Super built-up  Area,Ready To Move,Thanisandra,3 BHK,1702.0,3,2,115.0,3,6756.76,6756.76
Super built-up  Area,Ready To Move,Thanisandra,2 BHK,1343.0,2,2,75.0,2,5584.51,5584.51
Super built-up  Area,Ready To Move,Thanisandra,3 BHK,1935.0,4,2,122.0,3,6304.91,6304.91
Super built-up  Area,18-Feb,Thanisandra,2 BHK,933.0,2,1,55.0,2,5894.96,5894.96
Super built-up  Area,19-Mar,Thanisandra,2 BHK,1183.0,2,1,77.3,2,6534.23,6534.23
Super built-up  Area,Ready To Move,Thanisandra,1 BHK,662.0,1,0,38.0,1,5740.18,5740.18
Super built-up  Area,18-Jan,Thanisandra,2 BHK,1265.0,2,1,72.0,2,5691.7,5691.7
Super built-up  Area,Ready To Move,Thanisandra,3 BHK,1595.0,3,1,105.0,3,6583.07,6583.07
Super built-up  Area,18-May,Thanisandra,1 BHK,580.0,1,1,27.5,1,4741.38,4741.38
Super built-up  Area,17-Jan,Thanisandra,3 BHK,2087.0,4,2,139.0,3,6660.28,6660.28
Super built-up  Area,Ready To Move,Thanisandra,2 BHK,1098.0,2,1,71.0,2,6466.3,6466.3
Super built-up  Area,18-Dec,Thanisandra,3 BHK,1411.0,3,1,93.25,3,6608.79,6608.79
Super built-up  Area,18-Dec,Thanisandra,3 BHK,1732.0,3,1,112.0,3,6466.51,6466.51
Super built-up  Area,18-May,Thanisandra,1 BHK,933.0,1,1,61.0,1,6538.05,6538.05
Super built-up  Area,Ready To Move,Thanisandra,3 BHK,1702.0,3,2,107.0,3,6286.72,6286.72
Super built-up  Area,19-Dec,Thanisandra,1 BHK,747.0,1,0,34.355,1,4599.06,4599.06
Super built-up  Area,19-May,Thanisandra,3 BHK,2030.0,4,1,125.0,3,6157.64,6157.64
Built-up  Area,Ready To Move,Thanisandra,4 BHK,1948.0,4,2,129.0,4,6622.18,6622.18
Built-up  Area,18-Apr,Thanisandra,3 BHK,1573.0,3,1,90.0,3,5721.55,5721.55
Super built-up  Area,Ready To Move,Thanisandra,2 BHK,1056.0,2,2,70.0,2,6628.79,6628.79
Super built-up  Area,18-May,Thanisandra,3 BHK,1595.0,3,2,96.0,3,6018.81,6018.81
Super built-up  Area,19-Mar,Thanisandra,2 BHK,1245.0,2,1,83.05,2,6670.68,6670.68
Super built-up  Area,Ready To Move,Thanisandra,3 BHK,1261.0,2,1,80.0,3,6344.17,6344.17
Super built-up  Area,Ready To Move,Thanisandra,3 BHK,1884.0,4,2,117.0,3,6210.19,6210.19
Super built-up  Area,Ready To Move,Thanisandra,2 BHK,965.0,2,1,54.0,2,5595.85,5595.85
Super built-up  Area,Ready To Move,Thanisandra,3 BHK,1930.0,4,2,122.0,3,6321.24,6321.24
Super built-up  Area,18-Nov,Thanisandra,1 BHK,777.0,1,0,38.46,1,4949.81,4949.81
Super built-up  Area,Ready To Move,Thanisandra,3 BHK,1930.0,4,2,120.0,3,6217.62,6217.62
Super built-up  Area,Ready To Move,Thanisandra,1 BHK,760.0,1,2,50.4,1,6631.58,6631.58
Super built-up  Area,21-Dec,Thanisandra,1 BHK,663.0,1,0,32.82,1,4950.23,4950.23
Super built-up  Area,Ready To Move,Thanisandra,3 BHK,1801.0,3,2,115.0,3,6385.34,6385.34
Built-up  Area,17-Dec,Thanisandra,4 Bedroom,3671.0,4,1,220.0,4,5992.92,5992.92
Super built-up  Area,Ready To Move,Thanisandra,2 BHK,1305.0,2,2,90.0,2,6896.55,6896.55
Super built-up  Area,Ready To Move,Thanisandra,3 BHK,1965.0,4,2,125.0,3,6361.32,6361.32
Super built-up  Area,17-Dec,Thanisandra,3 BHK,1573.0,3,2,100.0,3,6357.28,6357.28
Built-up  Area,18-Mar,Thanisandra,4 BHK,1917.0,4,2,130.0,4,6781.43,6781.43
Super built-up  Area,Ready To Move,Thigalarapalya,2 BHK,1297.0,2,2,103.0,2,7941.4,7941.4
Super built-up  Area,Ready To Move,Thigalarapalya,2 BHK,1418.0,2,2,95.0,2,6699.58,6699.58
Super built-up  Area,Ready To Move,Thigalarapalya,2 BHK,1418.0,2,2,103.0,2,7263.75,7263.75
Super built-up  Area,Ready To Move,Thigalarapalya,2 BHK,1418.0,2,2,101.0,2,7122.71,7122.71
Super built-up  Area,Ready To Move,Thigalarapalya,2 BHK,1418.0,2,2,104.0,2,7334.27,7334.27
Super built-up  Area,Ready To Move,Thigalarapalya,4 BHK,3122.0,5,2,225.0,4,7206.92,7206.92
Super built-up  Area,Ready To Move,Thigalarapalya,2 BHK,1418.0,2,2,103.0,2,7263.75,7263.75
Super built-up  Area,Ready To Move,Thigalarapalya,3 BHK,2072.0,4,2,159.0,3,7673.75,7673.75
Super built-up  Area,Ready To Move,Thigalarapalya,2 BHK,1418.0,2,2,106.0,2,7475.32,7475.32
Super built-up  Area,Ready To Move,Thigalarapalya,2 BHK,1418.0,2,2,104.0,2,7334.27,7334.27
Super built-up  Area,Ready To Move,Thigalarapalya,2 BHK,1418.0,2,2,105.0,2,7404.8,7404.8
Super built-up  Area,Ready To Move,Thigalarapalya,2 BHK,1418.0,2,2,104.0,2,7334.27,7334.27
Super built-up  Area,Ready To Move,Thigalarapalya,2 BHK,1418.0,2,2,106.0,2,7475.32,7475.32
Super built-up  Area,Ready To Move,Thigalarapalya,3 BHK,2072.0,4,2,155.0,3,7480.69,7480.69
Super built-up  Area,Ready To Move,Thigalarapalya,3 BHK,1830.0,4,2,135.0,3,7377.05,7377.05
Super built-up  Area,Ready To Move,Thigalarapalya,2 BHK,1418.0,2,2,105.0,2,7404.8,7404.8
Super built-up  Area,Ready To Move,Thigalarapalya,3 BHK,2072.0,4,2,160.0,3,7722.01,7722.01
Super built-up  Area,Ready To Move,Thigalarapalya,3 BHK,2072.0,4,2,160.0,3,7722.01,7722.01
Super built-up  Area,Ready To Move,Thigalarapalya,3 BHK,2072.0,4,2,155.0,3,7480.69,7480.69
Super built-up  Area,Ready To Move,Thigalarapalya,3 BHK,2072.0,4,2,153.0,3,7384.17,7384.17
Super built-up  Area,Ready To Move,Thigalarapalya,3 BHK,2072.0,4,2,157.0,3,7577.22,7577.22
Super built-up  Area,Ready To Move,Thigalarapalya,2 BHK,1418.0,2,2,105.0,2,7404.8,7404.8
Built-up  Area,Ready To Move,Thigalarapalya,4 BHK,3362.0,5,2,249.0,4,7406.31,7406.31
Super built-up  Area,Ready To Move,Thigalarapalya,4 BHK,4190.0,4,1,325.0,4,7756.56,7756.56
Super built-up  Area,Ready To Move,Thigalarapalya,2 BHK,1400.0,2,2,105.0,2,7500.0,7500.0
Super built-up  Area,Ready To Move,Thigalarapalya,2 BHK,1297.0,2,2,98.0,2,7555.9,7555.9
Built-up  Area,Ready To Move,Thubarahalli,4 Bedroom,3800.0,4,3,239.0,4,6289.47,6289.47
Super built-up  Area,Ready To Move,Thubarahalli,2 BHK,1200.0,2,2,78.0,2,6500.0,6500.0
Super built-up  Area,Ready To Move,Thubarahalli,2 BHK,1128.0,2,2,75.0,2,6648.94,6648.94
Built-up  Area,Ready To Move,Thubarahalli,2 BHK,1185.0,2,2,65.0,2,5485.23,5485.23
Built-up  Area,Ready To Move,Thubarahalli,2 BHK,975.0,2,1,55.0,2,5641.03,5641.03
Super built-up  Area,Ready To Move,Thubarahalli,2 BHK,1330.0,2,1,75.0,2,5639.1,5639.1
Super built-up  Area,Ready To Move,Thubarahalli,2 BHK,1085.0,2,1,70.0,2,6451.61,6451.61
Built-up  Area,Ready To Move,Thubarahalli,2 BHK,1216.0,2,1,80.0,2,6578.95,6578.95
Super built-up  Area,Ready To Move,Thubarahalli,2 BHK,1200.0,2,2,79.0,2,6583.33,6583.33
Super built-up  Area,Ready To Move,Thubarahalli,2 BHK,1200.0,2,2,80.0,2,6666.67,6666.67
Super built-up  Area,Ready To Move,Thubarahalli,2 BHK,1200.0,2,2,79.55,2,6629.17,6629.17
Built-up  Area,Ready To Move,Thubarahalli,3 BHK,2625.0,3,3,175.0,3,6666.67,6666.67
Super built-up  Area,Ready To Move,Thubarahalli,2 BHK,975.0,2,1,50.0,2,5128.21,5128.21
Super built-up  Area,Ready To Move,Thubarahalli,3 BHK,1584.0,3,2,101.0,3,6376.26,6376.26
Plot  Area,Ready To Move,Tindlu,3 Bedroom,1500.0,2,1,87.0,3,5800.0,5800.0
Built-up  Area,Ready To Move,Tindlu,7 Bedroom,7500.0,7,2,400.0,7,5333.33,5333.33
Super built-up  Area,Ready To Move,Tindlu,3 BHK,1357.0,2,2,65.0,3,4789.98,4789.98
Plot  Area,Ready To Move,Tindlu,3 Bedroom,1500.0,3,1,87.0,3,5800.0,5800.0
Built-up  Area,Ready To Move,Tindlu,3 BHK,1370.07,3,1,65.0,3,4744.28,4744.28
Built-up  Area,Ready To Move,Tindlu,2 BHK,1165.0,2,2,59.8,2,5133.05,5133.05
Super built-up  Area,Ready To Move,Tindlu,2 BHK,1050.0,2,2,55.0,2,5238.1,5238.1
Super built-up  Area,Ready To Move,Tindlu,2 BHK,1100.0,2,2,55.0,2,5000.0,5000.0
Super built-up  Area,Ready To Move,Tumkur Road,3 BHK,1500.0,3,3,95.0,3,6333.33,6333.33
Super built-up  Area,Ready To Move,Tumkur Road,3 BHK,1779.0,3,2,112.0,3,6295.67,6295.67
Super built-up  Area,21-Jan,Tumkur Road,3 BHK,1586.0,3,1,100.0,3,6305.17,6305.17
Super built-up  Area,Ready To Move,Tumkur Road,2 BHK,1098.0,2,1,72.0,2,6557.38,6557.38
Super built-up  Area,Ready To Move,Tumkur Road,3 BHK,1354.0,3,1,90.0,3,6646.97,6646.97
Super built-up  Area,Ready To Move,Tumkur Road,3 BHK,1240.0,2,1,84.0,3,6774.19,6774.19
Super built-up  Area,21-Jan,Tumkur Road,2 BHK,1239.0,2,1,82.0,2,6618.24,6618.24
Super built-up  Area,21-Jan,Tumkur Road,2 BHK,1246.0,2,1,82.0,2,6581.06,6581.06
Super built-up  Area,Ready To Move,Tumkur Road,3 BHK,1500.0,3,3,100.0,3,6666.67,6666.67
Super built-up  Area,Ready To Move,Tumkur Road,3 BHK,1416.0,3,1,94.0,3,6638.42,6638.42
Super built-up  Area,17-Dec,Tumkur Road,2 BHK,1027.0,2,1,60.0,2,5842.26,5842.26
Super built-up  Area,Ready To Move,Tumkur Road,2 BHK,1027.0,2,1,68.62,2,6681.6,6681.6
Super built-up  Area,Ready To Move,Tumkur Road,3 BHK,1459.0,2,1,95.0,3,6511.31,6511.31
Super built-up  Area,Ready To Move,Tumkur Road,2 BHK,992.0,2,1,60.0,2,6048.39,6048.39
Super built-up  Area,Ready To Move,Tumkur Road,2 BHK,1066.0,2,2,52.5,2,4924.95,4924.95
Super built-up  Area,Ready To Move,Tumkur Road,3 BHK,1240.0,2,1,79.0,3,6370.97,6370.97
Super built-up  Area,21-Jan,Tumkur Road,3 BHK,1441.0,2,1,95.0,3,6592.64,6592.64
Super built-up  Area,18-Apr,Tumkur Road,3 BHK,1240.0,2,1,83.0,3,6693.55,6693.55
Super built-up  Area,18-May,Tumkur Road,2 BHK,1027.0,2,1,67.0,2,6523.86,6523.86
Super built-up  Area,Ready To Move,Tumkur Road,3 BHK,1354.0,3,1,85.86,3,6341.21,6341.21
Super built-up  Area,Ready To Move,Ulsoor,3 BHK,2135.0,3,2,215.0,3,10070.26,10070.26
Built-up  Area,Ready To Move,Ulsoor,2 BHK,1275.0,2,1,120.0,2,9411.76,9411.76
Built-up  Area,Ready To Move,Ulsoor,3 BHK,1020.0,3,2,110.0,3,10784.31,10784.31
Super built-up  Area,18-Feb,Ulsoor,2 BHK,1200.0,2,0,60.0,2,5000.0,5000.0
Built-up  Area,Ready To Move,Ulsoor,2 BHK,1180.0,2,2,100.0,2,8474.58,8474.58
Built-up  Area,Ready To Move,Ulsoor,3 BHK,1340.0,3,0,90.0,3,6716.42,6716.42
Super built-up  Area,Ready To Move,Ulsoor,3 BHK,1500.0,2,2,125.0,3,8333.33,8333.33
Super built-up  Area,Ready To Move,Ulsoor,3 BHK,2000.0,3,3,185.0,3,9250.0,9250.0
Super built-up  Area,Ready To Move,Ulsoor,2 BHK,1255.0,2,3,120.0,2,9561.75,9561.75
Super built-up  Area,Ready To Move,Ulsoor,3 BHK,1685.0,4,2,185.0,3,10979.23,10979.23
Super built-up  Area,Ready To Move,Ulsoor,3 BHK,2135.0,3,2,170.0,3,7962.53,7962.53
Plot  Area,Ready To Move,Ulsoor,2 Bedroom,1160.0,2,1,130.0,2,11206.9,11206.9
Built-up  Area,Ready To Move,Uttarahalli,3 BHK,1440.0,2,3,62.0,3,4305.56,4305.56
Built-up  Area,Ready To Move,Uttarahalli,2 BHK,1143.0,2,2,45.0,2,3937.01,3937.01
Built-up  Area,Ready To Move,Uttarahalli,2 BHK,1020.0,2,2,45.0,2,4411.76,4411.76
Super built-up  Area,Ready To Move,Uttarahalli,2 BHK,1286.0,2,2,63.0,2,4898.91,4898.91
Super built-up  Area,Ready To Move,Uttarahalli,2 BHK,1101.0,2,0,45.0,2,4087.19,4087.19
Built-up  Area,19-Dec,Uttarahalli,2 BHK,1345.0,2,1,67.0,2,4981.41,4981.41
Super built-up  Area,Ready To Move,Uttarahalli,2 BHK,1175.0,2,2,47.0,2,4000.0,4000.0
Super built-up  Area,Ready To Move,Uttarahalli,3 BHK,1390.0,2,2,62.55,3,4500.0,4500.0
Super built-up  Area,Ready To Move,Uttarahalli,3 BHK,1330.0,2,1,56.0,3,4210.53,4210.53
Super built-up  Area,Ready To Move,Uttarahalli,2 BHK,1008.0,2,3,45.0,2,4464.29,4464.29
Super built-up  Area,Ready To Move,Uttarahalli,3 BHK,1390.0,2,2,60.47,3,4350.36,4350.36
Super built-up  Area,Ready To Move,Uttarahalli,3 BHK,1617.0,3,3,66.68,3,4123.69,4123.69
Built-up  Area,Ready To Move,Uttarahalli,2 BHK,1150.0,2,1,49.0,2,4260.87,4260.87
Super built-up  Area,Ready To Move,Uttarahalli,3 BHK,1330.0,2,1,56.0,3,4210.53,4210.53
Super built-up  Area,Ready To Move,Uttarahalli,2 BHK,1200.0,2,2,44.0,2,3666.67,3666.67
Built-up  Area,Ready To Move,Uttarahalli,2 BHK,882.0,2,1,30.0,2,3401.36,3401.36
Super built-up  Area,Ready To Move,Uttarahalli,2 BHK,993.0,2,1,39.71,2,3998.99,3998.99
Super built-up  Area,Ready To Move,Uttarahalli,2 BHK,1045.0,2,1,45.0,2,4306.22,4306.22
Built-up  Area,Ready To Move,Uttarahalli,2 BHK,850.0,2,2,37.93,2,4462.35,4462.35
Super built-up  Area,Ready To Move,Uttarahalli,6 BHK,3600.0,6,2,120.0,6,3333.33,3333.33
Super built-up  Area,Ready To Move,Uttarahalli,3 BHK,1788.0,3,2,98.34,3,5500.0,5500.0
Super built-up  Area,Ready To Move,Uttarahalli,3 BHK,1345.0,2,1,57.0,3,4237.92,4237.92
Super built-up  Area,Ready To Move,Uttarahalli,2 BHK,1089.0,2,1,43.55,2,3999.08,3999.08
Super built-up  Area,Ready To Move,Uttarahalli,2 BHK,1279.0,2,2,48.0,2,3752.93,3752.93
Super built-up  Area,Ready To Move,Uttarahalli,3 BHK,1425.0,2,2,64.0,3,4491.23,4491.23
Super built-up  Area,Ready To Move,Uttarahalli,2 BHK,1155.0,2,2,40.42,2,3499.57,3499.57
Super built-up  Area,Ready To Move,Uttarahalli,2 BHK,1050.0,2,1,42.0,2,4000.0,4000.0
Super built-up  Area,Ready To Move,Uttarahalli,3 BHK,1300.0,2,1,55.0,3,4230.77,4230.77
Built-up  Area,Ready To Move,Uttarahalli,3 BHK,1250.0,2,1,55.0,3,4400.0,4400.0
Carpet  Area,Ready To Move,Uttarahalli,3 BHK,1700.0,3,2,88.0,3,5176.47,5176.47
Built-up  Area,Ready To Move,Uttarahalli,3 BHK,1200.0,3,1,50.0,3,4166.67,4166.67
Built-up  Area,Ready To Move,Uttarahalli,2 BHK,1085.0,2,2,43.0,2,3963.13,3963.13
Super built-up  Area,Ready To Move,Uttarahalli,2 BHK,1175.0,2,1,47.0,2,4000.0,4000.0
Super built-up  Area,Ready To Move,Uttarahalli,3 BHK,1689.28,3,2,91.2,3,5398.75,5398.75
Super built-up  Area,Ready To Move,Uttarahalli,2 BHK,1175.0,2,1,47.0,2,4000.0,4000.0
Super built-up  Area,20-Dec,Uttarahalli,2 BHK,1137.0,2,1,63.0,2,5540.9,5540.9
Super built-up  Area,Ready To Move,Uttarahalli,3 BHK,1215.0,2,2,52.85,3,4349.79,4349.79
Super built-up  Area,18-Dec,Uttarahalli,2 BHK,1325.0,2,1,53.0,2,4000.0,4000.0
Super built-up  Area,Ready To Move,Uttarahalli,3 BHK,1300.0,2,2,60.0,3,4615.38,4615.38
Built-up  Area,Ready To Move,Uttarahalli,2 BHK,850.0,2,2,35.0,2,4117.65,4117.65
Super built-up  Area,Ready To Move,Uttarahalli,3 BHK,1627.86,3,2,88.0,3,5405.87,5405.87
Super built-up  Area,Ready To Move,Uttarahalli,3 BHK,1360.0,2,3,61.2,3,4500.0,4500.0
Super built-up  Area,20-Dec,Uttarahalli,1 BHK,661.0,1,1,36.0,1,5446.29,5446.29
Super built-up  Area,Ready To Move,Uttarahalli,2 BHK,1134.0,2,1,45.36,2,4000.0,4000.0
Super built-up  Area,18-Oct,Uttarahalli,3 BHK,1320.0,2,3,55.44,3,4200.0,4200.0
Super built-up  Area,Ready To Move,Uttarahalli,3 BHK,1390.0,2,2,61.16,3,4400.0,4400.0
Built-up  Area,Ready To Move,Uttarahalli,2 BHK,1090.0,2,2,45.0,2,4128.44,4128.44
Super built-up  Area,Ready To Move,Uttarahalli,2 BHK,1050.0,2,1,42.0,2,4000.0,4000.0
Super built-up  Area,Ready To Move,Uttarahalli,2 BHK,1123.0,2,1,48.0,2,4274.27,4274.27
Super built-up  Area,Ready To Move,Uttarahalli,3 BHK,1329.0,2,1,56.0,3,4213.69,4213.69
Super built-up  Area,Ready To Move,Uttarahalli,2 BHK,938.0,2,0,35.0,2,3731.34,3731.34
Super built-up  Area,Ready To Move,Uttarahalli,2 BHK,1100.0,1,2,45.0,2,4090.91,4090.91
Super built-up  Area,Ready To Move,Uttarahalli,2 BHK,1125.0,2,1,47.0,2,4177.78,4177.78
Super built-up  Area,Ready To Move,Uttarahalli,3 BHK,1685.0,3,2,85.0,3,5044.51,5044.51
Super built-up  Area,Ready To Move,Uttarahalli,3 BHK,1390.0,2,3,62.55,3,4500.0,4500.0
Super built-up  Area,Ready To Move,Uttarahalli,2 BHK,1180.0,2,1,41.3,2,3500.0,3500.0
Super built-up  Area,Ready To Move,Uttarahalli,2 BHK,1380.0,2,1,42.0,2,3043.48,3043.48
Super built-up  Area,Ready To Move,Uttarahalli,3 BHK,1737.0,2,3,95.0,3,5469.2,5469.2
Built-up  Area,Ready To Move,Uttarahalli,2 BHK,1160.0,2,2,45.0,2,3879.31,3879.31
Super built-up  Area,18-Apr,Uttarahalli,3 BHK,1280.0,2,2,60.0,3,4687.5,4687.5
Super built-up  Area,Ready To Move,Uttarahalli,2 BHK,1190.0,2,1,53.55,2,4500.0,4500.0
Super built-up  Area,Ready To Move,Uttarahalli,3 BHK,1330.0,2,1,57.0,3,4285.71,4285.71
Super built-up  Area,Ready To Move,Uttarahalli,3 BHK,1560.0,3,3,74.0,3,4743.59,4743.59
Super built-up  Area,Ready To Move,Uttarahalli,2 BHK,1125.0,2,1,48.0,2,4266.67,4266.67
Super built-up  Area,18-Oct,Uttarahalli,3 BHK,1320.0,2,2,55.44,3,4200.0,4200.0
Super built-up  Area,Ready To Move,Uttarahalli,2 BHK,1160.0,2,2,40.6,2,3500.0,3500.0
Super built-up  Area,Ready To Move,Uttarahalli,2 BHK,1065.0,2,1,42.59,2,3999.06,3999.06
Super built-up  Area,Ready To Move,Uttarahalli,2 BHK,1075.0,2,1,46.76,2,4349.77,4349.77
Super built-up  Area,Ready To Move,Uttarahalli,2 BHK,1155.0,2,1,40.6,2,3515.15,3515.15
Super built-up  Area,Ready To Move,Uttarahalli,3 BHK,1215.0,2,2,52.85,3,4349.79,4349.79
Super built-up  Area,Ready To Move,Uttarahalli,2 BHK,1180.0,2,1,41.3,2,3500.0,3500.0
Super built-up  Area,19-Jul,Uttarahalli,2 BHK,1002.0,2,1,40.08,2,4000.0,4000.0
Built-up  Area,Ready To Move,Uttarahalli,2 BHK,1002.0,2,1,40.08,2,4000.0,4000.0
Super built-up  Area,Ready To Move,Uttarahalli,2 BHK,1075.0,2,1,40.0,2,3720.93,3720.93
Super built-up  Area,Ready To Move,Uttarahalli,2 BHK,1155.0,2,2,40.43,2,3500.43,3500.43
Super built-up  Area,Ready To Move,Uttarahalli,2 BHK,1025.0,2,1,35.88,2,3500.49,3500.49
Super built-up  Area,Ready To Move,Uttarahalli,2 BHK,1125.0,2,1,47.65,2,4235.56,4235.56
Super built-up  Area,Ready To Move,Uttarahalli,2 BHK,1300.0,2,2,55.0,2,4230.77,4230.77
Super built-up  Area,Ready To Move,Uttarahalli,2 BHK,1025.0,2,1,35.88,2,3500.49,3500.49
Built-up  Area,Ready To Move,Uttarahalli,2 BHK,980.0,2,1,45.0,2,4591.84,4591.84
Super built-up  Area,Ready To Move,Uttarahalli,2 BHK,1125.0,2,1,47.0,2,4177.78,4177.78
Super built-up  Area,Ready To Move,Uttarahalli,2 BHK,1175.0,2,2,47.0,2,4000.0,4000.0
Super built-up  Area,18-May,Uttarahalli,3 BHK,1525.0,2,2,62.82,3,4119.34,4119.34
Super built-up  Area,Ready To Move,Uttarahalli,3 BHK,1265.0,2,2,65.0,3,5138.34,5138.34
Super built-up  Area,Ready To Move,Uttarahalli,2 BHK,1213.0,2,2,48.0,2,3957.13,3957.13
Super built-up  Area,Ready To Move,Uttarahalli,2 BHK,900.0,2,2,35.0,2,3888.89,3888.89
Super built-up  Area,18-Aug,Uttarahalli,2 BHK,1065.0,2,1,42.6,2,4000.0,4000.0
Super built-up  Area,Ready To Move,Uttarahalli,2 BHK,1125.0,2,1,47.0,2,4177.78,4177.78
Super built-up  Area,Ready To Move,Uttarahalli,3 BHK,1270.0,2,2,55.25,3,4350.39,4350.39
Super built-up  Area,Ready To Move,Uttarahalli,3 BHK,1270.0,2,1,55.25,3,4350.39,4350.39
Super built-up  Area,Ready To Move,Uttarahalli,2 BHK,1107.0,2,1,45.0,2,4065.04,4065.04
Built-up  Area,Ready To Move,Uttarahalli,2 BHK,1200.0,2,1,55.0,2,4583.33,4583.33
Super built-up  Area,Ready To Move,Uttarahalli,3 BHK,1460.0,3,3,76.0,3,5205.48,5205.48
Super built-up  Area,Ready To Move,Uttarahalli,3 BHK,1500.0,3,1,68.0,3,4533.33,4533.33
Built-up  Area,Ready To Move,Uttarahalli,2 BHK,1120.0,2,1,50.0,2,4464.29,4464.29
Super built-up  Area,Ready To Move,Uttarahalli,2 BHK,1150.0,2,1,46.0,2,4000.0,4000.0
Super built-up  Area,Ready To Move,Uttarahalli,3 BHK,1330.0,2,1,58.0,3,4360.9,4360.9
Super built-up  Area,Ready To Move,Uttarahalli,2 BHK,1050.0,2,1,42.0,2,4000.0,4000.0
Super built-up  Area,Ready To Move,Uttarahalli,2 BHK,1125.0,2,1,48.0,2,4266.67,4266.67
Super built-up  Area,Ready To Move,Uttarahalli,3 BHK,1345.0,2,1,57.0,3,4237.92,4237.92
Super built-up  Area,Ready To Move,Uttarahalli,3 BHK,1345.0,2,1,57.0,3,4237.92,4237.92
Built-up  Area,Ready To Move,Uttarahalli,2 BHK,1000.0,2,0,52.0,2,5200.0,5200.0
Super built-up  Area,17-Apr,Uttarahalli,2 BHK,1037.0,2,1,36.0,2,3471.55,3471.55
Super built-up  Area,Ready To Move,Uttarahalli,2 BHK,1000.0,2,2,39.5,2,3950.0,3950.0
Built-up  Area,Ready To Move,Uttarahalli,2 BHK,1125.0,1,2,45.0,2,4000.0,4000.0
Super built-up  Area,Ready To Move,Uttarahalli,2 BHK,1160.0,2,2,40.58,2,3498.28,3498.28
Built-up  Area,Ready To Move,Uttarahalli,2 BHK,1123.0,2,2,60.0,2,5342.83,5342.83
Built-up  Area,Ready To Move,Uttarahalli,2 BHK,1000.0,2,1,35.0,2,3500.0,3500.0
Super built-up  Area,Ready To Move,Uttarahalli,3 BHK,1330.0,2,1,57.0,3,4285.71,4285.71
Super built-up  Area,Ready To Move,Uttarahalli,2 BHK,1125.0,2,1,47.0,2,4177.78,4177.78
Built-up  Area,Ready To Move,Uttarahalli,2 BHK,1165.0,1,0,42.09,2,3612.88,3612.88
Super built-up  Area,Ready To Move,Uttarahalli,2 BHK,1260.0,2,2,55.0,2,4365.08,4365.08
Super built-up  Area,Ready To Move,Uttarahalli,2 BHK,1284.0,2,2,53.36,2,4155.76,4155.76
Super built-up  Area,Ready To Move,Uttarahalli,2 BHK,1150.0,2,1,45.99,2,3999.13,3999.13
Super built-up  Area,Ready To Move,Uttarahalli,3 BHK,1290.0,2,3,56.12,3,4350.39,4350.39
Super built-up  Area,Ready To Move,Uttarahalli,3 BHK,1328.0,2,1,56.0,3,4216.87,4216.87
Super built-up  Area,Ready To Move,Uttarahalli,2 BHK,1040.0,2,2,36.4,2,3500.0,3500.0
Super built-up  Area,Ready To Move,Uttarahalli,3 BHK,1290.0,2,2,56.12,3,4350.39,4350.39
Super built-up  Area,Ready To Move,Uttarahalli,2 BHK,1075.0,2,1,46.76,2,4349.77,4349.77
Super built-up  Area,Ready To Move,Uttarahalli,3 BHK,1345.0,2,1,57.0,3,4237.92,4237.92
Built-up  Area,Ready To Move,Varthur,2 BHK,1160.0,2,2,44.0,2,3793.1,3793.1
Super built-up  Area,17-Mar,Varthur,2 BHK,1385.0,2,3,80.0,2,5776.17,5776.17
Built-up  Area,Ready To Move,Varthur,2 BHK,1024.0,2,2,42.0,2,4101.56,4101.56
Super built-up  Area,Ready To Move,Varthur,2 BHK,1125.0,2,2,40.0,2,3555.56,3555.56
Super built-up  Area,Ready To Move,Varthur,2 BHK,1112.0,2,2,40.0,2,3597.12,3597.12
Super built-up  Area,20-Dec,Varthur,2 BHK,1055.0,2,2,45.35,2,4298.58,4298.58
Super built-up  Area,Ready To Move,Varthur,2 BHK,1280.0,2,1,65.0,2,5078.12,5078.12
Super built-up  Area,Ready To Move,Varthur,2 BHK,977.0,2,2,36.0,2,3684.75,3684.75
Super built-up  Area,Ready To Move,Varthur,3 BHK,1250.0,3,1,71.0,3,5680.0,5680.0
Plot  Area,18-Jul,Varthur,3 Bedroom,1200.0,3,1,67.75,3,5645.83,5645.83
Super built-up  Area,Ready To Move,Varthur,2 BHK,1111.0,2,2,41.88,2,3769.58,3769.58
Super built-up  Area,Ready To Move,Varthur,2 BHK,1140.0,2,3,55.5,2,4868.42,4868.42
Super built-up  Area,18-May,Varthur,2 BHK,1012.0,2,1,59.0,2,5830.04,5830.04
Super built-up  Area,Ready To Move,Varthur,2 BHK,1140.0,2,2,39.9,2,3500.0,3500.0
Super built-up  Area,Ready To Move,Varthur,2 BHK,1090.0,2,2,48.0,2,4403.67,4403.67
Super built-up  Area,Ready To Move,Varthur,3 BHK,1450.0,3,2,71.0,3,4896.55,4896.55
Built-up  Area,Ready To Move,Varthur,2 BHK,1210.0,2,1,60.0,2,4958.68,4958.68
Super built-up  Area,20-Dec,Varthur,2 BHK,1070.0,2,2,46.0,2,4299.07,4299.07
Super built-up  Area,Ready To Move,Varthur,3 BHK,1360.0,2,3,85.0,3,6250.0,6250.0
Super built-up  Area,Ready To Move,Varthur,2 BHK,965.0,2,1,34.0,2,3523.32,3523.32
Super built-up  Area,18-Apr,Varthur,2 BHK,1120.0,2,2,44.24,2,3950.0,3950.0
Super built-up  Area,Ready To Move,Varthur,3 BHK,1395.0,2,3,79.0,3,5663.08,5663.08
Super built-up  Area,18-Feb,Varthur,2 BHK,1085.0,2,1,45.0,2,4147.47,4147.47
Super built-up  Area,Ready To Move,Varthur,2 BHK,1250.0,2,2,47.0,2,3760.0,3760.0
Plot  Area,18-Jul,Varthur,3 Bedroom,1200.0,3,1,68.38,3,5698.33,5698.33
Built-up  Area,18-Apr,Varthur,2 BHK,1155.0,2,1,60.0,2,5194.81,5194.81
Super built-up  Area,Ready To Move,Varthur,2 BHK,1035.0,2,1,60.0,2,5797.1,5797.1
Super built-up  Area,Ready To Move,Varthur,2 BHK,1155.0,2,2,39.0,2,3376.62,3376.62
Super built-up  Area,18-Jan,Varthur,2 BHK,1180.0,2,2,55.0,2,4661.02,4661.02
Super built-up  Area,Ready To Move,Varthur,2 BHK,1738.0,2,1,57.35,2,3299.77,3299.77
Super built-up  Area,20-Dec,Varthur,2 BHK,1045.0,2,1,40.65,2,3889.95,3889.95
Super built-up  Area,Ready To Move,Varthur,2 BHK,1155.0,2,2,39.0,2,3376.62,3376.62
Super built-up  Area,18-Sep,Varthur,2 BHK,1210.0,2,1,64.15,2,5301.65,5301.65
Super built-up  Area,Ready To Move,Varthur,2 BHK,1105.0,2,3,38.0,2,3438.91,3438.91
Super built-up  Area,Ready To Move,Varthur,3 BHK,1560.0,3,2,90.0,3,5769.23,5769.23
Super built-up  Area,18-Jul,Varthur,2 BHK,1760.0,2,1,85.0,2,4829.55,4829.55
Super built-up  Area,Ready To Move,Varthur,2 BHK,1210.0,2,2,54.0,2,4462.81,4462.81
Super built-up  Area,Ready To Move,Varthur,2 BHK,1112.0,2,2,40.0,2,3597.12,3597.12
Super built-up  Area,18-May,Varthur,2 BHK,1000.0,1,1,65.0,2,6500.0,6500.0
Super built-up  Area,19-Dec,Varthur Road,2 BHK,900.0,2,1,27.0,2,3000.0,3000.0
Built-up  Area,Ready To Move,Varthur Road,2 BHK,1277.0,2,2,59.0,2,4620.2,4620.2
Super built-up  Area,Ready To Move,Varthur Road,3 BHK,1247.0,2,2,58.0,3,4651.16,4651.16
Super built-up  Area,Ready To Move,Varthur Road,2 BHK,1050.0,2,2,42.7,2,4066.67,4066.67
Super built-up  Area,18-Aug,Varthur Road,2 BHK,1255.0,2,2,52.76,2,4203.98,4203.98
Super built-up  Area,19-Dec,Varthur Road,2 BHK,1033.0,2,2,32.0,2,3097.77,3097.77
Super built-up  Area,18-Aug,Varthur Road,2 BHK,1140.0,2,2,49.11,2,4307.89,4307.89
Super built-up  Area,18-Dec,Varthur Road,2 BHK,850.0,2,1,25.4,2,2988.24,2988.24
Built-up  Area,Ready To Move,Vasanthapura,2 BHK,1022.0,2,2,40.0,2,3913.89,3913.89
Super built-up  Area,Ready To Move,Vasanthapura,2 BHK,1135.0,2,1,39.73,2,3500.44,3500.44
Super built-up  Area,Ready To Move,Vasanthapura,2 BHK,995.0,2,1,34.82,2,3499.5,3499.5
Super built-up  Area,Ready To Move,Vasanthapura,2 BHK,995.0,2,1,34.82,2,3499.5,3499.5
Super built-up  Area,Ready To Move,Vasanthapura,2 BHK,1037.0,2,1,36.28,2,3498.55,3498.55
Super built-up  Area,Ready To Move,Vasanthapura,2 BHK,978.0,2,1,34.22,2,3498.98,3498.98
Super built-up  Area,Ready To Move,Vasanthapura,2 BHK,1037.0,2,1,36.28,2,3498.55,3498.55
Plot  Area,Ready To Move,Vidyaranyapura,2 Bedroom,1440.0,2,0,95.0,2,6597.22,6597.22
Super built-up  Area,Ready To Move,Vidyaranyapura,2 BHK,1062.0,2,3,38.0,2,3578.15,3578.15
Built-up  Area,Ready To Move,Vidyaranyapura,2 BHK,1200.0,2,2,55.0,2,4583.33,4583.33
Plot  Area,Ready To Move,Vidyaranyapura,4 Bedroom,1200.0,4,0,90.0,4,7500.0,7500.0
Built-up  Area,Ready To Move,Vidyaranyapura,2 BHK,1060.0,2,2,55.0,2,5188.68,5188.68
Super built-up  Area,Ready To Move,Vidyaranyapura,2 BHK,1100.0,2,1,54.0,2,4909.09,4909.09
Built-up  Area,Ready To Move,Vidyaranyapura,3 BHK,1440.0,2,0,70.0,3,4861.11,4861.11
Super built-up  Area,Ready To Move,Vidyaranyapura,2 BHK,1100.0,2,1,54.0,2,4909.09,4909.09
Super built-up  Area,Ready To Move,Vidyaranyapura,2 BHK,1000.0,2,1,35.0,2,3500.0,3500.0
Built-up  Area,Ready To Move,Vidyaranyapura,2 BHK,1120.0,2,1,70.0,2,6250.0,6250.0
Built-up  Area,Ready To Move,Vidyaranyapura,2 BHK,945.0,2,1,40.0,2,4232.8,4232.8
Super built-up  Area,Ready To Move,Vidyaranyapura,2 BHK,1100.0,2,1,54.0,2,4909.09,4909.09
Super built-up  Area,Ready To Move,Vidyaranyapura,3 BHK,1200.0,2,2,65.0,3,5416.67,5416.67
Built-up  Area,Ready To Move,Vidyaranyapura,2 BHK,1200.0,2,2,52.0,2,4333.33,4333.33
Built-up  Area,Ready To Move,Vidyaranyapura,2 BHK,1050.0,2,1,50.0,2,4761.9,4761.9
Super built-up  Area,18-May,Vidyaranyapura,2 BHK,1188.0,2,1,50.0,2,4208.75,4208.75
Super built-up  Area,Ready To Move,Vidyaranyapura,3 BHK,1100.0,2,1,75.0,3,6818.18,6818.18
Super built-up  Area,Ready To Move,Vidyaranyapura,3 BHK,1100.0,2,2,72.0,3,6545.45,6545.45
Built-up  Area,Ready To Move,Vidyaranyapura,4 BHK,2400.0,5,1,135.0,4,5625.0,5625.0
Super built-up  Area,Ready To Move,Vidyaranyapura,2 BHK,1100.0,2,1,41.0,2,3727.27,3727.27
Super built-up  Area,Ready To Move,Vidyaranyapura,2 BHK,1200.0,2,2,60.5,2,5041.67,5041.67
Super built-up  Area,Ready To Move,Vidyaranyapura,2 BHK,1200.0,2,1,42.0,2,3500.0,3500.0
Super built-up  Area,21-Jun,Vijayanagar,3 BHK,1704.0,3,2,110.0,3,6455.4,6455.4
Super built-up  Area,21-Jun,Vijayanagar,3 BHK,1933.0,3,1,129.0,3,6673.56,6673.56
Super built-up  Area,Ready To Move,Vijayanagar,3 BHK,1450.0,3,0,100.0,3,6896.55,6896.55
Built-up  Area,Ready To Move,Vijayanagar,3 BHK,1580.0,2,0,134.0,3,8481.01,8481.01
Super built-up  Area,21-Jun,Vijayanagar,3 BHK,1826.0,3,2,121.0,3,6626.51,6626.51
Super built-up  Area,21-Jun,Vijayanagar,3 BHK,1739.0,3,1,116.0,3,6670.5,6670.5
Super built-up  Area,21-Jun,Vijayanagar,3 BHK,1490.0,3,2,100.0,3,6711.41,6711.41
Super built-up  Area,20-Jun,Vijayanagar,2 BHK,1180.0,2,2,65.0,2,5508.47,5508.47
Super built-up  Area,21-Jun,Vijayanagar,1 BHK,606.0,1,0,34.78,1,5739.27,5739.27
Super built-up  Area,Ready To Move,Vijayanagar,2 BHK,1352.0,2,2,68.0,2,5029.59,5029.59
Super built-up  Area,Ready To Move,Vijayanagar,3 BHK,1527.0,3,2,115.0,3,7531.11,7531.11
Built-up  Area,Ready To Move,Vijayanagar,2 BHK,989.0,2,0,60.0,2,6066.73,6066.73
Super built-up  Area,21-Jun,Vijayanagar,3 BHK,1520.0,2,1,103.0,3,6776.32,6776.32
Super built-up  Area,21-Jun,Vijayanagar,3 BHK,1749.0,3,1,117.0,3,6689.54,6689.54
Super built-up  Area,21-Jun,Vijayanagar,2 BHK,1046.0,2,1,75.0,2,7170.17,7170.17
Super built-up  Area,19-Dec,Vijayanagar,1 BHK,606.0,1,1,40.0,1,6600.66,6600.66
Super built-up  Area,Ready To Move,Vijayanagar,2 BHK,1200.0,2,2,62.0,2,5166.67,5166.67
Super built-up  Area,Ready To Move,Vijayanagar,3 BHK,1760.0,3,1,140.0,3,7954.55,7954.55
Super built-up  Area,21-Jun,Vijayanagar,3 BHK,2047.0,3,2,136.0,3,6643.87,6643.87
Super built-up  Area,Ready To Move,Vijayanagar,3 BHK,1200.0,2,1,75.0,3,6250.0,6250.0
Super built-up  Area,Ready To Move,Vijayanagar,2 BHK,1178.0,2,3,82.0,2,6960.95,6960.95
Built-up  Area,Ready To Move,Vijayanagar,2 BHK,864.0,2,0,45.0,2,5208.33,5208.33
Super built-up  Area,Ready To Move,Vijayanagar,2 BHK,920.0,2,2,60.0,2,6521.74,6521.74
Super built-up  Area,Ready To Move,Vijayanagar,2 BHK,1019.0,2,1,58.0,2,5691.85,5691.85
Plot  Area,Ready To Move,Vijayanagar,5 Bedroom,2400.0,6,3,125.0,5,5208.33,5208.33
Super built-up  Area,21-Jun,Vijayanagar,2 BHK,1180.0,2,1,86.0,2,7288.14,7288.14
Super built-up  Area,21-Jun,Vijayanagar,2 BHK,1046.0,2,0,49.06,2,4690.25,4690.25
Built-up  Area,Ready To Move,Vijayanagar,1 Bedroom,2400.0,2,0,230.0,1,9583.33,9583.33
Super built-up  Area,21-Jun,Vijayanagar,1 BHK,492.0,1,1,40.0,1,8130.08,8130.08
Plot  Area,Ready To Move,Vishveshwarya Layout,1 Bedroom,750.0,1,1,30.0,1,4000.0,4000.0
Built-up  Area,Ready To Move,Vishveshwarya Layout,4 BHK,2000.0,4,1,75.0,4,3750.0,3750.0
Super built-up  Area,Ready To Move,Vishveshwarya Layout,6 BHK,2100.0,6,0,92.0,6,4380.95,4380.95
Plot  Area,Ready To Move,Vishveshwarya Layout,4 Bedroom,2000.0,3,0,90.0,4,4500.0,4500.0
Super built-up  Area,Ready To Move,Vishwapriya Layout,2 BHK,820.0,2,1,30.0,2,3658.54,3658.54
Super built-up  Area,Ready To Move,Vishwapriya Layout,2 BHK,770.0,2,2,30.0,2,3896.1,3896.1
Super built-up  Area,Ready To Move,Vishwapriya Layout,2 BHK,910.0,2,3,36.0,2,3956.04,3956.04
Super built-up  Area,Ready To Move,Vishwapriya Layout,2 BHK,890.0,2,3,37.0,2,4157.3,4157.3
Super built-up  Area,Ready To Move,Vittasandra,2 BHK,1404.0,2,1,71.0,2,5056.98,5056.98
Super built-up  Area,Ready To Move,Vittasandra,2 BHK,1246.0,2,1,67.0,2,5377.21,5377.21
Super built-up  Area,Ready To Move,Vittasandra,2 BHK,1404.0,2,1,69.3,2,4935.9,4935.9
Super built-up  Area,Ready To Move,Vittasandra,2 BHK,1246.0,2,1,67.3,2,5401.28,5401.28
Super built-up  Area,Ready To Move,Vittasandra,2 BHK,1246.0,2,1,64.5,2,5176.57,5176.57
Super built-up  Area,Ready To Move,Vittasandra,2 BHK,1246.0,2,1,64.5,2,5176.57,5176.57
Super built-up  Area,Ready To Move,Vittasandra,2 BHK,1246.0,2,1,68.0,2,5457.46,5457.46
Super built-up  Area,Ready To Move,Vittasandra,2 BHK,1238.0,2,1,67.0,2,5411.95,5411.95
Super built-up  Area,Ready To Move,Vittasandra,2 BHK,1404.0,2,1,75.0,2,5341.88,5341.88
Super built-up  Area,Ready To Move,Vittasandra,2 BHK,1246.0,2,1,65.0,2,5216.69,5216.69
Super built-up  Area,Ready To Move,Vittasandra,2 BHK,1238.0,2,1,67.0,2,5411.95,5411.95
Super built-up  Area,Ready To Move,Vittasandra,2 BHK,1246.0,2,1,67.4,2,5409.31,5409.31
Super built-up  Area,Ready To Move,Vittasandra,2 BHK,1259.0,2,1,67.4,2,5353.46,5353.46
Super built-up  Area,Ready To Move,Vittasandra,2 BHK,1404.0,2,1,68.8,2,4900.28,4900.28
Super built-up  Area,Ready To Move,Vittasandra,2 BHK,1246.0,2,1,62.3,2,5000.0,5000.0
Super built-up  Area,Ready To Move,Vittasandra,2 BHK,1246.0,2,1,63.0,2,5056.18,5056.18
Super built-up  Area,Ready To Move,Vittasandra,2 BHK,1246.0,2,1,67.4,2,5409.31,5409.31
Super built-up  Area,Ready To Move,Vittasandra,2 BHK,1246.0,2,1,65.4,2,5248.8,5248.8
Super built-up  Area,Ready To Move,Vittasandra,2 BHK,1238.0,2,1,67.32,2,5437.8,5437.8
Super built-up  Area,Ready To Move,Vittasandra,2 BHK,1246.0,2,1,67.4,2,5409.31,5409.31
Super built-up  Area,Ready To Move,Vittasandra,2 BHK,1246.0,2,1,67.3,2,5401.28,5401.28
Super built-up  Area,Ready To Move,Vittasandra,2 BHK,1404.0,2,2,70.0,2,4985.75,4985.75
Super built-up  Area,Ready To Move,Vittasandra,2 BHK,1259.0,2,1,67.48,2,5359.81,5359.81
Super built-up  Area,Ready To Move,Vittasandra,2 BHK,1404.0,2,1,75.0,2,5341.88,5341.88
Super built-up  Area,Ready To Move,Vittasandra,2 BHK,1246.0,2,1,67.0,2,5377.21,5377.21
Super built-up  Area,Ready To Move,Vittasandra,2 BHK,1404.0,2,1,72.0,2,5128.21,5128.21
Super built-up  Area,Ready To Move,Vittasandra,2 BHK,1246.0,2,1,67.5,2,5417.34,5417.34
Super built-up  Area,Ready To Move,Vittasandra,2 BHK,1246.0,2,1,67.5,2,5417.34,5417.34
Super built-up  Area,Ready To Move,Vittasandra,2 BHK,1404.0,2,1,70.0,2,4985.75,4985.75
Super built-up  Area,Ready To Move,Vittasandra,2 BHK,1246.0,2,1,65.0,2,5216.69,5216.69
Super built-up  Area,Ready To Move,Vittasandra,2 BHK,1246.0,2,1,67.4,2,5409.31,5409.31
Built-up  Area,20-Dec,Whitefield,3 BHK,1610.0,3,2,81.0,3,5031.06,5031.06
Super built-up  Area,20-Sep,Whitefield,2 BHK,1459.0,2,1,94.82,2,6498.97,6498.97
Super built-up  Area,Ready To Move,Whitefield,2 BHK,1280.0,2,2,75.0,2,5859.38,5859.38
Super built-up  Area,Ready To Move,Whitefield,3 BHK,1910.0,3,2,161.0,3,8429.32,8429.32
Super built-up  Area,Ready To Move,Whitefield,4 BHK,3252.0,4,1,230.0,4,7072.57,7072.57
Plot  Area,Ready To Move,Whitefield,4 Bedroom,11890.0,4,3,700.0,4,5887.3,5887.3
Super built-up  Area,Ready To Move,Whitefield,2 BHK,1150.0,2,1,70.0,2,6086.96,6086.96
Built-up  Area,20-Dec,Whitefield,3 BHK,1768.0,3,2,101.0,3,5712.67,5712.67
Built-up  Area,Ready To Move,Whitefield,4 Bedroom,4144.0,4,3,315.0,4,7601.35,7601.35
Super built-up  Area,Ready To Move,Whitefield,4 BHK,4104.0,4,2,360.0,4,8771.93,8771.93
Super built-up  Area,Ready To Move,Whitefield,3 BHK,1790.0,3,1,100.0,3,5586.59,5586.59
Super built-up  Area,Ready To Move,Whitefield,3 BHK,1720.0,3,3,100.0,3,5813.95,5813.95
Super built-up  Area,18-Sep,Whitefield,3 BHK,1640.0,4,2,91.0,3,5548.78,5548.78
Super built-up  Area,18-Dec,Whitefield,3 BHK,2280.0,4,2,126.0,3,5526.32,5526.32
Built-up  Area,18-Feb,Whitefield,3 BHK,1897.0,3,2,130.0,3,6852.93,6852.93
Super built-up  Area,Ready To Move,Whitefield,3 BHK,2225.0,2,1,125.0,3,5617.98,5617.98
Super built-up  Area,Ready To Move,Whitefield,4 Bedroom,4348.5,4,1,304.0,4,6990.92,6990.92
Super built-up  Area,Ready To Move,Whitefield,4 BHK,2268.0,3,2,163.0,4,7186.95,7186.95
Plot  Area,Ready To Move,Whitefield,4 Bedroom,2400.0,4,3,200.0,4,8333.33,8333.33
Super built-up  Area,Ready To Move,Whitefield,2 BHK,1360.0,2,1,95.0,2,6985.29,6985.29
Super built-up  Area,18-Dec,Whitefield,3 BHK,1697.0,3,2,94.79,3,5585.74,5585.74
Plot  Area,Ready To Move,Whitefield,4 Bedroom,5000.0,4,3,400.0,4,8000.0,8000.0
Plot  Area,Ready To Move,Whitefield,4 Bedroom,3000.0,5,3,250.0,4,8333.33,8333.33
Built-up  Area,Ready To Move,Whitefield,3 BHK,1700.0,3,2,115.0,3,6764.71,6764.71
Built-up  Area,18-Jan,Whitefield,3 Bedroom,2842.0,3,2,162.0,3,5700.21,5700.21
Plot  Area,18-May,Whitefield,3 Bedroom,1500.0,3,1,130.0,3,8666.67,8666.67
Super built-up  Area,18-Oct,Whitefield,2 BHK,1280.0,2,1,75.0,2,5859.38,5859.38
Super built-up  Area,Ready To Move,Whitefield,3 BHK,1405.0,2,1,78.0,3,5551.6,5551.6
Super built-up  Area,Ready To Move,Whitefield,3 BHK,2225.0,3,3,115.0,3,5168.54,5168.54
Super built-up  Area,21-Mar,Whitefield,2 BHK,1272.0,2,1,95.05,2,7472.48,7472.48
Built-up  Area,18-Dec,Whitefield,2 BHK,1192.0,2,1,71.0,2,5956.38,5956.38
Super built-up  Area,Ready To Move,Whitefield,3 BHK,1626.0,3,3,89.0,3,5473.55,5473.55
Super built-up  Area,Ready To Move,Whitefield,3 BHK,1585.0,3,2,88.0,3,5552.05,5552.05
Super built-up  Area,21-Dec,Whitefield,1 BHK,665.0,1,1,28.585,1,4298.5,4298.5
Built-up  Area,Ready To Move,Whitefield,2 BHK,1280.0,2,0,85.0,2,6640.62,6640.62
Plot  Area,18-Dec,Whitefield,3 Bedroom,1200.0,3,2,68.5,3,5708.33,5708.33
Plot  Area,Ready To Move,Whitefield,4 Bedroom,4000.0,4,2,330.0,4,8250.0,8250.0
Super built-up  Area,Ready To Move,Whitefield,3 BHK,1697.0,3,2,108.0,3,6364.17,6364.17
Super built-up  Area,Ready To Move,Whitefield,4 BHK,3606.0,4,2,312.0,4,8652.25,8652.25
Super built-up  Area,19-Dec,Whitefield,2 BHK,1485.0,2,1,90.0,2,6060.61,6060.61
Super built-up  Area,18-Apr,Whitefield,1 BHK,950.0,1,1,50.0,1,5263.16,5263.16
Super built-up  Area,Ready To Move,Whitefield,4 BHK,3584.0,4,1,199.0,4,5552.46,5552.46
Super built-up  Area,Ready To Move,Whitefield,1 BHK,825.0,1,1,45.0,1,5454.55,5454.55
Super built-up  Area,Ready To Move,Whitefield,3 BHK,1635.0,2,2,85.0,3,5198.78,5198.78
Super built-up  Area,18-May,Whitefield,2 BHK,1216.0,2,1,79.0,2,6496.71,6496.71
Super built-up  Area,Ready To Move,Whitefield,2 BHK,920.0,2,1,63.0,2,6847.83,6847.83
Super built-up  Area,Ready To Move,Whitefield,2 BHK,1170.0,2,1,71.0,2,6068.38,6068.38
Super built-up  Area,18-Apr,Whitefield,2 BHK,1118.0,2,1,75.0,2,6708.41,6708.41
Super built-up  Area,Ready To Move,Whitefield,3 BHK,1800.0,3,1,110.0,3,6111.11,6111.11
Super built-up  Area,20-Dec,Whitefield,3 BHK,1562.0,3,2,103.0,3,6594.11,6594.11
Super built-up  Area,18-Dec,Whitefield,3 BHK,2321.0,4,1,128.0,3,5514.86,5514.86
Super built-up  Area,Ready To Move,Whitefield,2 BHK,1320.0,2,1,95.0,2,7196.97,7196.97
Plot  Area,Ready To Move,Whitefield,3 Bedroom,3010.0,3,2,200.0,3,6644.52,6644.52
Super built-up  Area,18-Apr,Whitefield,2 BHK,1346.0,2,1,96.17,2,7144.87,7144.87
Super built-up  Area,Ready To Move,Whitefield,4 BHK,2500.0,4,3,155.0,4,6200.0,6200.0
Built-up  Area,18-Jun,Whitefield,1 BHK,905.0,1,1,55.0,1,6077.35,6077.35
Super built-up  Area,Ready To Move,Whitefield,4 BHK,2268.0,3,0,146.0,4,6437.39,6437.39
Super built-up  Area,19-Dec,Whitefield,1 BHK,630.5,1,0,32.79,1,5200.63,5200.63
Super built-up  Area,Ready To Move,Whitefield,4 BHK,3537.0,5,3,210.0,4,5937.23,5937.23
Super built-up  Area,18-Dec,Whitefield,3 BHK,1697.0,3,2,115.0,3,6776.66,6776.66
Built-up  Area,Ready To Move,Whitefield,5 Bedroom,3250.0,5,0,290.0,5,8923.08,8923.08
Super built-up  Area,20-Dec,Whitefield,2 BHK,1269.0,2,1,75.0,2,5910.17,5910.17
Plot  Area,Ready To Move,Whitefield,5 Bedroom,3227.0,5,0,250.0,5,7747.13,7747.13
Super built-up  Area,Ready To Move,Whitefield,3 BHK,1545.0,3,2,79.0,3,5113.27,5113.27
Super built-up  Area,Ready To Move,Whitefield,4 BHK,3262.0,4,2,260.0,4,7970.57,7970.57
Super built-up  Area,21-Dec,Whitefield,2 BHK,1132.0,2,1,79.28,2,7003.53,7003.53
Super built-up  Area,18-Oct,Whitefield,4 BHK,2830.0,5,2,160.0,4,5653.71,5653.71
Super built-up  Area,Ready To Move,Whitefield,2 BHK,1195.0,2,1,70.0,2,5857.74,5857.74
Super built-up  Area,18-Feb,Whitefield,3 BHK,3480.0,4,1,284.0,3,8160.92,8160.92
Super built-up  Area,19-Dec,Whitefield,1 BHK,709.0,1,0,34.385,1,4849.79,4849.79
Super built-up  Area,Ready To Move,Whitefield,2 BHK,1320.0,2,3,79.5,2,6022.73,6022.73
Super built-up  Area,20-Dec,Whitefield,2 BHK,750.0,2,1,52.7,2,7026.67,7026.67
Plot  Area,18-Jul,Whitefield,3 Bedroom,1200.0,3,1,61.96,3,5163.33,5163.33
Super built-up  Area,18-Dec,Whitefield,3 BHK,2094.0,3,1,113.19,3,5405.44,5405.44
Plot  Area,Ready To Move,Whitefield,4 Bedroom,3445.0,5,3,270.0,4,7837.45,7837.45
Super built-up  Area,Ready To Move,Whitefield,3 BHK,1700.0,3,1,140.0,3,8235.29,8235.29
Built-up  Area,18-Jun,Whitefield,4 Bedroom,4827.0,4,3,400.0,4,8286.72,8286.72
Super built-up  Area,Ready To Move,Whitefield,2 BHK,1405.0,2,2,84.5,2,6014.23,6014.23
Super built-up  Area,Ready To Move,Whitefield,4 BHK,3252.0,4,3,280.0,4,8610.09,8610.09
Super built-up  Area,Ready To Move,Whitefield,2 BHK,1150.0,2,2,90.0,2,7826.09,7826.09
Built-up  Area,20-Dec,Whitefield,4 BHK,2400.0,4,3,147.0,4,6125.0,6125.0
Built-up  Area,18-Dec,Whitefield,1 BHK,624.0,1,1,35.0,1,5608.97,5608.97
Super built-up  Area,Ready To Move,Whitefield,3 BHK,1700.0,3,2,95.0,3,5588.24,5588.24
Plot  Area,Ready To Move,Whitefield,4 Bedroom,4960.0,4,3,400.0,4,8064.52,8064.52
Built-up  Area,18-Feb,Whitefield,4 BHK,2928.0,4,3,198.0,4,6762.3,6762.3
Super built-up  Area,Ready To Move,Whitefield,2 BHK,1216.0,2,1,84.0,2,6907.89,6907.89
Super built-up  Area,19-Sep,Whitefield,4 BHK,2882.0,5,1,204.0,4,7078.42,7078.42
Super built-up  Area,Ready To Move,Whitefield,3 BHK,1840.0,3,2,140.0,3,7608.7,7608.7
Super built-up  Area,20-Nov,Whitefield,3 BHK,1778.0,3,2,122.0,3,6861.64,6861.64
Super built-up  Area,Ready To Move,Whitefield,1 BHK,650.0,1,1,25.0,1,3846.15,3846.15
Super built-up  Area,Ready To Move,Whitefield,4 BHK,2155.0,3,3,125.0,4,5800.46,5800.46
Built-up  Area,17-Jun,Whitefield,1 RK,905.0,1,1,52.0,1,5745.86,5745.86
Super built-up  Area,18-Dec,Whitefield,2 BHK,1216.0,2,1,75.0,2,6167.76,6167.76
Super built-up  Area,Ready To Move,Whitefield,2 BHK,1255.0,2,3,77.0,2,6135.46,6135.46
Super built-up  Area,18-May,Whitefield,2 BHK,1216.0,2,1,73.0,2,6003.29,6003.29
Super built-up  Area,19-Dec,Whitefield,1 BHK,709.0,1,0,34.735,1,4899.15,4899.15
Super built-up  Area,Ready To Move,Whitefield,3 BHK,1745.0,3,3,100.0,3,5730.66,5730.66
Built-up  Area,18-Apr,Whitefield,4 BHK,3200.0,4,3,224.0,4,7000.0,7000.0
Super built-up  Area,Ready To Move,Whitefield,1 BHK,825.0,1,1,44.9,1,5442.42,5442.42
Super built-up  Area,19-Jun,Whitefield,3 BHK,1870.0,3,2,138.0,3,7379.68,7379.68
Super built-up  Area,Ready To Move,Whitefield,3 BHK,1862.0,3,2,125.0,3,6713.21,6713.21
Super built-up  Area,18-Dec,Whitefield,3 BHK,1655.0,3,1,113.0,3,6827.79,6827.79
Super built-up  Area,Ready To Move,Whitefield,1 BHK,530.0,1,1,29.44,1,5554.72,5554.72
Super built-up  Area,18-Apr,Whitefield,1 BHK,905.0,1,1,50.0,1,5524.86,5524.86
Super built-up  Area,18-Dec,Whitefield,3 BHK,1600.0,3,2,82.0,3,5125.0,5125.0
Plot  Area,18-Aug,Whitefield,4 Bedroom,1230.0,4,2,80.0,4,6504.07,6504.07
Super built-up  Area,19-Dec,Whitefield,1 BHK,630.5,1,0,32.15,1,5099.13,5099.13
Built-up  Area,18-Mar,Whitefield,1 BHK,905.0,1,1,52.0,1,5745.86,5745.86
Super built-up  Area,Ready To Move,Whitefield,2 BHK,1216.0,2,1,83.0,2,6825.66,6825.66
Super built-up  Area,Ready To Move,Whitefield,4 BHK,4075.0,5,3,226.0,4,5546.01,5546.01
Super built-up  Area,Ready To Move,Whitefield,2 BHK,1216.0,2,1,75.0,2,6167.76,6167.76
Super built-up  Area,18-Dec,Whitefield,4 BHK,2856.0,5,0,158.5,4,5549.72,5549.72
Super built-up  Area,19-Dec,Whitefield,1 BHK,750.0,1,1,51.0,1,6800.0,6800.0
Super built-up  Area,19-Dec,Whitefield,2 BHK,1173.0,2,1,77.0,2,6564.36,6564.36
Plot  Area,18-Dec,Whitefield,3 Bedroom,1200.0,3,1,68.4,3,5700.0,5700.0
Built-up  Area,Ready To Move,Whitefield,4 Bedroom,3425.0,5,2,250.0,4,7299.27,7299.27
Super built-up  Area,19-Dec,Whitefield,3 BHK,2173.0,3,2,128.0,3,5890.47,5890.47
Super built-up  Area,18-Dec,Whitefield,1 BHK,905.0,1,1,62.0,1,6850.83,6850.83
Super built-up  Area,19-Jun,Whitefield,3 BHK,1870.0,3,2,138.0,3,7379.68,7379.68
Super built-up  Area,18-Feb,Whitefield,2 BHK,1320.0,2,1,99.26,2,7519.7,7519.7
Super built-up  Area,Ready To Move,Whitefield,3 BHK,2901.0,4,2,190.0,3,6549.47,6549.47
Super built-up  Area,20-Sep,Whitefield,2 BHK,1485.0,2,1,96.51,2,6498.99,6498.99
Super built-up  Area,Ready To Move,Whitefield,3 BHK,1755.0,3,3,101.0,3,5754.99,5754.99
Super built-up  Area,Ready To Move,Whitefield,3 BHK,2225.0,3,1,149.0,3,6696.63,6696.63
Super built-up  Area,Ready To Move,Whitefield,2 BHK,1250.0,2,2,82.0,2,6560.0,6560.0
Super built-up  Area,Ready To Move,Whitefield,1 BHK,605.0,1,1,40.0,1,6611.57,6611.57
Built-up  Area,18-Apr,Whitefield,3 BHK,2210.0,3,2,156.0,3,7058.82,7058.82
Super built-up  Area,20-Dec,Whitefield,2 BHK,1173.0,2,1,78.2,2,6666.67,6666.67
Super built-up  Area,18-Feb,Whitefield,3 BHK,1740.0,4,3,130.0,3,7471.26,7471.26
Super built-up  Area,18-Dec,Whitefield,2 BHK,1216.0,2,1,75.0,2,6167.76,6167.76
Super built-up  Area,18-Mar,Whitefield,3 BHK,1655.0,3,3,120.0,3,7250.76,7250.76
Super built-up  Area,Ready To Move,Whitefield,2 BHK,1180.0,2,2,70.0,2,5932.2,5932.2
Super built-up  Area,Ready To Move,Whitefield,3 BHK,2023.0,4,2,130.0,3,6426.1,6426.1
Super built-up  Area,18-Dec,Whitefield,3 BHK,2134.0,4,2,118.0,3,5529.52,5529.52
Super built-up  Area,18-Jul,Whitefield,1 BHK,905.0,1,1,60.0,1,6629.83,6629.83
Super built-up  Area,Ready To Move,Whitefield,3 BHK,1452.0,3,1,90.0,3,6198.35,6198.35
Built-up  Area,Ready To Move,Whitefield,4 Bedroom,2850.0,5,0,240.0,4,8421.05,8421.05
Super built-up  Area,18-Dec,Whitefield,4 BHK,2830.0,5,3,190.0,4,6713.78,6713.78
Super built-up  Area,Ready To Move,Whitefield,2 BHK,1295.0,2,3,78.5,2,6061.78,6061.78
Super built-up  Area,20-Dec,Whitefield,1 BHK,840.0,1,1,57.6,1,6857.14,6857.14
Super built-up  Area,20-Dec,Whitefield,1 BHK,640.0,1,0,19.83,1,3098.44,3098.44
Built-up  Area,18-Dec,Whitefield,3 BHK,1991.0,3,2,104.0,3,5223.51,5223.51
Built-up  Area,18-Jun,Whitefield,3 BHK,1655.0,3,2,97.0,3,5861.03,5861.03
Super built-up  Area,Ready To Move,Whitefield,3 BHK,1850.0,3,2,150.0,3,8108.11,8108.11
Plot  Area,18-Sep,Whitefield,3 Bedroom,1200.0,3,1,67.77,3,5647.5,5647.5
Built-up  Area,Ready To Move,Whitefield,2 BHK,1290.0,2,0,90.0,2,6976.74,6976.74
Super built-up  Area,18-Apr,Whitefield,2 BHK,1216.0,2,1,75.0,2,6167.76,6167.76
Super built-up  Area,21-Dec,Whitefield,2 BHK,1356.0,2,1,94.84,2,6994.1,6994.1
Super built-up  Area,20-Dec,Whitefield,2 BHK,1338.0,2,1,103.0,2,7698.06,7698.06
Plot  Area,Ready To Move,Whitefield,3 Bedroom,3450.0,4,2,208.0,3,6028.99,6028.99
Super built-up  Area,Ready To Move,Whitefield,2 BHK,1267.0,2,1,90.33,2,7129.44,7129.44
Plot  Area,18-Nov,Whitefield,4 Bedroom,2400.0,4,1,143.0,4,5958.33,5958.33
Super built-up  Area,Ready To Move,Whitefield,3 BHK,1836.0,3,2,125.0,3,6808.28,6808.28
Super built-up  Area,19-Dec,Whitefield,3 BHK,3596.0,3,1,200.0,3,5561.74,5561.74
Built-up  Area,Ready To Move,Whitefield,3 BHK,1275.0,2,3,65.0,3,5098.04,5098.04
Super built-up  Area,19-Mar,Whitefield,2 BHK,1216.0,2,1,82.0,2,6743.42,6743.42
Super built-up  Area,Ready To Move,Whitefield,2 BHK,1495.0,3,3,88.0,2,5886.29,5886.29
Super built-up  Area,20-Dec,Whitefield,3 BHK,1564.0,3,1,103.0,3,6585.68,6585.68
Super built-up  Area,Ready To Move,Whitefield,3 BHK,1585.0,3,1,84.0,3,5299.68,5299.68
Built-up  Area,18-Dec,Whitefield,3 BHK,1558.0,3,2,90.0,3,5776.64,5776.64
Super built-up  Area,18-Dec,Whitefield,2 BHK,1216.0,2,1,75.0,2,6167.76,6167.76
Super built-up  Area,Ready To Move,Whitefield,3 BHK,1704.0,3,1,120.0,3,7042.25,7042.25
Super built-up  Area,19-Oct,Whitefield,2 BHK,1256.0,2,1,73.0,2,5812.1,5812.1
Super built-up  Area,Ready To Move,Whitefield,2 BHK,1300.0,2,2,78.0,2,6000.0,6000.0
Super built-up  Area,Ready To Move,Whitefield,3 BHK,1570.0,3,3,88.0,3,5605.1,5605.1
Super built-up  Area,18-Dec,Whitefield,2 BHK,1216.0,2,1,84.03,2,6910.36,6910.36
Super built-up  Area,18-Mar,Whitefield,2 BHK,1216.0,2,1,72.5,2,5962.17,5962.17
Super built-up  Area,Ready To Move,Whitefield,3 BHK,2025.0,4,2,115.0,3,5679.01,5679.01
Super built-up  Area,18-Dec,Whitefield,3 BHK,1346.0,2,1,100.0,3,7429.42,7429.42
Plot  Area,Ready To Move,Whitefield,4 Bedroom,2990.0,3,2,198.0,4,6622.07,6622.07
Super built-up  Area,Ready To Move,Whitefield,3 BHK,1720.0,3,3,98.97,3,5754.07,5754.07
Super built-up  Area,Ready To Move,Whitefield,3 BHK,1600.0,3,2,95.0,3,5937.5,5937.5
Super built-up  Area,Ready To Move,Whitefield,3 BHK,1655.0,3,1,108.0,3,6525.68,6525.68
Super built-up  Area,Ready To Move,Whitefield,3 BHK,1740.0,3,2,95.0,3,5459.77,5459.77
Super built-up  Area,19-Dec,Whitefield,2 BHK,1350.0,2,1,88.0,2,6518.52,6518.52
Super built-up  Area,19-Mar,Whitefield,2 BHK,1216.0,2,1,80.0,2,6578.95,6578.95
Plot  Area,Ready To Move,Whitefield,4 Bedroom,2900.0,4,3,225.0,4,7758.62,7758.62
Super built-up  Area,18-Feb,Whitefield,2 BHK,1340.0,2,1,101.0,2,7537.31,7537.31
Plot  Area,18-Aug,Whitefield,3 Bedroom,1500.0,3,1,78.57,3,5238.0,5238.0
Super built-up  Area,Ready To Move,Whitefield,3 BHK,1626.0,3,3,85.0,3,5227.55,5227.55
Super built-up  Area,Ready To Move,Whitefield,2 BHK,1100.0,2,2,65.0,2,5909.09,5909.09
Built-up  Area,Ready To Move,Whitefield,3 BHK,1270.0,2,2,65.0,3,5118.11,5118.11
Built-up  Area,18-Jun,Whitefield,3 Bedroom,3117.0,3,2,261.0,3,8373.44,8373.44
Super built-up  Area,18-May,Whitefield,2 BHK,1216.0,2,1,73.0,2,6003.29,6003.29
Built-up  Area,18-Apr,Whitefield,3 Bedroom,3150.0,3,1,290.0,3,9206.35,9206.35
Super built-up  Area,18-Dec,Whitefield,4 BHK,2956.0,5,1,234.0,4,7916.1,7916.1
Super built-up  Area,Ready To Move,Whitefield,3 BHK,2247.0,3,1,145.0,3,6453.05,6453.05
Plot  Area,Ready To Move,Whitefield,4 Bedroom,3940.0,5,3,265.0,4,6725.89,6725.89
Super built-up  Area,Ready To Move,Whitefield,2 BHK,1160.0,2,1,67.0,2,5775.86,5775.86
Super built-up  Area,19-Dec,Whitefield,2 BHK,1180.0,2,1,77.0,2,6525.42,6525.42
Super built-up  Area,20-Sep,Whitefield,3 BHK,2140.0,3,2,139.0,3,6495.33,6495.33
Super built-up  Area,18-Aug,Whitefield,2 BHK,1314.0,2,1,84.0,2,6392.69,6392.69
Super built-up  Area,Ready To Move,Whitefield,3 BHK,1431.0,3,2,85.0,3,5939.9,5939.9
Super built-up  Area,19-Dec,Whitefield,1 BHK,524.0,1,1,29.0,1,5534.35,5534.35
Built-up  Area,18-Jun,Whitefield,4 BHK,2830.0,4,3,161.0,4,5689.05,5689.05
Super built-up  Area,Ready To Move,Whitefield,4 BHK,2135.0,3,2,149.0,4,6978.92,6978.92
Super built-up  Area,Ready To Move,Whitefield,4 BHK,3075.0,2,3,188.0,4,6113.82,6113.82
Super built-up  Area,Ready To Move,Whitefield,3 BHK,1760.0,3,2,160.0,3,9090.91,9090.91
Super built-up  Area,18-Jul,Whitefield,3 BHK,1655.0,3,2,110.0,3,6646.53,6646.53
Super built-up  Area,19-Dec,Whitefield,1 BHK,840.0,1,1,57.0,1,6785.71,6785.71
Super built-up  Area,Ready To Move,Whitefield,3 BHK,1725.0,3,2,106.0,3,6144.93,6144.93
Super built-up  Area,Ready To Move,Whitefield,1 BHK,516.0,1,1,39.0,1,7558.14,7558.14
Built-up  Area,Ready To Move,Whitefield,4 Bedroom,6000.0,4,1,410.0,4,6833.33,6833.33
Super built-up  Area,18-Dec,Whitefield,3 BHK,1639.0,3,2,107.0,3,6528.37,6528.37
Built-up  Area,20-Dec,Whitefield,3 BHK,1820.0,3,2,113.0,3,6208.79,6208.79
Built-up  Area,19-Oct,Whitefield,4 Bedroom,3565.0,4,0,218.0,4,6115.01,6115.01
Super built-up  Area,18-Feb,Whitefield,4 BHK,3410.0,5,3,253.0,4,7419.35,7419.35
Plot  Area,Ready To Move,Whitefield,4 Bedroom,4500.0,4,1,330.0,4,7333.33,7333.33
Super built-up  Area,Ready To Move,Whitefield,2 BHK,1250.0,2,2,85.0,2,6800.0,6800.0
Super built-up  Area,18-Jun,Whitefield,2 BHK,1277.0,2,1,77.0,2,6029.76,6029.76
Super built-up  Area,Ready To Move,Whitefield,3 BHK,1820.0,3,2,140.0,3,7692.31,7692.31
Built-up  Area,Ready To Move,Whitefield,4 Bedroom,3453.0,4,2,247.0,4,7153.2,7153.2
Super built-up  Area,18-Oct,Whitefield,3 BHK,2280.0,4,2,125.0,3,5482.46,5482.46
Super built-up  Area,18-Dec,Whitefield,4 BHK,2882.0,5,1,200.0,4,6939.63,6939.63
Super built-up  Area,19-Sep,Whitefield,3 BHK,1639.5,3,0,92.63,3,5649.89,5649.89
Super built-up  Area,Ready To Move,Whitefield,2 BHK,1190.0,2,1,70.0,2,5882.35,5882.35
Super built-up  Area,Ready To Move,Whitefield,2 BHK,1270.0,2,1,94.0,2,7401.57,7401.57
Super built-up  Area,Ready To Move,Whitefield,2 BHK,1220.0,2,1,89.0,2,7295.08,7295.08
Super built-up  Area,19-Jan,Whitefield,3 BHK,3758.0,3,1,300.0,3,7982.97,7982.97
Built-up  Area,18-Jun,Whitefield,2 BHK,1216.0,2,1,72.0,2,5921.05,5921.05
Plot  Area,Ready To Move,Whitefield,4 Bedroom,5400.0,5,3,475.0,4,8796.3,8796.3
Super built-up  Area,18-Apr,Whitefield,3 BHK,1396.0,3,1,74.0,3,5300.86,5300.86
Built-up  Area,Ready To Move,Whitefield,3 BHK,1615.0,3,0,96.9,3,6000.0,6000.0
Super built-up  Area,Ready To Move,Whitefield,2 BHK,1200.0,2,3,70.0,2,5833.33,5833.33
Super built-up  Area,18-Dec,Whitefield,2 BHK,1216.0,2,1,75.0,2,6167.76,6167.76
Super built-up  Area,18-Dec,Whitefield,3 BHK,2321.0,4,1,157.0,3,6764.33,6764.33
Super built-up  Area,Ready To Move,Whitefield,2 BHK,1224.0,2,2,75.0,2,6127.45,6127.45
Super built-up  Area,19-Mar,Whitefield,3 BHK,1655.0,3,2,113.0,3,6827.79,6827.79
Built-up  Area,Ready To Move,Whitefield,5 Bedroom,4144.0,5,1,331.0,5,7987.45,7987.45
Plot  Area,18-Dec,Whitefield,3 Bedroom,1200.0,3,2,67.75,3,5645.83,5645.83
Built-up  Area,Ready To Move,Whitefield,4 BHK,2444.0,4,1,145.0,4,5932.9,5932.9
Built-up  Area,Ready To Move,Whitefield,2 BHK,1270.0,2,1,110.0,2,8661.42,8661.42
Super built-up  Area,Ready To Move,Whitefield,3 BHK,1660.0,3,1,110.0,3,6626.51,6626.51
Super built-up  Area,Ready To Move,Whitefield,2 BHK,1270.0,2,1,105.0,2,8267.72,8267.72
Super built-up  Area,20-Dec,Whitefield,2 BHK,1173.0,2,1,78.2,2,6666.67,6666.67
Super built-up  Area,Ready To Move,Whitefield,2 BHK,1362.0,2,3,85.0,2,6240.82,6240.82
Super built-up  Area,Ready To Move,Whitefield,3 BHK,1457.0,2,2,105.0,3,7206.59,7206.59
Super built-up  Area,18-Feb,Whitefield,3 BHK,1720.0,3,2,128.0,3,7441.86,7441.86
Super built-up  Area,19-Dec,Whitefield,3 BHK,1564.0,3,1,103.0,3,6585.68,6585.68
Super built-up  Area,18-Dec,Whitefield,3 BHK,1639.0,3,2,107.0,3,6528.37,6528.37
Super built-up  Area,Ready To Move,Whitefield,3 BHK,1760.0,3,2,139.0,3,7897.73,7897.73
Super built-up  Area,18-Dec,Whitefield,1 BHK,613.0,1,1,48.0,1,7830.34,7830.34
Super built-up  Area,Ready To Move,Whitefield,3 BHK,1730.0,3,2,125.0,3,7225.43,7225.43
Super built-up  Area,19-Dec,Whitefield,1 BHK,877.0,1,1,59.0,1,6727.48,6727.48
Super built-up  Area,Ready To Move,Yelachenahalli,3 BHK,1464.0,2,3,105.0,3,7172.13,7172.13
Super built-up  Area,16-Dec,Yelachenahalli,2 BHK,2400.0,1,1,150.0,2,6250.0,6250.0
Super built-up  Area,Ready To Move,Yelachenahalli,3 BHK,1700.0,3,2,130.0,3,7647.06,7647.06
Super built-up  Area,Ready To Move,Yelachenahalli,2 BHK,1080.0,2,2,55.0,2,5092.59,5092.59
Super built-up  Area,Ready To Move,Yelachenahalli,2 BHK,1400.0,2,3,78.0,2,5571.43,5571.43
Super built-up  Area,Ready To Move,Yelachenahalli,3 BHK,1330.0,3,3,73.5,3,5526.32,5526.32
Super built-up  Area,Ready To Move,Yelachenahalli,2 BHK,800.0,1,1,30.0,2,3750.0,3750.0
Super built-up  Area,Ready To Move,Yelachenahalli,2 BHK,1100.0,2,2,60.0,2,5454.55,5454.55
Super built-up  Area,Ready To Move,Yelachenahalli,3 BHK,1365.0,2,1,72.0,3,5274.73,5274.73
Built-up  Area,Ready To Move,Yelachenahalli,2 BHK,1103.0,2,2,55.0,2,4986.4,4986.4
Super built-up  Area,Ready To Move,Yelachenahalli,2 BHK,1000.0,2,2,50.0,2,5000.0,5000.0
Super built-up  Area,19-Mar,Yelahanka,2 BHK,1326.0,2,2,78.0,2,5882.35,5882.35
Super built-up  Area,Ready To Move,Yelahanka,3 BHK,1705.0,3,2,95.0,3,5571.85,5571.85
Super built-up  Area,Ready To Move,Yelahanka,2 BHK,1234.0,2,2,80.0,2,6482.98,6482.98
Super built-up  Area,Ready To Move,Yelahanka,2 BHK,1315.0,2,2,85.0,2,6463.88,6463.88
Super built-up  Area,Ready To Move,Yelahanka,2 BHK,1170.0,2,1,62.5,2,5341.88,5341.88
Super built-up  Area,17-Nov,Yelahanka,1 BHK,697.0,1,0,45.0,1,6456.24,6456.24
Built-up  Area,Ready To Move,Yelahanka,3 BHK,2195.0,4,2,127.0,3,5785.88,5785.88
Super built-up  Area,Ready To Move,Yelahanka,3 BHK,1614.0,3,2,95.0,3,5886.0,5886.0
Super built-up  Area,Ready To Move,Yelahanka,1 BHK,628.0,1,1,24.0,1,3821.66,3821.66
Super built-up  Area,Ready To Move,Yelahanka,1 BHK,654.0,1,1,38.4,1,5871.56,5871.56
Super built-up  Area,18-Mar,Yelahanka,3 BHK,1825.0,3,1,105.0,3,5753.42,5753.42
Super built-up  Area,Ready To Move,Yelahanka,3 BHK,1603.0,3,2,96.0,3,5988.77,5988.77
Super built-up  Area,18-May,Yelahanka,2 BHK,1304.0,2,1,79.0,2,6058.28,6058.28
Super built-up  Area,21-Mar,Yelahanka,3 BHK,1517.0,3,2,76.3,3,5029.66,5029.66
Super built-up  Area,Ready To Move,Yelahanka,2 BHK,1327.0,2,3,85.0,2,6405.43,6405.43
Super built-up  Area,Ready To Move,Yelahanka,3 BHK,1566.0,3,2,97.0,3,6194.13,6194.13
Super built-up  Area,Ready To Move,Yelahanka,2 BHK,1270.0,2,2,78.0,2,6141.73,6141.73
Super built-up  Area,19-Dec,Yelahanka,3 BHK,1400.0,2,2,80.54,3,5752.86,5752.86
Super built-up  Area,Ready To Move,Yelahanka,2 BHK,1322.0,2,2,86.0,2,6505.3,6505.3
Super built-up  Area,Ready To Move,Yelahanka,2 BHK,1100.0,2,1,70.0,2,6363.64,6363.64
Plot  Area,Ready To Move,Yelahanka,2 Bedroom,1200.0,2,1,70.0,2,5833.33,5833.33
Built-up  Area,Ready To Move,Yelahanka,5 Bedroom,4000.0,5,2,220.0,5,5500.0,5500.0
Plot  Area,Ready To Move,Yelahanka,4 Bedroom,2675.0,4,2,140.0,4,5233.64,5233.64
Super built-up  Area,18-Apr,Yelahanka,1 BHK,654.0,1,1,37.0,1,5657.49,5657.49
Built-up  Area,Ready To Move,Yelahanka,3 BHK,1465.0,3,2,80.01,3,5461.43,5461.43
Super built-up  Area,Ready To Move,Yelahanka,3 BHK,1692.0,3,2,83.0,3,4905.44,4905.44
Super built-up  Area,18-Mar,Yelahanka,3 BHK,2145.0,3,3,125.0,3,5827.51,5827.51
Super built-up  Area,Ready To Move,Yelahanka,2 BHK,1322.0,2,2,75.0,2,5673.22,5673.22
Super built-up  Area,18-May,Yelahanka,1 BHK,602.0,1,1,26.0,1,4318.94,4318.94
Super built-up  Area,Ready To Move,Yelahanka,2 BHK,1100.0,2,1,60.0,2,5454.55,5454.55
Super built-up  Area,Ready To Move,Yelahanka,3 BHK,1614.0,2,1,100.0,3,6195.79,6195.79
Super built-up  Area,18-May,Yelahanka,3 BHK,1890.0,3,2,108.0,3,5714.29,5714.29
Super built-up  Area,Ready To Move,Yelahanka,3 BHK,1556.0,3,2,86.0,3,5526.99,5526.99
Super built-up  Area,Ready To Move,Yelahanka,3 BHK,1610.0,4,2,85.0,3,5279.5,5279.5
Super built-up  Area,18-Mar,Yelahanka,3 BHK,1859.0,3,1,108.0,3,5809.58,5809.58
Super built-up  Area,Ready To Move,Yelahanka,2 BHK,1322.0,2,2,80.0,2,6051.44,6051.44
Super built-up  Area,Ready To Move,Yelahanka,4 BHK,2600.0,4,3,175.0,4,6730.77,6730.77
Super built-up  Area,Ready To Move,Yelahanka,2 BHK,1305.0,2,1,78.0,2,5977.01,5977.01
Super built-up  Area,21-Mar,Yelahanka,3 BHK,1711.0,3,3,85.61,3,5003.51,5003.51
Built-up  Area,Ready To Move,Yelahanka,2 BHK,1315.0,2,3,75.0,2,5703.42,5703.42
Built-up  Area,Ready To Move,Yelahanka,6 Bedroom,3600.0,6,1,200.0,6,5555.56,5555.56
Super built-up  Area,Ready To Move,Yelahanka,3 BHK,1614.0,3,2,95.0,3,5886.0,5886.0
Built-up  Area,Ready To Move,Yelahanka,3 BHK,1650.0,3,3,105.0,3,6363.64,6363.64
Built-up  Area,Ready To Move,Yelahanka,4 Bedroom,3990.0,4,1,260.0,4,6516.29,6516.29
Built-up  Area,Ready To Move,Yelahanka,3 BHK,1620.0,3,2,90.0,3,5555.56,5555.56
Super built-up  Area,18-Feb,Yelahanka,1 BHK,654.0,1,1,36.25,1,5542.81,5542.81
Super built-up  Area,Ready To Move,Yelahanka,3 BHK,1614.0,3,2,93.0,3,5762.08,5762.08
Super built-up  Area,Ready To Move,Yelahanka,1 BHK,694.0,1,0,30.84,1,4443.8,4443.8
Super built-up  Area,Ready To Move,Yelahanka,2 BHK,1115.0,2,2,60.0,2,5381.17,5381.17
Super built-up  Area,Ready To Move,Yelahanka,3 BHK,2317.0,4,3,140.0,3,6042.3,6042.3
Super built-up  Area,Ready To Move,Yelahanka,3 BHK,1653.0,3,3,93.0,3,5626.13,5626.13
Super built-up  Area,Ready To Move,Yelahanka,1 BHK,654.0,1,1,38.0,1,5810.4,5810.4
Super built-up  Area,Ready To Move,Yelahanka,2 BHK,1445.0,2,2,82.0,2,5674.74,5674.74
Super built-up  Area,Ready To Move,Yelahanka,1 BHK,602.0,1,1,38.0,1,6312.29,6312.29
Super built-up  Area,Ready To Move,Yelahanka,1 BHK,697.0,1,1,35.0,1,5021.52,5021.52
Super built-up  Area,21-Mar,Yelahanka,1 BHK,682.0,1,1,36.23,1,5312.32,5312.32
Built-up  Area,Ready To Move,Yelahanka,3 BHK,1560.0,2,2,98.0,3,6282.05,6282.05
Super built-up  Area,Ready To Move,Yelahanka,3 BHK,1780.0,3,2,107.0,3,6011.24,6011.24
Built-up  Area,Ready To Move,Yelahanka,3 BHK,1342.0,2,2,75.0,3,5588.67,5588.67
Super built-up  Area,20-Jan,Yelahanka,3 BHK,1823.0,3,2,103.0,3,5650.03,5650.03
Super built-up  Area,18-Mar,Yelahanka,3 BHK,1792.0,3,1,104.0,3,5803.57,5803.57
Super built-up  Area,Ready To Move,Yelahanka,2 BHK,1304.0,2,1,69.97,2,5365.8,5365.8
Super built-up  Area,Ready To Move,Yelahanka,2 BHK,1300.0,2,2,69.23,2,5325.38,5325.38
Super built-up  Area,Ready To Move,Yelahanka,3 BHK,1705.0,3,1,91.0,3,5337.24,5337.24
Super built-up  Area,18-Mar,Yelahanka,3 BHK,1835.0,3,1,108.0,3,5885.56,5885.56
Built-up  Area,18-Apr,Yelahanka,3 BHK,1847.0,3,3,92.0,3,4981.05,4981.05
Super built-up  Area,18-Jul,Yelahanka,3 BHK,1890.0,3,2,109.0,3,5767.2,5767.2
Super built-up  Area,Ready To Move,Yelahanka,1 BHK,700.0,1,1,38.0,1,5428.57,5428.57
Super built-up  Area,Ready To Move,Yelahanka,3 BHK,1491.0,3,2,85.0,3,5700.87,5700.87
Built-up  Area,Ready To Move,Yelahanka,4 Bedroom,2088.0,5,0,110.0,4,5268.2,5268.2
Super built-up  Area,Ready To Move,Yelahanka,3 BHK,1600.0,3,3,100.0,3,6250.0,6250.0
Super built-up  Area,Ready To Move,Yelahanka,3 BHK,1705.0,3,2,85.0,3,4985.34,4985.34
Built-up  Area,Ready To Move,Yelahanka,3 BHK,1350.0,2,3,85.0,3,6296.3,6296.3
Built-up  Area,Ready To Move,Yelahanka,3 BHK,1633.0,3,2,110.0,3,6736.07,6736.07
Super built-up  Area,19-Dec,Yelahanka,1 BHK,827.5,1,0,42.535,1,5140.18,5140.18
Super built-up  Area,Ready To Move,Yelahanka,3 BHK,1355.0,2,3,75.0,3,5535.06,5535.06
Super built-up  Area,Ready To Move,Yelahanka,2 BHK,1104.0,2,2,58.0,2,5253.62,5253.62
Super built-up  Area,19-Mar,Yelahanka,2 BHK,1175.0,2,1,67.77,2,5767.66,5767.66
Super built-up  Area,Ready To Move,Yelahanka,2 BHK,1322.0,2,1,77.9,2,5892.59,5892.59
Built-up  Area,18-Apr,Yelahanka,1 BHK,602.0,1,1,33.0,1,5481.73,5481.73
Super built-up  Area,Ready To Move,Yelahanka,2 BHK,1315.0,2,3,77.0,2,5855.51,5855.51
Built-up  Area,Ready To Move,Yelahanka,1 BHK,567.0,1,1,25.0,1,4409.17,4409.17
Super built-up  Area,18-Jan,Yelahanka,1 BHK,602.0,2,1,30.0,1,4983.39,4983.39
Super built-up  Area,Ready To Move,Yelahanka,2 BHK,1234.0,2,2,80.0,2,6482.98,6482.98
Super built-up  Area,Ready To Move,Yelahanka,2 BHK,1267.0,3,1,78.0,2,6156.27,6156.27
Super built-up  Area,20-Jan,Yelahanka,2 BHK,1360.0,2,1,78.19,2,5749.26,5749.26
Built-up  Area,Ready To Move,Yelahanka New Town,1 BHK,650.0,1,2,33.0,1,5076.92,5076.92
Super built-up  Area,Ready To Move,Yelahanka New Town,1 BHK,500.0,1,1,20.0,1,4000.0,4000.0
Super built-up  Area,Ready To Move,Yelahanka New Town,1 BHK,440.0,1,1,16.5,1,3750.0,3750.0
Super built-up  Area,Ready To Move,Yelahanka New Town,3 BHK,1610.0,3,2,92.0,3,5714.29,5714.29
Super built-up  Area,Ready To Move,Yelahanka New Town,3 BHK,1700.0,3,2,90.0,3,5294.12,5294.12
Super built-up  Area,Ready To Move,Yelahanka New Town,1 BHK,650.0,1,1,20.0,1,3076.92,3076.92
Built-up  Area,Ready To Move,Yelahanka New Town,1 BHK,350.0,1,1,13.5,1,3857.14,3857.14
Super built-up  Area,Ready To Move,Yelahanka New Town,2 BHK,1385.0,2,3,65.0,2,4693.14,4693.14
Super built-up  Area,Ready To Move,Yelahanka New Town,1 BHK,500.0,2,1,24.0,1,4800.0,4800.0
Built-up  Area,Ready To Move,Yelahanka New Town,1 BHK,650.0,1,1,17.0,1,2615.38,2615.38
Built-up  Area,Ready To Move,Yelahanka New Town,1 BHK,450.0,1,0,16.0,1,3555.56,3555.56
Super built-up  Area,Ready To Move,Yelahanka New Town,2 BHK,960.0,2,2,50.0,2,5208.33,5208.33
Built-up  Area,Ready To Move,Yelahanka New Town,3 BHK,1209.0,2,3,65.0,3,5376.34,5376.34
Super built-up  Area,Ready To Move,Yelahanka New Town,3 BHK,1400.0,2,2,80.0,3,5714.29,5714.29
Super built-up  Area,Ready To Move,Yelahanka New Town,1 BHK,450.0,1,1,15.0,1,3333.33,3333.33
Super built-up  Area,Ready To Move,Yelahanka New Town,1 BHK,500.0,1,1,18.0,1,3600.0,3600.0
Super built-up  Area,19-Sep,Yelahanka New Town,3 BHK,1420.0,2,1,75.0,3,5281.69,5281.69
Plot  Area,Ready To Move,Yelahanka New Town,2 Bedroom,2200.0,2,0,180.0,2,8181.82,8181.82
Built-up  Area,Ready To Move,Yelahanka New Town,1 BHK,488.0,1,1,20.0,1,4098.36,4098.36
Super built-up  Area,Ready To Move,Yelahanka New Town,2 BHK,1100.0,2,1,58.0,2,5272.73,5272.73
Built-up  Area,Ready To Move,Yelahanka New Town,2 BHK,1000.0,2,1,44.0,2,4400.0,4400.0
Super built-up  Area,Ready To Move,Yelahanka New Town,1 BHK,650.0,1,1,18.0,1,2769.23,2769.23
Plot  Area,Ready To Move,Yelahanka New Town,3 Bedroom,1740.0,3,2,150.0,3,8620.69,8620.69
Built-up  Area,Ready To Move,Yelahanka New Town,2 BHK,1290.0,2,2,70.0,2,5426.36,5426.36
Super built-up  Area,Ready To Move,Yelenahalli,2 BHK,1240.0,2,2,47.12,2,3800.0,3800.0
Built-up  Area,Ready To Move,Yelenahalli,2 BHK,1200.0,2,2,46.17,2,3847.5,3847.5
Super built-up  Area,Ready To Move,Yelenahalli,2 BHK,1260.0,2,2,47.88,2,3800.0,3800.0
Super built-up  Area,Ready To Move,Yelenahalli,2 BHK,1175.0,2,2,50.0,2,4255.32,4255.32
Super built-up  Area,Ready To Move,Yelenahalli,3 BHK,1650.0,3,3,68.0,3,4121.21,4121.21
Super built-up  Area,Ready To Move,Yelenahalli,2 BHK,1200.0,2,2,45.6,2,3800.0,3800.0
Built-up  Area,Ready To Move,Yelenahalli,2 BHK,1200.0,2,1,46.17,2,3847.5,3847.5
Super built-up  Area,Ready To Move,Yelenahalli,2 BHK,1160.0,2,2,44.08,2,3800.0,3800.0
Super built-up  Area,18-Aug,Yeshwanthpur,3 BHK,1693.0,3,3,108.0,3,6379.21,6379.21
Super built-up  Area,Ready To Move,Yeshwanthpur,1 BHK,667.0,1,1,36.85,1,5524.74,5524.74
Super built-up  Area,20-Dec,Yeshwanthpur,4 BHK,1950.0,4,0,130.0,4,6666.67,6666.67
Super built-up  Area,Ready To Move,Yeshwanthpur,1 BHK,665.0,1,1,36.85,1,5541.35,5541.35
Super built-up  Area,Ready To Move,Yeshwanthpur,1 BHK,671.0,1,1,36.85,1,5491.8,5491.8
Super built-up  Area,Ready To Move,Yeshwanthpur,2 BHK,1277.5,2,0,95.815,2,7500.2,7500.2
Super built-up  Area,Ready To Move,Yeshwanthpur,1 BHK,668.0,1,1,36.85,1,5516.47,5516.47
Super built-up  Area,18-Aug,Yeshwanthpur,2 BHK,1185.0,2,2,75.84,2,6400.0,6400.0
Super built-up  Area,Ready To Move,Yeshwanthpur,2 BHK,1195.0,2,2,100.0,2,8368.2,8368.2
Super built-up  Area,18-Dec,Yeshwanthpur,3 BHK,1313.0,3,1,96.0,3,7311.5,7311.5
Super built-up  Area,Ready To Move,Yeshwanthpur,2 BHK,1400.0,2,2,100.0,2,7142.86,7142.86
Super built-up  Area,Ready To Move,Yeshwanthpur,1 BHK,673.0,1,1,36.85,1,5475.48,5475.48
Super built-up  Area,Ready To Move,Yeshwanthpur,2 BHK,717.0,2,0,49.475,2,6900.28,6900.28
Super built-up  Area,Ready To Move,Yeshwanthpur,1 BHK,605.0,1,0,41.745,1,6900.0,6900.0
Super built-up  Area,Ready To Move,Yeshwanthpur,1 BHK,669.0,1,1,36.85,1,5508.22,5508.22
Built-up  Area,Ready To Move,Yeshwanthpur,3 BHK,3027.0,4,3,260.0,3,8589.36,8589.36
Super built-up  Area,Ready To Move,Yeshwanthpur,1 BHK,670.0,1,1,36.85,1,5500.0,5500.0
Super built-up  Area,Ready To Move,Yeshwanthpur,2 BHK,1240.0,2,2,80.0,2,6451.61,6451.61
Super built-up  Area,18-Aug,Yeshwanthpur,3 BHK,1713.0,3,2,110.0,3,6421.48,6421.48
Super built-up  Area,Ready To Move,Yeshwanthpur,2 BHK,1144.0,2,2,67.0,2,5856.64,5856.64
Super built-up  Area,Ready To Move,Yeshwanthpur,2 BHK,1541.0,2,2,130.0,2,8436.08,8436.08
Plot  Area,Ready To Move,Yeshwanthpur,2 Bedroom,1362.0,2,0,100.0,2,7342.14,7342.14
Super built-up  Area,Ready To Move,Yeshwanthpur,1 BHK,666.0,1,1,36.8,1,5525.53,5525.53
Super built-up  Area,Ready To Move,Yeshwanthpur,3 BHK,1855.0,3,3,140.0,3,7547.17,7547.17
Super built-up  Area,Ready To Move,Yeshwanthpur,2 BHK,1165.0,2,1,85.0,2,7296.14,7296.14
Super built-up  Area,Ready To Move,Yeshwanthpur,3 BHK,1825.0,3,2,145.0,3,7945.21,7945.21
Super built-up  Area,Ready To Move,Yeshwanthpur,1 BHK,994.0,2,0,54.67,1,5500.0,5500.0
Built-up  Area,Ready To Move,Yeshwanthpur,1 BHK,650.0,1,0,40.0,1,6153.85,6153.85
Super built-up  Area,Ready To Move,Yeshwanthpur,3 BHK,1855.0,3,3,140.0,3,7547.17,7547.17
Super built-up  Area,Ready To Move,Yeshwanthpur,3 BHK,1500.0,3,1,100.0,3,6666.67,6666.67
Super built-up  Area,Ready To Move,Yeshwanthpur,1 BHK,674.0,1,1,36.85,1,5467.36,5467.36
Super built-up  Area,Ready To Move,Yeshwanthpur,1 BHK,672.0,1,1,36.85,1,5483.63,5483.63
Super built-up  Area,Ready To Move,Yeshwanthpur,2 BHK,1195.0,2,2,100.0,2,8368.2,8368.2
Super built-up  Area,18-Aug,Yeshwanthpur,3 BHK,1692.0,3,3,108.0,3,6382.98,6382.98
Built-up  Area,Ready To Move,Yeshwanthpur,6 Bedroom,2500.0,5,2,185.0,6,7400.0,7400.0
Super built-up  Area,Ready To Move,Yeshwanthpur,3 BHK,1855.0,3,3,135.0,3,7277.63,7277.63
Super built-up  Area,Ready To Move,Yeshwanthpur,3 BHK,1876.0,3,3,160.0,3,8528.78,8528.78
Super built-up  Area,Ready To Move,other,3 BHK,2770.0,4,2,290.0,3,10469.31,10469.31
Super built-up  Area,Ready To Move,other,1 BHK,600.0,1,0,38.0,1,6333.33,6333.33
Super built-up  Area,Ready To Move,other,2 BHK,1500.0,2,2,185.0,2,12333.33,12333.33
Plot  Area,Ready To Move,other,3 Bedroom,4395.0,3,2,240.0,3,5460.75,5460.75
Super built-up  Area,Ready To Move,other,2 BHK,845.0,2,1,55.0,2,6508.88,6508.88
Built-up  Area,Ready To Move,other,3 BHK,2511.0,3,3,205.0,3,8164.08,8164.08
Super built-up  Area,Ready To Move,other,3 BHK,1660.0,2,2,105.0,3,6325.3,6325.3
Built-up  Area,Ready To Move,other,2 BHK,1200.0,2,1,65.0,2,5416.67,5416.67
Built-up  Area,Ready To Move,other,3 Bedroom,1200.0,3,1,90.0,3,7500.0,7500.0
Built-up  Area,Ready To Move,other,2 BHK,782.0,2,2,55.68,2,7120.2,7120.2
Super built-up  Area,Ready To Move,other,3 BHK,1800.0,3,3,120.0,3,6666.67,6666.67
Super built-up  Area,Ready To Move,other,3 BHK,1413.0,2,2,75.0,3,5307.86,5307.86
Super built-up  Area,22-Jan,other,2 BHK,945.0,2,1,54.0,2,5714.29,5714.29
Built-up  Area,Ready To Move,other,3 BHK,1870.0,3,3,110.0,3,5882.35,5882.35
Super built-up  Area,19-Jan,other,3 BHK,1260.0,2,2,85.05,3,6750.0,6750.0
Super built-up  Area,Ready To Move,other,3 BHK,2795.0,4,1,235.0,3,8407.87,8407.87
Super built-up  Area,Ready To Move,other,3 BHK,1904.0,3,1,150.0,3,7878.15,7878.15
Super built-up  Area,Ready To Move,other,3 BHK,2000.0,3,1,175.0,3,8750.0,8750.0
Plot  Area,Ready To Move,other,3 Bedroom,1500.0,3,2,100.0,3,6666.67,6666.67
Built-up  Area,Ready To Move,other,3 Bedroom,1783.0,3,1,115.0,3,6449.8,6449.8
Super built-up  Area,Ready To Move,other,3 BHK,912.0,2,1,70.0,3,7675.44,7675.44
Super built-up  Area,Ready To Move,other,3 BHK,1580.0,3,3,100.0,3,6329.11,6329.11
Super built-up  Area,Ready To Move,other,3 BHK,1415.0,3,3,78.0,3,5512.37,5512.37
Super built-up  Area,Ready To Move,other,3 BHK,2405.0,4,2,260.0,3,10810.81,10810.81
Plot  Area,Ready To Move,other,2 Bedroom,1500.0,2,1,115.0,2,7666.67,7666.67
Built-up  Area,Ready To Move,other,2 BHK,1060.0,2,2,60.0,2,5660.38,5660.38
Plot  Area,Ready To Move,other,8 Bedroom,2600.0,8,2,180.0,8,6923.08,6923.08
Super built-up  Area,Ready To Move,other,2 BHK,1285.0,2,3,72.5,2,5642.02,5642.02
Plot  Area,17-May,other,3 Bedroom,4050.0,3,2,280.0,3,6913.58,6913.58
Built-up  Area,Ready To Move,other,2 Bedroom,1280.0,2,1,69.0,2,5390.62,5390.62
Super built-up  Area,Ready To Move,other,3 BHK,3045.0,3,2,170.0,3,5582.92,5582.92
Plot  Area,Ready To Move,other,2 Bedroom,900.0,2,1,110.0,2,12222.22,12222.22
Super built-up  Area,Ready To Move,other,3 BHK,1560.0,3,3,115.0,3,7371.79,7371.79
Plot  Area,Ready To Move,other,4 Bedroom,1200.0,4,3,165.0,4,13750.0,13750.0
Built-up  Area,Ready To Move,other,3 BHK,1645.0,3,2,95.0,3,5775.08,5775.08
Plot  Area,18-Mar,other,2 Bedroom,1200.0,2,0,79.0,2,6583.33,6583.33
Plot  Area,Ready To Move,other,3 Bedroom,1350.0,2,0,140.0,3,10370.37,10370.37
Super built-up  Area,Ready To Move,other,3 BHK,1800.0,3,0,150.0,3,8333.33,8333.33
Super built-up  Area,Ready To Move,other,3 BHK,1762.0,3,1,125.0,3,7094.21,7094.21
Super built-up  Area,Ready To Move,other,3 BHK,1200.0,3,0,90.0,3,7500.0,7500.0
Super built-up  Area,19-Mar,other,3 BHK,2023.71,3,2,275.0,3,13588.9,13588.9
Super built-up  Area,Ready To Move,other,3 BHK,2150.0,4,1,240.0,3,11162.79,11162.79
Built-up  Area,Ready To Move,other,4 Bedroom,3309.0,4,3,325.0,4,9821.7,9821.7
Super built-up  Area,Ready To Move,other,11 BHK,5000.0,9,3,360.0,11,7200.0,7200.0
Super built-up  Area,Ready To Move,other,2 BHK,1150.0,2,2,126.0,2,10956.52,10956.52
Super built-up  Area,Ready To Move,other,2 BHK,1200.0,2,1,74.0,2,6166.67,6166.67
Super built-up  Area,Ready To Move,other,3 BHK,1753.0,3,2,120.0,3,6845.41,6845.41
Plot  Area,17-Oct,other,2 Bedroom,720.0,2,1,45.0,2,6250.0,6250.0
Plot  Area,Ready To Move,other,4 Bedroom,1200.0,3,1,165.0,4,13750.0,13750.0
Built-up  Area,Ready To Move,other,1 Bedroom,700.0,1,0,41.0,1,5857.14,5857.14
Built-up  Area,19-Jul,other,3 BHK,1595.0,3,2,115.0,3,7210.03,7210.03
Super built-up  Area,Ready To Move,other,2 BHK,1353.0,2,2,110.0,2,8130.08,8130.08
Built-up  Area,Ready To Move,other,1 BHK,1200.0,2,0,85.0,1,7083.33,7083.33
Built-up  Area,Ready To Move,other,3 BHK,1325.0,2,1,90.0,3,6792.45,6792.45
Super built-up  Area,Ready To Move,other,2 BHK,1056.0,2,1,80.0,2,7575.76,7575.76
Super built-up  Area,Ready To Move,other,3 BHK,1600.0,3,2,86.0,3,5375.0,5375.0
Super built-up  Area,Ready To Move,other,3 BHK,1544.0,3,1,120.0,3,7772.02,7772.02
Plot  Area,Ready To Move,other,2 Bedroom,1200.0,2,0,65.0,2,5416.67,5416.67
Built-up  Area,Ready To Move,other,1 Bedroom,540.0,1,1,36.0,1,6666.67,6666.67
Super built-up  Area,Ready To Move,other,3 BHK,1578.0,3,1,180.0,3,11406.84,11406.84
Plot  Area,Ready To Move,other,2 Bedroom,1600.0,2,0,115.0,2,7187.5,7187.5
Super built-up  Area,18-Jul,other,1 BHK,416.0,1,1,18.5,1,4447.12,4447.12
Built-up  Area,Ready To Move,other,1 BHK,834.0,1,1,60.0,1,7194.24,7194.24
Plot  Area,Ready To Move,other,3 Bedroom,1125.0,4,1,70.0,3,6222.22,6222.22
Super built-up  Area,18-May,other,4 BHK,3000.0,5,2,260.0,4,8666.67,8666.67
Plot  Area,Ready To Move,other,6 Bedroom,2160.0,5,1,250.0,6,11574.07,11574.07
Super built-up  Area,Ready To Move,other,1 BHK,469.0,1,0,25.0,1,5330.49,5330.49
Super built-up  Area,Ready To Move,other,2 BHK,1630.0,2,2,200.0,2,12269.94,12269.94
Built-up  Area,Ready To Move,other,3 Bedroom,1200.0,2,0,70.0,3,5833.33,5833.33
Super built-up  Area,Ready To Move,other,3 BHK,1350.0,3,0,77.0,3,5703.7,5703.7
Built-up  Area,18-Mar,other,4 Bedroom,4046.0,4,0,445.0,4,10998.52,10998.52
Super built-up  Area,18-Dec,other,3 BHK,1180.0,2,2,78.34,3,6638.98,6638.98
Super built-up  Area,Ready To Move,other,2 BHK,1355.0,2,2,115.0,2,8487.08,8487.08
Plot  Area,Ready To Move,other,1 Bedroom,600.0,1,0,50.0,1,8333.33,8333.33
Super built-up  Area,Ready To Move,other,3 BHK,1875.0,3,2,165.0,3,8800.0,8800.0
Plot  Area,Ready To Move,other,2 Bedroom,600.0,2,1,55.0,2,9166.67,9166.67
Super built-up  Area,Ready To Move,other,3 BHK,1750.0,3,1,120.0,3,6857.14,6857.14
Plot  Area,Ready To Move,other,3 Bedroom,1092.0,2,1,98.5,3,9020.15,9020.15
Super built-up  Area,20-Jun,other,3 BHK,1855.0,3,1,225.0,3,12129.38,12129.38
Built-up  Area,Ready To Move,other,1 BHK,425.0,1,0,20.03,1,4712.94,4712.94
Plot  Area,Ready To Move,other,1 Bedroom,600.0,1,1,60.0,1,10000.0,10000.0
Super built-up  Area,Ready To Move,other,2 BHK,1468.0,2,1,140.0,2,9536.78,9536.78
Plot  Area,Ready To Move,other,4 Bedroom,4300.0,5,2,550.0,4,12790.7,12790.7
Super built-up  Area,Ready To Move,other,2 BHK,775.0,2,1,55.0,2,7096.77,7096.77
Super built-up  Area,Ready To Move,other,3 BHK,1352.0,3,0,135.0,3,9985.21,9985.21
Plot  Area,Ready To Move,other,4 Bedroom,1200.0,3,1,95.0,4,7916.67,7916.67
Super built-up  Area,Ready To Move,other,3 BHK,1976.0,3,1,184.0,3,9311.74,9311.74
Plot  Area,Ready To Move,other,4 Bedroom,5500.0,4,1,600.0,4,10909.09,10909.09
Plot  Area,Ready To Move,other,3 Bedroom,1200.0,3,0,95.0,3,7916.67,7916.67
Super built-up  Area,Ready To Move,other,2 BHK,1180.0,2,1,69.0,2,5847.46,5847.46
Super built-up  Area,Ready To Move,other,1 BHK,686.0,1,1,17.0,1,2478.13,2478.13
Built-up  Area,Ready To Move,other,4 Bedroom,1500.0,4,1,180.0,4,12000.0,12000.0
Super built-up  Area,Ready To Move,other,2 BHK,1282.0,2,2,87.0,2,6786.27,6786.27
Built-up  Area,Ready To Move,other,3 Bedroom,1500.0,2,2,95.0,3,6333.33,6333.33
Super built-up  Area,Ready To Move,other,2 BHK,1300.0,1,1,115.0,2,8846.15,8846.15
Built-up  Area,Ready To Move,other,1 BHK,530.0,1,1,20.0,1,3773.58,3773.58
Super built-up  Area,Ready To Move,other,2 BHK,1350.0,2,3,80.0,2,5925.93,5925.93
Plot  Area,Ready To Move,other,8 Bedroom,2400.0,6,3,125.0,8,5208.33,5208.33
Super built-up  Area,Ready To Move,other,2 BHK,1141.0,2,0,62.0,2,5433.83,5433.83
Super built-up  Area,Ready To Move,other,1 BHK,950.0,1,1,40.0,1,4210.53,4210.53
Built-up  Area,Ready To Move,other,3 BHK,1480.0,3,2,90.0,3,6081.08,6081.08
Super built-up  Area,Ready To Move,other,3 BHK,1600.0,3,3,90.0,3,5625.0,5625.0
Plot  Area,Ready To Move,other,4 Bedroom,1200.0,4,0,135.0,4,11250.0,11250.0
Plot  Area,Ready To Move,other,3 Bedroom,1500.0,3,2,115.0,3,7666.67,7666.67
Super built-up  Area,17-Dec,other,3 BHK,1824.0,3,3,125.0,3,6853.07,6853.07
Plot  Area,Ready To Move,other,1 Bedroom,750.0,1,0,56.25,1,7500.0,7500.0
Plot  Area,Ready To Move,other,4 Bedroom,6000.0,5,3,400.0,4,6666.67,6666.67
Built-up  Area,Ready To Move,other,3 BHK,2400.0,3,2,170.0,3,7083.33,7083.33
Super built-up  Area,Ready To Move,other,3 BHK,1500.0,2,2,98.0,3,6533.33,6533.33
Super built-up  Area,Ready To Move,other,3 BHK,3095.0,3,3,350.0,3,11308.56,11308.56
Plot  Area,Ready To Move,other,1 Bedroom,1200.0,1,1,28.0,1,2333.33,2333.33
Plot  Area,Ready To Move,other,3 Bedroom,1500.0,3,3,100.0,3,6666.67,6666.67
Plot  Area,Ready To Move,other,5 Bedroom,1560.0,5,1,145.0,5,9294.87,9294.87
Super built-up  Area,Ready To Move,other,3 BHK,1560.0,3,1,188.0,3,12051.28,12051.28
Super built-up  Area,Ready To Move,other,1 BHK,485.0,1,1,15.0,1,3092.78,3092.78
Plot  Area,Ready To Move,other,3 Bedroom,1200.0,3,1,130.0,3,10833.33,10833.33
Super built-up  Area,Ready To Move,other,2 BHK,1050.0,2,1,67.0,2,6380.95,6380.95
Super built-up  Area,Ready To Move,other,3 BHK,1596.0,3,1,105.0,3,6578.95,6578.95
Plot  Area,Ready To Move,other,3 Bedroom,1200.0,3,1,85.0,3,7083.33,7083.33
Built-up  Area,20-Dec,other,2 BHK,1132.0,2,1,67.0,2,5918.73,5918.73
Super built-up  Area,Ready To Move,other,3 BHK,1515.0,3,3,88.0,3,5808.58,5808.58
Super built-up  Area,18-May,other,2 BHK,1380.0,2,1,80.0,2,5797.1,5797.1
Built-up  Area,Ready To Move,other,4 Bedroom,4346.0,5,1,500.0,4,11504.83,11504.83
Super built-up  Area,Ready To Move,other,3 BHK,2200.0,3,1,187.0,3,8500.0,8500.0
Built-up  Area,Ready To Move,other,3 Bedroom,3329.0,3,2,330.0,3,9912.89,9912.89
Plot  Area,Ready To Move,other,4 Bedroom,3600.0,4,1,300.0,4,8333.33,8333.33
Super built-up  Area,Ready To Move,other,4 BHK,3500.0,3,3,450.0,4,12857.14,12857.14
Super built-up  Area,Ready To Move,other,2 BHK,1093.0,2,2,65.0,2,5946.94,5946.94
Carpet  Area,Ready To Move,other,3 BHK,1535.0,3,1,95.0,3,6188.93,6188.93
Super built-up  Area,19-Mar,other,2 BHK,1100.0,2,1,62.7,2,5700.0,5700.0
Super built-up  Area,Ready To Move,other,3 BHK,2197.0,4,3,280.0,3,12744.65,12744.65
Built-up  Area,Ready To Move,other,2 BHK,1100.0,2,1,60.0,2,5454.55,5454.55
Plot  Area,Ready To Move,other,4 Bedroom,1600.0,3,1,172.0,4,10750.0,10750.0
Built-up  Area,Ready To Move,other,3 BHK,1450.0,2,2,85.0,3,5862.07,5862.07
Built-up  Area,Ready To Move,other,4 Bedroom,2000.0,3,1,166.0,4,8300.0,8300.0
Built-up  Area,Ready To Move,other,3 BHK,1756.0,3,3,100.0,3,5694.76,5694.76
Super built-up  Area,18-Jun,other,3 BHK,1532.0,3,3,92.0,3,6005.22,6005.22
Built-up  Area,Ready To Move,other,3 BHK,1650.0,3,0,110.0,3,6666.67,6666.67
Built-up  Area,Ready To Move,other,2 BHK,1200.0,2,2,66.0,2,5500.0,5500.0
Super built-up  Area,Ready To Move,other,3 BHK,1525.0,2,3,122.0,3,8000.0,8000.0
Plot  Area,Ready To Move,other,4 Bedroom,2400.0,3,1,200.0,4,8333.33,8333.33
Built-up  Area,Ready To Move,other,2 BHK,1000.0,2,1,130.0,2,13000.0,13000.0
Plot  Area,Ready To Move,other,2 Bedroom,3040.0,1,1,180.0,2,5921.05,5921.05
Super built-up  Area,Ready To Move,other,3 BHK,1390.0,3,1,120.0,3,8633.09,8633.09
Super built-up  Area,Ready To Move,other,2 BHK,1135.0,2,2,68.0,2,5991.19,5991.19
Super built-up  Area,Ready To Move,other,2 BHK,900.0,2,1,55.0,2,6111.11,6111.11
Super built-up  Area,Ready To Move,other,3 BHK,2500.0,3,1,250.0,3,10000.0,10000.0
Plot  Area,Ready To Move,other,3 Bedroom,1168.0,3,0,70.0,3,5993.15,5993.15
Plot  Area,Ready To Move,other,4 Bedroom,2100.0,4,1,155.0,4,7380.95,7380.95
Super built-up  Area,Ready To Move,other,3 BHK,1515.0,3,3,93.93,3,6200.0,6200.0
Built-up  Area,Ready To Move,other,6 BHK,2700.0,4,2,214.0,6,7925.93,7925.93
Super built-up  Area,Ready To Move,other,3 BHK,2000.0,3,2,210.0,3,10500.0,10500.0
Plot  Area,Ready To Move,other,5 Bedroom,2400.0,4,1,300.0,5,12500.0,12500.0
Super built-up  Area,Ready To Move,other,3 BHK,1760.0,3,3,176.0,3,10000.0,10000.0
Built-up  Area,Ready To Move,other,1 BHK,595.0,1,1,42.0,1,7058.82,7058.82
Built-up  Area,Ready To Move,other,2 BHK,1170.0,2,2,86.0,2,7350.43,7350.43
Plot  Area,Ready To Move,other,4 Bedroom,2200.0,4,3,235.0,4,10681.82,10681.82
Carpet  Area,Ready To Move,other,3 BHK,1650.0,3,3,175.0,3,10606.06,10606.06
Super built-up  Area,Ready To Move,other,3 BHK,1670.0,3,3,91.86,3,5500.6,5500.6
Built-up  Area,Ready To Move,other,3 BHK,1250.0,2,1,80.0,3,6400.0,6400.0
Plot  Area,Ready To Move,other,3 Bedroom,1650.0,4,1,160.0,3,9696.97,9696.97
Super built-up  Area,Ready To Move,other,2 BHK,800.0,2,3,50.0,2,6250.0,6250.0
Super built-up  Area,Ready To Move,other,2 BHK,1225.0,2,2,150.0,2,12244.9,12244.9
Super built-up  Area,18-Dec,other,4 BHK,3675.0,4,3,367.0,4,9986.39,9986.39
Plot  Area,Ready To Move,other,2 Bedroom,1200.0,2,2,150.0,2,12500.0,12500.0
Plot  Area,Ready To Move,other,2 Bedroom,1350.0,2,1,80.0,2,5925.93,5925.93
Super built-up  Area,Ready To Move,other,3 BHK,1614.0,3,1,110.0,3,6815.37,6815.37
Super built-up  Area,Ready To Move,other,2 BHK,1188.0,2,3,73.0,2,6144.78,6144.78
Super built-up  Area,Ready To Move,other,3 BHK,1480.0,3,2,90.0,3,6081.08,6081.08
Plot  Area,Ready To Move,other,2 Bedroom,680.0,2,0,42.0,2,6176.47,6176.47
Built-up  Area,Ready To Move,other,2 BHK,955.0,2,3,53.55,2,5607.33,5607.33
Super built-up  Area,Ready To Move,other,3 BHK,2479.13,3,1,215.0,3,8672.4,8672.4
Built-up  Area,Ready To Move,other,2 BHK,1100.0,2,0,106.0,2,9636.36,9636.36
Super built-up  Area,Ready To Move,other,3 BHK,1925.0,3,2,120.0,3,6233.77,6233.77
Super built-up  Area,Ready To Move,other,1 BHK,650.0,1,1,26.0,1,4000.0,4000.0
Super built-up  Area,18-Apr,other,3 BHK,2000.0,3,3,207.0,3,10350.0,10350.0
Plot  Area,Ready To Move,other,2 Bedroom,1050.0,2,0,110.0,2,10476.19,10476.19
Super built-up  Area,Ready To Move,other,3 BHK,2204.0,2,3,305.0,3,13838.48,13838.48
Built-up  Area,Ready To Move,other,3 BHK,1685.0,2,1,110.0,3,6528.19,6528.19
Super built-up  Area,18-Jul,other,3 BHK,1550.0,3,3,110.0,3,7096.77,7096.77
Built-up  Area,Ready To Move,other,1 BHK,500.0,1,0,20.0,1,4000.0,4000.0
Super built-up  Area,Ready To Move,other,3 BHK,3155.0,4,2,370.0,3,11727.42,11727.42
Super built-up  Area,Ready To Move,other,3 BHK,1765.0,3,3,105.0,3,5949.01,5949.01
Super built-up  Area,Ready To Move,other,2 BHK,1265.0,2,3,70.0,2,5533.6,5533.6
Built-up  Area,Ready To Move,other,2 BHK,1012.0,2,1,59.0,2,5830.04,5830.04
Super built-up  Area,Ready To Move,other,3 BHK,2045.0,4,3,154.0,3,7530.56,7530.56
Plot  Area,Ready To Move,other,6 Bedroom,2400.0,4,2,280.0,6,11666.67,11666.67
Super built-up  Area,Ready To Move,other,1 BHK,581.91,2,1,25.0,1,4296.2,4296.2
Plot  Area,Ready To Move,other,3 Bedroom,1158.0,2,2,85.0,3,7340.24,7340.24
Super built-up  Area,17-Aug,other,2 BHK,925.0,2,2,51.0,2,5513.51,5513.51
Built-up  Area,Ready To Move,other,2 BHK,1415.0,2,3,110.0,2,7773.85,7773.85
Super built-up  Area,Ready To Move,other,4 BHK,4750.0,5,1,600.0,4,12631.58,12631.58
Super built-up  Area,Ready To Move,other,3 BHK,1840.0,3,2,155.0,3,8423.91,8423.91
Plot  Area,Ready To Move,other,2 Bedroom,1350.0,2,1,185.0,2,13703.7,13703.7
Built-up  Area,Ready To Move,other,2 BHK,824.0,2,0,60.0,2,7281.55,7281.55
Super built-up  Area,18-Aug,other,3 BHK,1340.0,2,1,100.0,3,7462.69,7462.69
Built-up  Area,Ready To Move,other,3 BHK,1620.0,2,1,110.0,3,6790.12,6790.12
Built-up  Area,Ready To Move,other,3 BHK,1533.0,3,2,115.0,3,7501.63,7501.63
Built-up  Area,Ready To Move,other,3 BHK,1560.0,3,2,85.0,3,5448.72,5448.72
Super built-up  Area,Ready To Move,other,1 BHK,750.0,1,2,25.0,1,3333.33,3333.33
Super built-up  Area,Ready To Move,other,3 BHK,1375.0,2,3,85.0,3,6181.82,6181.82
Built-up  Area,Ready To Move,other,3 BHK,1500.0,3,2,88.0,3,5866.67,5866.67
Super built-up  Area,Ready To Move,other,2 BHK,1140.0,2,1,76.0,2,6666.67,6666.67
Super built-up  Area,Ready To Move,other,2 BHK,1198.0,2,1,84.0,2,7011.69,7011.69
Built-up  Area,Ready To Move,other,4 BHK,4000.0,4,1,520.0,4,13000.0,13000.0
Built-up  Area,Ready To Move,other,2 BHK,1370.0,2,2,75.0,2,5474.45,5474.45
Super built-up  Area,Ready To Move,other,2 BHK,1000.0,1,1,55.0,2,5500.0,5500.0
Plot  Area,Ready To Move,other,2 Bedroom,1200.0,2,2,125.0,2,10416.67,10416.67
Built-up  Area,Ready To Move,other,1 Bedroom,1050.0,1,1,70.0,1,6666.67,6666.67
Plot  Area,Ready To Move,other,3 Bedroom,1200.0,2,0,80.0,3,6666.67,6666.67
Built-up  Area,Ready To Move,other,1 BHK,400.0,1,0,14.0,1,3500.0,3500.0
Plot  Area,Ready To Move,other,5 Bedroom,1575.0,4,0,150.0,5,9523.81,9523.81
Built-up  Area,Ready To Move,other,4 Bedroom,4800.0,5,3,629.0,4,13104.17,13104.17
Super built-up  Area,Ready To Move,other,2 BHK,1200.0,2,2,70.0,2,5833.33,5833.33
Super built-up  Area,Ready To Move,other,2 BHK,1100.0,2,1,60.0,2,5454.55,5454.55
Super built-up  Area,Ready To Move,other,2 BHK,1300.0,2,1,79.0,2,6076.92,6076.92
Super built-up  Area,Ready To Move,other,4 BHK,3500.0,4,3,350.0,4,10000.0,10000.0
Built-up  Area,Ready To Move,other,3 BHK,1000.0,2,0,110.0,3,11000.0,11000.0
Plot  Area,Ready To Move,other,1 Bedroom,800.0,1,1,100.0,1,12500.0,12500.0
Built-up  Area,Ready To Move,other,3 BHK,2400.0,3,1,260.0,3,10833.33,10833.33
Super built-up  Area,Ready To Move,other,3 BHK,1533.0,3,2,85.0,3,5544.68,5544.68
Super built-up  Area,Ready To Move,other,2 BHK,1452.55,2,3,110.0,2,7572.89,7572.89
Built-up  Area,Ready To Move,other,3 BHK,2357.0,3,2,151.0,3,6406.45,6406.45
Super built-up  Area,Ready To Move,other,2 BHK,1170.0,2,3,105.0,2,8974.36,8974.36
Super built-up  Area,18-Jul,other,3 BHK,1411.0,3,2,91.72,3,6500.35,6500.35
Super built-up  Area,Ready To Move,other,3 BHK,3095.0,3,3,375.0,3,12116.32,12116.32
Plot  Area,Ready To Move,other,3 Bedroom,1100.0,3,1,78.0,3,7090.91,7090.91
Super built-up  Area,Ready To Move,other,4 BHK,3600.0,4,1,365.0,4,10138.89,10138.89
Built-up  Area,Ready To Move,other,3 BHK,1945.0,3,3,120.0,3,6169.67,6169.67
Super built-up  Area,Ready To Move,other,3 BHK,1650.0,3,1,165.0,3,10000.0,10000.0
Plot  Area,Ready To Move,other,3 Bedroom,1550.0,2,1,150.0,3,9677.42,9677.42
Built-up  Area,Ready To Move,other,3 BHK,1150.0,2,1,75.0,3,6521.74,6521.74
Plot  Area,Ready To Move,other,3 Bedroom,1200.0,3,1,74.0,3,6166.67,6166.67
Super built-up  Area,Ready To Move,other,3 BHK,1229.0,3,1,86.03,3,7000.0,7000.0
Built-up  Area,Ready To Move,other,2 BHK,1030.0,2,3,61.0,2,5922.33,5922.33
Built-up  Area,Ready To Move,other,1 Bedroom,600.0,1,0,32.0,1,5333.33,5333.33
Super built-up  Area,Ready To Move,other,2 BHK,1165.0,2,1,135.0,2,11587.98,11587.98
Built-up  Area,Ready To Move,other,4 BHK,3000.0,4,2,240.0,4,8000.0,8000.0
Super built-up  Area,Ready To Move,other,2 BHK,1315.0,2,2,90.0,2,6844.11,6844.11
Super built-up  Area,Ready To Move,other,2 BHK,1210.0,2,2,72.0,2,5950.41,5950.41
Plot  Area,18-Jul,other,4 Bedroom,30000.0,4,1,2100.0,4,7000.0,7000.0
Super built-up  Area,Ready To Move,other,2 BHK,1170.0,2,2,68.0,2,5811.97,5811.97
Plot  Area,Ready To Move,other,2 Bedroom,1600.0,2,2,110.0,2,6875.0,6875.0
Super built-up  Area,Ready To Move,other,3 BHK,1370.0,2,2,75.0,3,5474.45,5474.45
Super built-up  Area,21-May,other,3 BHK,1980.0,3,2,224.0,3,11313.13,11313.13
Super built-up  Area,Ready To Move,other,3 BHK,1700.0,3,1,97.0,3,5705.88,5705.88
Super built-up  Area,Ready To Move,other,3 BHK,1900.0,3,3,160.0,3,8421.05,8421.05
Built-up  Area,Ready To Move,other,2 BHK,1100.0,2,1,75.0,2,6818.18,6818.18
Built-up  Area,Ready To Move,other,3 BHK,1929.0,3,2,115.0,3,5961.64,5961.64
Built-up  Area,Ready To Move,other,4 BHK,3161.0,4,3,214.0,4,6770.01,6770.01
Plot  Area,Ready To Move,other,3 Bedroom,3515.0,3,1,420.0,3,11948.79,11948.79
Super built-up  Area,Ready To Move,other,2 BHK,1100.0,2,1,70.0,2,6363.64,6363.64
Super built-up  Area,Ready To Move,other,1 BHK,700.0,1,1,41.0,1,5857.14,5857.14
Plot  Area,Ready To Move,other,3 Bedroom,3000.0,3,0,250.0,3,8333.33,8333.33
Super built-up  Area,Ready To Move,other,2 BHK,1100.0,2,3,61.0,2,5545.45,5545.45
Plot  Area,Ready To Move,other,1 Bedroom,1260.0,1,0,41.0,1,3253.97,3253.97
Plot  Area,Ready To Move,other,1 Bedroom,1500.0,1,0,37.5,1,2500.0,2500.0
Built-up  Area,Ready To Move,other,1 BHK,600.0,1,1,17.0,1,2833.33,2833.33
Super built-up  Area,Ready To Move,other,2 BHK,1165.0,2,2,75.0,2,6437.77,6437.77
Plot  Area,Ready To Move,other,3 Bedroom,1272.0,4,0,75.0,3,5896.23,5896.23
Plot  Area,Ready To Move,other,5 Bedroom,1600.0,5,2,140.0,5,8750.0,8750.0
Super built-up  Area,Ready To Move,other,3 BHK,1000.0,2,1,65.0,3,6500.0,6500.0
Plot  Area,Ready To Move,other,3 Bedroom,2400.0,4,2,325.0,3,13541.67,13541.67
Built-up  Area,Ready To Move,other,2 BHK,1463.0,1,1,142.0,2,9706.08,9706.08
Super built-up  Area,Ready To Move,other,3 BHK,2401.0,3,2,185.0,3,7705.12,7705.12
Built-up  Area,Ready To Move,other,3 BHK,1875.0,2,3,235.0,3,12533.33,12533.33
Built-up  Area,Ready To Move,other,1 BHK,890.0,1,1,75.0,1,8426.97,8426.97
Plot  Area,Ready To Move,other,3 Bedroom,2400.0,3,2,290.0,3,12083.33,12083.33
Super built-up  Area,Ready To Move,other,3 BHK,1690.0,3,2,100.0,3,5917.16,5917.16
Plot  Area,Ready To Move,other,2 Bedroom,1350.0,2,0,90.0,2,6666.67,6666.67
Super built-up  Area,Ready To Move,other,3 BHK,1460.0,3,2,88.0,3,6027.4,6027.4
Super built-up  Area,Ready To Move,other,3 BHK,1685.0,3,2,95.0,3,5637.98,5637.98
Plot  Area,18-Apr,other,1 Bedroom,800.0,1,0,52.0,1,6500.0,6500.0
Plot  Area,Ready To Move,other,4 Bedroom,4000.0,5,1,280.0,4,7000.0,7000.0
Plot  Area,Ready To Move,other,2 Bedroom,792.0,2,1,70.0,2,8838.38,8838.38
Plot  Area,Ready To Move,other,5 Bedroom,2400.0,5,2,235.0,5,9791.67,9791.67
Plot  Area,Ready To Move,other,1 Bedroom,461.82,1,1,31.7,1,6864.15,6864.15
Plot  Area,18-Feb,other,3 Bedroom,1500.0,2,0,85.0,3,5666.67,5666.67
Super built-up  Area,Ready To Move,other,2 BHK,1260.0,2,1,75.0,2,5952.38,5952.38
Built-up  Area,Ready To Move,other,3 BHK,2820.0,3,1,285.0,3,10106.38,10106.38
Built-up  Area,Ready To Move,other,3 Bedroom,1950.0,3,2,130.0,3,6666.67,6666.67
Super built-up  Area,Ready To Move,other,3 BHK,1350.0,2,2,140.0,3,10370.37,10370.37
Plot  Area,Ready To Move,other,4 Bedroom,4051.0,4,3,345.0,4,8516.42,8516.42
Super built-up  Area,Ready To Move,other,3 BHK,2100.0,3,3,170.0,3,8095.24,8095.24
Built-up  Area,Ready To Move,other,3 BHK,1991.0,3,2,160.0,3,8036.16,8036.16
Built-up  Area,Ready To Move,other,3 BHK,1200.0,3,2,66.0,3,5500.0,5500.0
Plot  Area,19-Dec,other,4 Bedroom,3000.0,4,3,342.0,4,11400.0,11400.0
Plot  Area,Ready To Move,other,6 Bedroom,2400.0,6,1,245.0,6,10208.33,10208.33
Plot  Area,Ready To Move,other,2 Bedroom,1375.0,2,1,105.0,2,7636.36,7636.36
Super built-up  Area,20-Dec,other,3 BHK,1693.0,3,2,108.0,3,6379.21,6379.21
Super built-up  Area,Ready To Move,other,3 BHK,1150.0,2,2,77.5,3,6739.13,6739.13
Super built-up  Area,Ready To Move,other,2 BHK,1058.0,2,2,60.0,2,5671.08,5671.08
Built-up  Area,Ready To Move,other,1 BHK,900.0,1,1,30.0,1,3333.33,3333.33
Super built-up  Area,Ready To Move,other,3 BHK,1672.0,3,2,150.0,3,8971.29,8971.29
Built-up  Area,Ready To Move,other,3 BHK,1250.0,3,2,139.0,3,11120.0,11120.0
Super built-up  Area,Ready To Move,other,2 BHK,1468.0,3,2,130.0,2,8855.59,8855.59
Built-up  Area,Ready To Move,other,3 BHK,1480.0,2,0,145.0,3,9797.3,9797.3
Super built-up  Area,Ready To Move,other,3 BHK,2280.0,3,1,285.0,3,12500.0,12500.0
Super built-up  Area,19-Dec,other,3 BHK,2000.0,3,2,200.0,3,10000.0,10000.0
Super built-up  Area,Ready To Move,other,3 BHK,1080.0,2,2,75.0,3,6944.44,6944.44
Super built-up  Area,Ready To Move,other,3 BHK,2400.0,2,1,150.0,3,6250.0,6250.0
Super built-up  Area,Ready To Move,other,2 BHK,1125.0,2,1,75.0,2,6666.67,6666.67
Built-up  Area,Ready To Move,other,3 BHK,1596.0,3,0,95.0,3,5952.38,5952.38
Built-up  Area,Ready To Move,other,3 BHK,1639.0,3,3,123.0,3,7504.58,7504.58
Super built-up  Area,Ready To Move,other,3 BHK,1740.0,3,2,199.0,3,11436.78,11436.78
Carpet  Area,Ready To Move,other,3 BHK,1372.0,2,1,90.0,3,6559.77,6559.77
Super built-up  Area,Ready To Move,other,5 BHK,6200.0,5,1,720.0,5,11612.9,11612.9
Built-up  Area,Ready To Move,other,2 BHK,925.0,2,2,63.0,2,6810.81,6810.81
Plot  Area,Ready To Move,other,4 Bedroom,1200.0,3,1,95.0,4,7916.67,7916.67
Plot  Area,Ready To Move,other,2 Bedroom,1200.0,2,0,79.0,2,6583.33,6583.33
Super built-up  Area,18-Apr,other,3 BHK,2500.0,3,1,270.0,3,10800.0,10800.0
Plot  Area,Ready To Move,other,4 Bedroom,1584.0,3,2,145.0,4,9154.04,9154.04
Super built-up  Area,Ready To Move,other,3 BHK,1570.0,3,1,115.0,3,7324.84,7324.84
Built-up  Area,Ready To Move,other,3 BHK,3000.0,3,3,400.0,3,13333.33,13333.33
Built-up  Area,Ready To Move,other,3 BHK,1750.0,3,1,180.0,3,10285.71,10285.71
Plot  Area,Ready To Move,other,2 Bedroom,1500.0,1,0,160.0,2,10666.67,10666.67
Plot  Area,Ready To Move,other,6 Bedroom,2100.0,6,1,275.0,6,13095.24,13095.24
Built-up  Area,Ready To Move,other,1 BHK,705.0,1,2,36.5,1,5177.3,5177.3
Super built-up  Area,Ready To Move,other,3 BHK,1340.0,3,3,77.0,3,5746.27,5746.27
Plot  Area,Ready To Move,other,1 Bedroom,1260.0,1,1,41.0,1,3253.97,3253.97
Plot  Area,Ready To Move,other,2 Bedroom,1200.0,2,1,125.0,2,10416.67,10416.67
Built-up  Area,Ready To Move,other,4 Bedroom,1270.0,2,1,175.0,4,13779.53,13779.53
Plot  Area,Ready To Move,other,3 Bedroom,1200.0,3,2,130.0,3,10833.33,10833.33
Super built-up  Area,Ready To Move,other,4 BHK,3100.0,5,1,385.0,4,12419.35,12419.35
Plot  Area,Ready To Move,other,4 Bedroom,1200.0,4,1,150.0,4,12500.0,12500.0
Plot  Area,Ready To Move,other,3 Bedroom,3259.0,3,0,270.0,3,8284.75,8284.75
Built-up  Area,Ready To Move,other,1 BHK,596.0,1,1,42.0,1,7046.98,7046.98
Super built-up  Area,Ready To Move,other,16 BHK,10000.0,16,1,550.0,16,5500.0,5500.0
Plot  Area,Ready To Move,other,4 Bedroom,1200.0,4,3,110.0,4,9166.67,9166.67
Super built-up  Area,Ready To Move,other,3 BHK,1910.0,3,1,190.0,3,9947.64,9947.64
Built-up  Area,Ready To Move,other,3 BHK,1750.0,3,3,149.0,3,8514.29,8514.29
Super built-up  Area,19-Jun,other,2 BHK,985.0,2,1,63.0,2,6395.94,6395.94
Super built-up  Area,16-Jul,other,2 BHK,1300.0,2,1,129.0,2,9923.08,9923.08
Super built-up  Area,Ready To Move,other,3 BHK,1490.0,2,3,88.0,3,5906.04,5906.04
Super built-up  Area,Ready To Move,other,1 BHK,650.0,1,0,30.0,1,4615.38,4615.38
Super built-up  Area,Ready To Move,other,3 BHK,1500.0,2,2,89.99,3,5999.33,5999.33
Plot  Area,Ready To Move,other,4 Bedroom,1350.0,4,2,145.0,4,10740.74,10740.74
Super built-up  Area,Ready To Move,other,1 BHK,910.0,1,1,42.0,1,4615.38,4615.38
Built-up  Area,Ready To Move,other,1 BHK,532.0,1,1,22.49,1,4227.44,4227.44
Super built-up  Area,Ready To Move,other,3 BHK,1060.0,3,1,62.0,3,5849.06,5849.06
Super built-up  Area,Ready To Move,other,2 BHK,1550.0,2,3,160.0,2,10322.58,10322.58
Built-up  Area,Ready To Move,other,2 Bedroom,1000.0,2,1,80.0,2,8000.0,8000.0
Built-up  Area,15-Jun,other,3 BHK,1500.0,2,0,97.0,3,6466.67,6466.67
Super built-up  Area,19-Mar,other,3 BHK,1865.0,4,2,140.0,3,7506.7,7506.7
Built-up  Area,Ready To Move,other,4 BHK,3500.0,4,2,245.0,4,7000.0,7000.0
Super built-up  Area,18-Dec,other,3 BHK,1320.0,2,2,73.0,3,5530.3,5530.3
Plot  Area,Ready To Move,other,6 Bedroom,2150.0,6,3,205.0,6,9534.88,9534.88
Plot  Area,Ready To Move,other,2 Bedroom,675.0,3,1,52.0,2,7703.7,7703.7
Super built-up  Area,Ready To Move,other,3 BHK,1801.0,3,2,139.0,3,7717.93,7717.93
Built-up  Area,Ready To Move,other,4 BHK,2990.0,4,1,324.0,4,10836.12,10836.12
Plot  Area,Ready To Move,other,2 Bedroom,2400.0,2,1,160.0,2,6666.67,6666.67
Built-up  Area,18-May,other,2 BHK,1150.0,2,1,75.0,2,6521.74,6521.74
Plot  Area,Ready To Move,other,3 Bedroom,1200.0,3,2,165.0,3,13750.0,13750.0
Super built-up  Area,Ready To Move,other,3 BHK,1390.0,2,2,80.0,3,5755.4,5755.4
Super built-up  Area,Ready To Move,other,3 BHK,1550.0,2,1,90.0,3,5806.45,5806.45
Plot  Area,Ready To Move,other,4 Bedroom,1500.0,4,0,110.0,4,7333.33,7333.33
Super built-up  Area,Ready To Move,other,3 BHK,1839.0,3,3,165.0,3,8972.27,8972.27
Super built-up  Area,Ready To Move,other,2 BHK,900.0,2,1,70.0,2,7777.78,7777.78
Plot  Area,Ready To Move,other,3 Bedroom,1500.0,3,2,149.0,3,9933.33,9933.33
Plot  Area,Ready To Move,other,1 Bedroom,750.0,2,0,50.0,1,6666.67,6666.67
Built-up  Area,Ready To Move,other,2 BHK,600.0,3,2,75.0,2,12500.0,12500.0
Built-up  Area,Ready To Move,other,3 BHK,1605.0,2,3,85.0,3,5295.95,5295.95
Super built-up  Area,Ready To Move,other,1 BHK,1500.0,1,1,19.5,1,1300.0,1300.0
Plot  Area,Ready To Move,other,2 Bedroom,1200.0,2,0,70.0,2,5833.33,5833.33
Plot  Area,Ready To Move,other,2 Bedroom,1200.0,2,1,160.0,2,13333.33,13333.33
Super built-up  Area,Ready To Move,other,3 BHK,1904.0,3,3,155.0,3,8140.76,8140.76
Super built-up  Area,Ready To Move,other,3 BHK,2770.0,4,3,315.0,3,11371.84,11371.84
Built-up  Area,19-Dec,other,1 BHK,813.0,1,1,39.0,1,4797.05,4797.05
Super built-up  Area,Ready To Move,other,3 BHK,1630.0,2,2,97.78,3,5998.77,5998.77
Built-up  Area,Ready To Move,other,4 BHK,2425.0,4,3,173.0,4,7134.02,7134.02
Built-up  Area,Ready To Move,other,2 BHK,1280.0,2,1,75.0,2,5859.38,5859.38
Super built-up  Area,Ready To Move,other,1 BHK,735.0,1,1,75.0,1,10204.08,10204.08
Built-up  Area,Ready To Move,other,1 BHK,500.0,1,0,24.0,1,4800.0,4800.0
Plot  Area,Ready To Move,other,3 Bedroom,1200.0,4,0,145.0,3,12083.33,12083.33
Plot  Area,Ready To Move,other,2 Bedroom,1200.0,2,1,100.0,2,8333.33,8333.33
Plot  Area,Ready To Move,other,3 Bedroom,1200.0,3,1,160.0,3,13333.33,13333.33
Super built-up  Area,Ready To Move,other,3 BHK,1265.0,2,1,82.0,3,6482.21,6482.21
Built-up  Area,Ready To Move,other,3 BHK,1850.0,3,3,98.0,3,5297.3,5297.3
Plot  Area,17-Dec,other,4 Bedroom,2360.0,4,2,150.0,4,6355.93,6355.93
Super built-up  Area,Ready To Move,other,2 BHK,1030.0,2,1,77.25,2,7500.0,7500.0
Super built-up  Area,Ready To Move,other,3 BHK,2000.0,3,2,160.0,3,8000.0,8000.0
Built-up  Area,20-Dec,other,3 BHK,1575.0,3,2,93.0,3,5904.76,5904.76
Built-up  Area,Ready To Move,other,3 BHK,1300.0,2,2,70.0,3,5384.62,5384.62
Super built-up  Area,Ready To Move,other,2 BHK,1380.0,2,1,75.0,2,5434.78,5434.78
Plot  Area,Ready To Move,other,3 Bedroom,3100.0,3,3,250.0,3,8064.52,8064.52
Built-up  Area,Ready To Move,other,2 BHK,1190.0,2,2,100.0,2,8403.36,8403.36
Super built-up  Area,Ready To Move,other,3 BHK,1827.0,3,3,100.0,3,5473.45,5473.45
Super built-up  Area,Ready To Move,other,3 BHK,1500.0,3,3,95.0,3,6333.33,6333.33
Super built-up  Area,Ready To Move,other,3 BHK,1645.0,3,2,95.0,3,5775.08,5775.08
Plot  Area,Ready To Move,other,4 Bedroom,1200.0,4,1,140.0,4,11666.67,11666.67
Super built-up  Area,Ready To Move,other,2 BHK,1097.0,2,3,65.0,2,5925.25,5925.25
Built-up  Area,Ready To Move,other,4 Bedroom,1600.0,3,1,165.0,4,10312.5,10312.5
Built-up  Area,Ready To Move,other,2 BHK,900.0,2,2,110.0,2,12222.22,12222.22
Built-up  Area,Ready To Move,other,2 Bedroom,1200.0,2,1,125.0,2,10416.67,10416.67
Super built-up  Area,Ready To Move,other,2 BHK,1355.0,2,3,75.0,2,5535.06,5535.06
Plot  Area,18-Mar,other,4 Bedroom,7500.0,4,2,900.0,4,12000.0,12000.0
Super built-up  Area,Ready To Move,other,4 BHK,4104.0,4,3,360.0,4,8771.93,8771.93
Plot  Area,Ready To Move,other,2 Bedroom,2080.0,2,1,150.0,2,7211.54,7211.54
Super built-up  Area,Ready To Move,other,2 BHK,1505.0,2,2,90.0,2,5980.07,5980.07
Plot  Area,Ready To Move,other,3 Bedroom,1200.0,3,3,95.75,3,7979.17,7979.17
Super built-up  Area,Ready To Move,other,3 BHK,1810.0,4,3,148.0,3,8176.8,8176.8
Super built-up  Area,Ready To Move,other,3 BHK,1530.0,2,1,97.0,3,6339.87,6339.87
Plot  Area,Ready To Move,other,3 Bedroom,1500.0,2,1,130.0,3,8666.67,8666.67
Super built-up  Area,Ready To Move,other,2 BHK,1400.0,2,2,80.0,2,5714.29,5714.29
Super built-up  Area,Ready To Move,other,3 BHK,1533.0,3,2,150.0,3,9784.74,9784.74
Super built-up  Area,Ready To Move,other,2 BHK,745.0,2,0,50.0,2,6711.41,6711.41
Super built-up  Area,19-Jul,other,2 BHK,1355.0,2,1,95.0,2,7011.07,7011.07
Super built-up  Area,Ready To Move,other,1 BHK,833.0,1,1,49.0,1,5882.35,5882.35
Super built-up  Area,Ready To Move,other,4 BHK,3000.0,5,1,270.0,4,9000.0,9000.0
Built-up  Area,Ready To Move,other,2 BHK,1220.0,2,2,68.0,2,5573.77,5573.77
Plot  Area,Ready To Move,other,4 Bedroom,3811.0,3,2,475.0,4,12463.92,12463.92
Super built-up  Area,Ready To Move,other,3 BHK,1545.0,3,3,85.0,3,5501.62,5501.62
Plot  Area,Ready To Move,other,2 Bedroom,1350.0,2,1,110.0,2,8148.15,8148.15
Super built-up  Area,Ready To Move,other,3 BHK,1200.0,2,1,68.0,3,5666.67,5666.67
Plot  Area,Ready To Move,other,5 Bedroom,2000.0,4,2,180.0,5,9000.0,9000.0
Built-up  Area,Ready To Move,other,4 Bedroom,1280.0,4,1,115.0,4,8984.38,8984.38
Plot  Area,Ready To Move,other,3 Bedroom,1200.0,3,0,85.0,3,7083.33,7083.33
Super built-up  Area,Ready To Move,other,3 BHK,1655.0,3,2,155.0,3,9365.56,9365.56
Super built-up  Area,19-Jan,other,2 BHK,1150.0,2,1,74.0,2,6434.78,6434.78
Plot  Area,Ready To Move,other,3 Bedroom,1200.0,2,0,108.0,3,9000.0,9000.0
Super built-up  Area,Ready To Move,other,2 BHK,1200.0,2,2,75.0,2,6250.0,6250.0
Plot  Area,Ready To Move,other,2 Bedroom,1500.0,2,0,203.0,2,13533.33,13533.33
Carpet  Area,Ready To Move,other,9 BHK,4500.0,9,1,500.0,9,11111.11,11111.11
Built-up  Area,Ready To Move,other,3 BHK,1550.0,3,2,160.0,3,10322.58,10322.58
Built-up  Area,Ready To Move,other,3 BHK,1758.0,3,2,95.0,3,5403.87,5403.87
Super built-up  Area,18-Dec,other,4 BHK,3179.0,5,3,351.0,4,11041.21,11041.21
Built-up  Area,Ready To Move,other,2 Bedroom,1200.0,3,0,85.0,2,7083.33,7083.33
Built-up  Area,Ready To Move,other,3 BHK,1800.0,3,3,140.0,3,7777.78,7777.78
Built-up  Area,19-Mar,other,4 BHK,3900.0,4,1,333.0,4,8538.46,8538.46
Plot  Area,Ready To Move,other,3 Bedroom,2400.0,4,2,200.0,3,8333.33,8333.33
Super built-up  Area,Ready To Move,other,3 BHK,1645.0,3,2,87.5,3,5319.15,5319.15
Super built-up  Area,Ready To Move,other,3 BHK,2600.0,3,2,140.0,3,5384.62,5384.62
Super built-up  Area,Ready To Move,other,2 BHK,950.0,2,1,60.0,2,6315.79,6315.79
Super built-up  Area,Ready To Move,other,3 BHK,1900.0,3,2,205.0,3,10789.47,10789.47
Super built-up  Area,Ready To Move,other,3 BHK,1402.0,2,2,85.0,3,6062.77,6062.77
Super built-up  Area,Ready To Move,other,3 BHK,2100.0,3,2,240.0,3,11428.57,11428.57
Plot  Area,Ready To Move,other,3 Bedroom,1200.0,3,0,140.0,3,11666.67,11666.67
Built-up  Area,Ready To Move,other,2 BHK,814.0,2,1,55.0,2,6756.76,6756.76
Super built-up  Area,Ready To Move,other,3 BHK,1590.0,3,0,120.0,3,7547.17,7547.17
Super built-up  Area,18-Oct,other,3 BHK,1450.0,2,3,89.6,3,6179.31,6179.31
Built-up  Area,Ready To Move,other,2 BHK,1340.0,2,3,77.0,2,5746.27,5746.27
Super built-up  Area,Ready To Move,other,3 BHK,1665.0,3,2,105.0,3,6306.31,6306.31
Plot  Area,Ready To Move,other,4 Bedroom,2300.0,4,1,200.0,4,8695.65,8695.65
Super built-up  Area,20-Dec,other,2 BHK,1210.0,2,1,76.0,2,6280.99,6280.99
Super built-up  Area,Ready To Move,other,2 BHK,1065.0,2,1,58.0,2,5446.01,5446.01
Built-up  Area,Ready To Move,other,3 BHK,1636.0,3,2,97.0,3,5929.1,5929.1
Super built-up  Area,Ready To Move,other,4 BHK,3600.0,4,3,450.0,4,12500.0,12500.0
Plot  Area,18-Feb,other,3 Bedroom,1200.0,3,2,72.0,3,6000.0,6000.0
Plot  Area,Ready To Move,other,2 Bedroom,1000.0,1,1,75.0,2,7500.0,7500.0
Built-up  Area,Ready To Move,other,2 BHK,1170.0,2,2,86.0,2,7350.43,7350.43
Plot  Area,Ready To Move,other,4 Bedroom,4830.0,5,1,390.0,4,8074.53,8074.53
Built-up  Area,Ready To Move,other,2 BHK,850.0,2,1,75.0,2,8823.53,8823.53
Super built-up  Area,Ready To Move,other,3 BHK,2065.0,3,2,130.0,3,6295.4,6295.4
Built-up  Area,Ready To Move,other,2 BHK,1150.0,2,2,125.0,2,10869.57,10869.57
Built-up  Area,Ready To Move,other,3 BHK,2550.0,4,2,290.0,3,11372.55,11372.55
Built-up  Area,Ready To Move,other,4 BHK,3080.0,2,1,285.0,4,9253.25,9253.25
Super built-up  Area,Ready To Move,other,1 BHK,450.0,1,1,25.0,1,5555.56,5555.56
Super built-up  Area,Ready To Move,other,2 BHK,1100.0,2,1,85.0,2,7727.27,7727.27
Super built-up  Area,Ready To Move,other,2 BHK,1036.0,2,2,110.0,2,10617.76,10617.76
Plot  Area,Ready To Move,other,4 Bedroom,1376.0,4,1,156.0,4,11337.21,11337.21
Super built-up  Area,18-May,other,2 BHK,1080.0,2,1,62.0,2,5740.74,5740.74
Built-up  Area,Ready To Move,other,3 BHK,1475.0,2,1,200.0,3,13559.32,13559.32
Plot  Area,Ready To Move,other,3 Bedroom,1200.0,3,3,96.25,3,8020.83,8020.83
Super built-up  Area,Ready To Move,other,4 BHK,2631.0,3,1,200.0,4,7601.67,7601.67
Built-up  Area,Ready To Move,other,2 BHK,830.0,2,1,60.0,2,7228.92,7228.92
Super built-up  Area,Ready To Move,other,2 BHK,1500.0,2,2,88.0,2,5866.67,5866.67
Built-up  Area,18-Jan,other,2 BHK,856.0,2,1,48.0,2,5607.48,5607.48
Super built-up  Area,Ready To Move,other,2 BHK,1143.0,2,1,62.0,2,5424.32,5424.32
Built-up  Area,Ready To Move,other,2 BHK,1117.0,2,1,110.0,2,9847.81,9847.81
Super built-up  Area,Ready To Move,other,1 BHK,600.0,1,1,43.0,1,7166.67,7166.67
Plot  Area,Ready To Move,other,3 Bedroom,1200.0,3,0,70.0,3,5833.33,5833.33
Built-up  Area,Ready To Move,other,4 Bedroom,2675.0,4,2,290.0,4,10841.12,10841.12
Built-up  Area,Ready To Move,other,3 BHK,1477.0,2,2,80.0,3,5416.38,5416.38
Super built-up  Area,Ready To Move,other,4 BHK,3500.0,5,1,450.0,4,12857.14,12857.14
Super built-up  Area,Ready To Move,other,3 BHK,1793.0,3,2,98.0,3,5465.7,5465.7
Plot  Area,18-Apr,other,2 Bedroom,1020.0,2,1,62.0,2,6078.43,6078.43
Super built-up  Area,Ready To Move,other,4 BHK,3300.0,5,3,318.0,4,9636.36,9636.36
Plot  Area,Ready To Move,other,3 Bedroom,1200.0,3,1,165.0,3,13750.0,13750.0
Super built-up  Area,Ready To Move,other,3 BHK,1718.0,3,3,223.0,3,12980.21,12980.21
Super built-up  Area,Ready To Move,other,3 BHK,1200.0,2,2,75.0,3,6250.0,6250.0
Super built-up  Area,Ready To Move,other,2 BHK,985.0,2,1,55.0,2,5583.76,5583.76
Built-up  Area,Ready To Move,other,2 BHK,1030.0,2,2,80.0,2,7766.99,7766.99
Built-up  Area,18-Mar,other,2 BHK,1150.0,2,2,69.0,2,6000.0,6000.0
Super built-up  Area,Ready To Move,other,3 BHK,1500.0,2,1,90.0,3,6000.0,6000.0
Plot  Area,Ready To Move,other,2 Bedroom,900.0,2,0,55.0,2,6111.11,6111.11
Built-up  Area,Ready To Move,other,4 Bedroom,1750.0,2,1,225.0,4,12857.14,12857.14
Built-up  Area,Ready To Move,other,2 BHK,1100.0,2,1,78.0,2,7090.91,7090.91
Plot  Area,Ready To Move,other,2 Bedroom,1180.0,2,2,74.0,2,6271.19,6271.19
Super built-up  Area,Ready To Move,other,3 BHK,1540.0,3,2,85.0,3,5519.48,5519.48
Super built-up  Area,Ready To Move,other,3 BHK,1800.0,3,0,230.0,3,12777.78,12777.78
Super built-up  Area,Ready To Move,other,3 BHK,2000.0,3,2,120.0,3,6000.0,6000.0
Built-up  Area,18-Jul,other,3 BHK,2000.0,3,1,145.0,3,7250.0,7250.0
Super built-up  Area,Ready To Move,other,1 BHK,500.0,1,1,15.0,1,3000.0,3000.0
Built-up  Area,18-Dec,other,4 BHK,3160.0,4,3,206.0,4,6518.99,6518.99
Plot  Area,Ready To Move,other,2 Bedroom,922.0,2,1,70.0,2,7592.19,7592.19
Built-up  Area,Ready To Move,other,2 BHK,850.0,2,1,72.0,2,8470.59,8470.59
Plot  Area,Ready To Move,other,2 Bedroom,1200.0,1,0,65.0,2,5416.67,5416.67
Super built-up  Area,Ready To Move,other,2 BHK,1233.0,2,3,100.0,2,8110.3,8110.3
Plot  Area,Ready To Move,other,3 Bedroom,1936.0,3,0,110.0,3,5681.82,5681.82
Super built-up  Area,Ready To Move,other,3 BHK,1652.5,3,2,90.0,3,5446.29,5446.29
Plot  Area,Ready To Move,other,3 Bedroom,1500.0,3,2,138.0,3,9200.0,9200.0
Super built-up  Area,Ready To Move,other,2 BHK,700.0,2,0,43.0,2,6142.86,6142.86
Built-up  Area,Ready To Move,other,3 BHK,1750.0,3,3,170.0,3,9714.29,9714.29
Plot  Area,Ready To Move,other,3 Bedroom,1365.0,3,0,99.0,3,7252.75,7252.75
Super built-up  Area,Ready To Move,other,2 BHK,708.0,1,1,55.0,2,7768.36,7768.36
Built-up  Area,Ready To Move,other,3 BHK,1680.0,3,3,135.0,3,8035.71,8035.71
Super built-up  Area,Ready To Move,other,2 BHK,990.0,2,2,58.0,2,5858.59,5858.59
Built-up  Area,Ready To Move,other,2 BHK,1240.0,2,1,100.0,2,8064.52,8064.52
Built-up  Area,Ready To Move,other,3 BHK,1810.0,3,3,118.0,3,6519.34,6519.34
Super built-up  Area,19-Dec,other,3 BHK,2005.0,3,2,240.0,3,11970.07,11970.07
Built-up  Area,Ready To Move,other,2 BHK,1000.0,2,1,97.0,2,9700.0,9700.0
Built-up  Area,Ready To Move,other,3 BHK,1430.0,3,1,78.65,3,5500.0,5500.0
Built-up  Area,Ready To Move,other,1 Bedroom,1200.0,2,1,45.0,1,3750.0,3750.0
Super built-up  Area,18-Apr,other,1 BHK,840.0,1,0,75.0,1,8928.57,8928.57
Super built-up  Area,Ready To Move,other,3 BHK,1760.0,2,1,116.0,3,6590.91,6590.91
Super built-up  Area,Ready To Move,other,4 BHK,3317.5,5,0,268.5,4,8093.44,8093.44
Plot  Area,Ready To Move,other,2 Bedroom,600.0,1,1,52.0,2,8666.67,8666.67
Super built-up  Area,Ready To Move,other,3 BHK,1670.0,3,2,160.0,3,9580.84,9580.84
Super built-up  Area,18-Dec,other,3 BHK,1200.0,2,2,75.6,3,6300.0,6300.0
Plot  Area,18-May,other,5 Bedroom,2400.0,5,3,285.0,5,11875.0,11875.0
Super built-up  Area,Ready To Move,other,4 BHK,2100.0,4,2,150.0,4,7142.86,7142.86
Built-up  Area,Ready To Move,other,4 Bedroom,1550.0,4,1,120.0,4,7741.94,7741.94
Super built-up  Area,20-Jun,other,2 BHK,905.0,2,1,50.0,2,5524.86,5524.86
Super built-up  Area,Ready To Move,other,3 BHK,1495.0,3,1,200.0,3,13377.93,13377.93
Super built-up  Area,Ready To Move,other,1 BHK,550.0,1,1,23.0,1,4181.82,4181.82
Super built-up  Area,Ready To Move,other,3 BHK,1080.0,2,2,75.0,3,6944.44,6944.44
Super built-up  Area,Ready To Move,other,3 BHK,1537.0,3,2,110.0,3,7156.8,7156.8
Super built-up  Area,Ready To Move,other,3 BHK,1750.0,3,2,150.0,3,8571.43,8571.43
Built-up  Area,Ready To Move,other,7 Bedroom,2800.0,7,1,250.0,7,8928.57,8928.57
Super built-up  Area,Ready To Move,other,2 BHK,1191.0,2,1,90.0,2,7556.68,7556.68
Super built-up  Area,Ready To Move,other,4 BHK,2849.0,5,1,250.0,4,8775.01,8775.01
Super built-up  Area,Ready To Move,other,2 BHK,827.0,2,1,45.0,2,5441.35,5441.35
Super built-up  Area,Ready To Move,other,2 BHK,1205.0,2,1,70.0,2,5809.13,5809.13
Plot  Area,18-Mar,other,3 Bedroom,2200.0,4,2,160.0,3,7272.73,7272.73
Super built-up  Area,Ready To Move,other,3 BHK,1900.0,3,3,155.0,3,8157.89,8157.89
Plot  Area,Ready To Move,other,2 Bedroom,1200.0,1,2,95.0,2,7916.67,7916.67
Super built-up  Area,Ready To Move,other,2 BHK,1100.0,2,1,61.0,2,5545.45,5545.45
Super built-up  Area,18-May,other,2 BHK,1100.0,2,2,110.0,2,10000.0,10000.0
Built-up  Area,Ready To Move,other,3 BHK,1942.0,3,1,155.0,3,7981.46,7981.46
Plot  Area,Ready To Move,other,3 Bedroom,1200.0,4,2,80.0,3,6666.67,6666.67
Super built-up  Area,Ready To Move,other,3 BHK,1515.0,3,3,90.0,3,5940.59,5940.59
Plot  Area,Ready To Move,other,4 Bedroom,1200.0,4,1,95.0,4,7916.67,7916.67
Built-up  Area,Ready To Move,other,1 Bedroom,1200.0,1,0,69.0,1,5750.0,5750.0
Super built-up  Area,Ready To Move,other,3 BHK,1717.0,3,3,99.0,3,5765.87,5765.87
Plot  Area,Ready To Move,other,1 Bedroom,1200.0,1,0,48.0,1,4000.0,4000.0
Built-up  Area,Ready To Move,other,3 BHK,1430.0,2,1,78.65,3,5500.0,5500.0
Super built-up  Area,Ready To Move,other,2 BHK,1190.0,2,1,70.0,2,5882.35,5882.35
Super built-up  Area,19-Dec,other,4 BHK,2690.0,4,2,185.0,4,6877.32,6877.32
Super built-up  Area,19-Dec,other,3 BHK,1594.0,3,2,99.0,3,6210.79,6210.79
Super built-up  Area,Ready To Move,other,2 BHK,1250.0,2,1,68.0,2,5440.0,5440.0
Plot  Area,Ready To Move,other,2 Bedroom,1290.0,1,0,77.5,2,6007.75,6007.75
Super built-up  Area,Ready To Move,other,2 BHK,1464.0,2,1,145.0,2,9904.37,9904.37
Plot  Area,Ready To Move,other,2 Bedroom,1200.0,2,0,75.0,2,6250.0,6250.0
Super built-up  Area,Ready To Move,other,3 BHK,1485.0,2,1,156.0,3,10505.05,10505.05
Super built-up  Area,Ready To Move,other,3 BHK,2070.0,3,3,135.0,3,6521.74,6521.74
Super built-up  Area,Ready To Move,other,2 BHK,800.0,2,1,55.0,2,6875.0,6875.0
Super built-up  Area,Ready To Move,other,3 BHK,1480.0,2,2,125.0,3,8445.95,8445.95
Super built-up  Area,Ready To Move,other,2 BHK,1500.0,2,2,130.0,2,8666.67,8666.67
Super built-up  Area,Ready To Move,other,3 BHK,2010.0,3,3,125.0,3,6218.91,6218.91
Super built-up  Area,Ready To Move,other,3 BHK,1504.0,2,2,100.0,3,6648.94,6648.94
Super built-up  Area,18-May,other,3 BHK,1602.0,2,1,165.0,3,10299.63,10299.63
Plot  Area,Ready To Move,other,4 Bedroom,1200.0,4,1,130.0,4,10833.33,10833.33
Built-up  Area,Ready To Move,other,3 BHK,1800.0,3,1,220.0,3,12222.22,12222.22
Super built-up  Area,Ready To Move,other,3 BHK,1862.0,3,3,120.0,3,6444.68,6444.68
Built-up  Area,Ready To Move,other,3 BHK,2700.0,3,3,200.0,3,7407.41,7407.41
Built-up  Area,18-Dec,other,3 BHK,1677.0,3,2,98.0,3,5843.77,5843.77
Built-up  Area,Ready To Move,other,3 BHK,1490.0,2,1,115.0,3,7718.12,7718.12
Super built-up  Area,Ready To Move,other,3 BHK,1740.0,3,3,120.0,3,6896.55,6896.55
Super built-up  Area,Ready To Move,other,2 BHK,1020.0,2,2,60.0,2,5882.35,5882.35
Super built-up  Area,Ready To Move,other,1 BHK,550.0,1,1,16.0,1,2909.09,2909.09
Plot  Area,18-May,other,3 Bedroom,3664.0,3,2,325.0,3,8870.09,8870.09
Plot  Area,Ready To Move,other,2 Bedroom,690.0,2,0,42.0,2,6086.96,6086.96
Super built-up  Area,Ready To Move,other,3 BHK,1520.0,3,2,111.0,3,7302.63,7302.63
Plot  Area,Ready To Move,other,4 Bedroom,1200.0,4,2,86.0,4,7166.67,7166.67
Super built-up  Area,Ready To Move,other,2 BHK,1250.0,2,2,90.0,2,7200.0,7200.0
Super built-up  Area,Ready To Move,other,3 BHK,1900.0,2,2,190.0,3,10000.0,10000.0
Super built-up  Area,18-May,other,3 BHK,1602.0,2,1,170.0,3,10611.74,10611.74
Super built-up  Area,Ready To Move,other,2 BHK,1230.0,2,2,70.0,2,5691.06,5691.06
Super built-up  Area,Ready To Move,other,3 BHK,1600.0,3,3,95.0,3,5937.5,5937.5
Built-up  Area,Ready To Move,other,1 BHK,450.0,1,2,60.0,1,13333.33,13333.33
Super built-up  Area,Ready To Move,other,1 BHK,600.0,2,0,23.0,1,3833.33,3833.33
Plot  Area,Ready To Move,other,2 Bedroom,1200.0,2,0,85.0,2,7083.33,7083.33
Super built-up  Area,Ready To Move,other,3 BHK,2000.0,4,1,130.0,3,6500.0,6500.0
Plot  Area,Ready To Move,other,4 Bedroom,1350.0,4,2,140.0,4,10370.37,10370.37
Super built-up  Area,18-Jul,other,2 BHK,1175.0,2,2,79.0,2,6723.4,6723.4
Super built-up  Area,Ready To Move,other,2 BHK,1112.0,2,3,68.0,2,6115.11,6115.11
Built-up  Area,Ready To Move,other,2 BHK,1158.0,2,3,75.0,2,6476.68,6476.68
Super built-up  Area,Ready To Move,other,2 BHK,1200.0,2,0,90.0,2,7500.0,7500.0
Super built-up  Area,Ready To Move,other,2 BHK,1266.67,2,0,69.0,2,5447.35,5447.35
Plot  Area,Ready To Move,other,2 Bedroom,2000.0,2,1,160.0,2,8000.0,8000.0
Plot  Area,Ready To Move,other,4 Bedroom,2679.0,5,2,280.0,4,10451.66,10451.66
Plot  Area,18-Mar,other,2 Bedroom,1230.0,2,0,75.0,2,6097.56,6097.56
Carpet  Area,Ready To Move,other,8 Bedroom,3150.0,5,2,145.0,8,4603.17,4603.17
Plot  Area,Ready To Move,other,2 Bedroom,2400.0,2,2,135.0,2,5625.0,5625.0
Plot  Area,Ready To Move,other,2 Bedroom,880.0,2,1,48.0,2,5454.55,5454.55
Super built-up  Area,Ready To Move,other,2 BHK,1022.0,2,2,57.0,2,5577.3,5577.3
Plot  Area,Ready To Move,other,2 Bedroom,1200.0,2,1,76.0,2,6333.33,6333.33
Super built-up  Area,Ready To Move,other,3 BHK,1605.0,3,2,100.0,3,6230.53,6230.53
Built-up  Area,Ready To Move,other,3 BHK,1542.0,3,2,98.0,3,6355.38,6355.38
Super built-up  Area,Ready To Move,other,2 BHK,1333.0,2,2,77.27,2,5796.7,5796.7
Built-up  Area,Ready To Move,other,3 Bedroom,1100.0,3,1,110.0,3,10000.0,10000.0
Built-up  Area,Ready To Move,other,2 BHK,1050.0,2,1,70.0,2,6666.67,6666.67
Plot  Area,Ready To Move,other,4 Bedroom,1200.0,4,2,165.0,4,13750.0,13750.0
Built-up  Area,Ready To Move,other,3 BHK,1100.0,2,1,145.0,3,13181.82,13181.82
Plot  Area,Ready To Move,other,3 Bedroom,1200.0,3,2,99.0,3,8250.0,8250.0
Super built-up  Area,Ready To Move,other,2 BHK,1000.0,2,1,60.0,2,6000.0,6000.0
Built-up  Area,Ready To Move,other,3 Bedroom,5720.0,3,0,350.0,3,6118.88,6118.88
Super built-up  Area,Ready To Move,other,2 BHK,1012.0,2,1,59.0,2,5830.04,5830.04
Built-up  Area,Ready To Move,other,4 Bedroom,1200.0,4,1,140.0,4,11666.67,11666.67
Plot  Area,Ready To Move,other,2 Bedroom,600.0,2,2,39.0,2,6500.0,6500.0
Super built-up  Area,20-Nov,other,3 BHK,1700.0,3,2,111.0,3,6529.41,6529.41
Built-up  Area,Ready To Move,other,3 Bedroom,1780.0,3,0,110.0,3,6179.78,6179.78
Plot  Area,Ready To Move,other,3 Bedroom,1080.0,3,2,149.0,3,13796.3,13796.3
Built-up  Area,Ready To Move,other,3 BHK,900.0,2,0,65.0,3,7222.22,7222.22
Plot  Area,Ready To Move,other,4 Bedroom,1200.0,3,2,160.0,4,13333.33,13333.33
Super built-up  Area,Ready To Move,other,3 BHK,1540.0,3,3,85.0,3,5519.48,5519.48
Super built-up  Area,Ready To Move,other,3 BHK,2456.0,3,3,220.0,3,8957.65,8957.65
Plot  Area,Ready To Move,other,2 Bedroom,1530.0,2,1,185.0,2,12091.5,12091.5
Super built-up  Area,Ready To Move,other,3 BHK,1717.0,3,3,120.0,3,6988.93,6988.93
Built-up  Area,Ready To Move,other,2 BHK,1475.0,2,2,171.0,2,11593.22,11593.22
Built-up  Area,Ready To Move,other,1 BHK,650.0,1,0,16.0,1,2461.54,2461.54
Super built-up  Area,Ready To Move,other,3 BHK,1504.0,2,2,102.0,3,6781.91,6781.91
Super built-up  Area,Ready To Move,other,4 BHK,1800.0,4,1,145.0,4,8055.56,8055.56
Super built-up  Area,Ready To Move,other,4 BHK,3000.0,4,1,240.0,4,8000.0,8000.0
Carpet  Area,Ready To Move,other,3 BHK,1625.0,3,3,92.0,3,5661.54,5661.54
Super built-up  Area,Ready To Move,other,4 BHK,2400.0,4,3,250.0,4,10416.67,10416.67
Super built-up  Area,Ready To Move,other,3 BHK,1490.0,2,1,92.0,3,6174.5,6174.5
Super built-up  Area,17-Jun,other,2 BHK,1044.0,2,1,60.0,2,5747.13,5747.13
Super built-up  Area,Ready To Move,other,3 BHK,1567.2,2,0,190.0,3,12123.53,12123.53
Super built-up  Area,Ready To Move,other,2 BHK,1293.0,2,2,75.0,2,5800.46,5800.46
Built-up  Area,Ready To Move,other,2 BHK,860.0,2,2,65.5,2,7616.28,7616.28
Super built-up  Area,Ready To Move,other,3 BHK,1374.0,2,2,88.0,3,6404.66,6404.66
Built-up  Area,18-May,other,4 Bedroom,2000.0,2,1,160.0,4,8000.0,8000.0
Super built-up  Area,Ready To Move,other,1 BHK,834.0,1,1,62.0,1,7434.05,7434.05
Plot  Area,Ready To Move,other,1 Bedroom,600.0,1,0,52.0,1,8666.67,8666.67
Super built-up  Area,Ready To Move,other,4 BHK,2000.0,4,1,135.0,4,6750.0,6750.0
Super built-up  Area,Ready To Move,other,3 BHK,2750.0,3,1,260.0,3,9454.55,9454.55
Super built-up  Area,Ready To Move,other,2 BHK,1280.0,2,2,90.0,2,7031.25,7031.25
Super built-up  Area,Ready To Move,other,3 BHK,2075.0,3,1,175.0,3,8433.73,8433.73
Super built-up  Area,Ready To Move,other,3 BHK,2274.24,4,1,160.0,3,7035.32,7035.32
Plot  Area,Ready To Move,other,2 Bedroom,900.0,3,1,105.0,2,11666.67,11666.67
Super built-up  Area,Ready To Move,other,3 BHK,1350.0,3,0,75.0,3,5555.56,5555.56
Super built-up  Area,Ready To Move,other,1 BHK,470.0,2,1,10.0,1,2127.66,2127.66
Plot  Area,Ready To Move,other,3 Bedroom,1313.0,4,1,150.0,3,11424.22,11424.22
Super built-up  Area,Ready To Move,other,3 BHK,2515.0,4,3,155.0,3,6163.02,6163.02
Super built-up  Area,20-Dec,other,3 BHK,2665.0,3,1,350.0,3,13133.21,13133.21
Super built-up  Area,15-Oct,other,4 BHK,3500.0,5,1,450.0,4,12857.14,12857.14
Plot  Area,Ready To Move,other,6 Bedroom,2400.0,5,2,300.0,6,12500.0,12500.0
Super built-up  Area,19-Dec,other,2 BHK,1235.0,2,1,140.0,2,11336.03,11336.03
Built-up  Area,17-Mar,other,3 Bedroom,3200.0,3,0,260.0,3,8125.0,8125.0
Built-up  Area,Ready To Move,other,3 BHK,1450.0,3,2,90.0,3,6206.9,6206.9
Super built-up  Area,Ready To Move,other,3 BHK,1893.0,3,2,115.0,3,6075.01,6075.01
Built-up  Area,Ready To Move,other,3 BHK,1200.0,2,2,100.0,3,8333.33,8333.33
Built-up  Area,Ready To Move,other,2 BHK,1205.0,2,1,70.0,2,5809.13,5809.13
Plot  Area,18-Jul,other,3 Bedroom,1500.0,3,2,90.0,3,6000.0,6000.0
Built-up  Area,Ready To Move,other,1 Bedroom,375.0,1,0,26.0,1,6933.33,6933.33
Plot  Area,Ready To Move,other,2 Bedroom,800.0,3,1,59.5,2,7437.5,7437.5
Super built-up  Area,Ready To Move,other,2 BHK,1400.0,2,3,85.0,2,6071.43,6071.43
Built-up  Area,Ready To Move,other,3 Bedroom,1800.0,2,2,100.0,3,5555.56,5555.56
Super built-up  Area,Ready To Move,other,2 BHK,925.0,2,2,70.0,2,7567.57,7567.57
Built-up  Area,Ready To Move,other,4 BHK,3500.0,2,1,350.0,4,10000.0,10000.0
Super built-up  Area,Ready To Move,other,3 BHK,2100.0,4,2,255.0,3,12142.86,12142.86
Built-up  Area,Ready To Move,other,1 Bedroom,400.0,1,0,35.0,1,8750.0,8750.0
Built-up  Area,Ready To Move,other,4 Bedroom,2400.0,5,3,180.0,4,7500.0,7500.0
Super built-up  Area,Ready To Move,other,1 BHK,6000.0,1,1,276.0,1,4600.0,4600.0
Super built-up  Area,Ready To Move,other,1 BHK,825.0,2,1,40.0,1,4848.48,4848.48
Built-up  Area,Ready To Move,other,4 Bedroom,5000.0,5,1,600.0,4,12000.0,12000.0
Plot  Area,Ready To Move,other,4 Bedroom,4800.0,5,2,420.0,4,8750.0,8750.0
Super built-up  Area,Ready To Move,other,3 BHK,3400.0,3,3,400.0,3,11764.71,11764.71
Plot  Area,Ready To Move,other,1 Bedroom,600.0,1,0,33.0,1,5500.0,5500.0
Built-up  Area,18-Dec,other,3 Bedroom,2600.0,3,2,147.0,3,5653.85,5653.85
Built-up  Area,Ready To Move,other,1 BHK,800.0,1,0,72.0,1,9000.0,9000.0
Super built-up  Area,18-Jul,other,3 BHK,1225.0,2,2,82.0,3,6693.88,6693.88
Super built-up  Area,Ready To Move,other,1 BHK,655.0,1,2,27.0,1,4122.14,4122.14
Super built-up  Area,Ready To Move,other,2 BHK,1196.0,2,1,96.0,2,8026.76,8026.76
Carpet  Area,Ready To Move,other,2 BHK,927.0,2,1,50.0,2,5393.74,5393.74
Super built-up  Area,18-Mar,other,1 BHK,600.0,1,0,18.0,1,3000.0,3000.0
Built-up  Area,Ready To Move,other,4 Bedroom,2800.0,4,1,200.0,4,7142.86,7142.86
Super built-up  Area,Ready To Move,other,2 BHK,800.0,2,1,85.0,2,10625.0,10625.0
Super built-up  Area,Ready To Move,other,2 BHK,985.0,2,2,57.0,2,5786.8,5786.8
Super built-up  Area,Ready To Move,other,11 BHK,6000.0,12,1,150.0,11,2500.0,2500.0
Plot  Area,Ready To Move,other,2 Bedroom,600.0,2,1,80.0,2,13333.33,13333.33
Built-up  Area,Ready To Move,other,3 BHK,1503.0,2,2,93.0,3,6187.62,6187.62
Built-up  Area,Ready To Move,other,3 BHK,1768.0,3,3,95.0,3,5373.3,5373.3
Super built-up  Area,19-Aug,other,4 BHK,3060.0,4,2,350.0,4,11437.91,11437.91
Super built-up  Area,Ready To Move,other,1 BHK,800.0,1,2,32.0,1,4000.0,4000.0
Plot  Area,Ready To Move,other,1 Bedroom,600.0,1,1,35.0,1,5833.33,5833.33
Super built-up  Area,Ready To Move,other,2 BHK,1010.0,2,2,55.0,2,5445.54,5445.54
Built-up  Area,Ready To Move,other,4 Bedroom,3978.0,4,3,428.0,4,10759.18,10759.18
Super built-up  Area,Ready To Move,other,3 BHK,2008.0,3,2,170.0,3,8466.14,8466.14
Super built-up  Area,Ready To Move,other,3 BHK,2095.0,3,2,142.0,3,6778.04,6778.04
Built-up  Area,Ready To Move,other,3 BHK,1600.0,2,2,88.0,3,5500.0,5500.0
Plot  Area,Ready To Move,other,4 Bedroom,1350.0,4,2,160.0,4,11851.85,11851.85
Super built-up  Area,Ready To Move,other,1 BHK,500.0,1,1,20.0,1,4000.0,4000.0
Super built-up  Area,18-Aug,other,3 BHK,1280.0,2,1,100.0,3,7812.5,7812.5
Built-up  Area,Ready To Move,other,3 BHK,1650.0,3,1,110.0,3,6666.67,6666.67
Plot  Area,Ready To Move,other,2 Bedroom,1044.0,2,2,85.0,2,8141.76,8141.76
Plot  Area,Ready To Move,other,2 Bedroom,840.0,1,1,99.0,2,11785.71,11785.71
Super built-up  Area,Ready To Move,other,4 BHK,3870.0,4,2,411.0,4,10620.16,10620.16
Super built-up  Area,Ready To Move,other,3 BHK,1835.0,3,3,175.0,3,9536.78,9536.78
Super built-up  Area,Ready To Move,other,1 BHK,425.0,1,1,15.0,1,3529.41,3529.41
Super built-up  Area,Ready To Move,other,4 BHK,2380.0,4,3,242.0,4,10168.07,10168.07
Plot  Area,Ready To Move,other,2 Bedroom,900.0,1,0,70.0,2,7777.78,7777.78
Super built-up  Area,Ready To Move,other,2 BHK,1517.0,2,2,125.0,2,8239.95,8239.95
Super built-up  Area,18-May,other,4 BHK,3602.0,4,1,280.0,4,7773.46,7773.46
Built-up  Area,Ready To Move,other,3 BHK,2159.0,3,2,120.0,3,5558.13,5558.13
Plot  Area,18-Nov,other,3 Bedroom,1200.0,3,2,72.0,3,6000.0,6000.0
Built-up  Area,Ready To Move,other,6 Bedroom,1850.0,3,0,175.0,6,9459.46,9459.46
Built-up  Area,Ready To Move,other,1 Bedroom,510.0,1,0,34.0,1,6666.67,6666.67
Super built-up  Area,Ready To Move,other,2 BHK,1166.0,2,3,65.0,2,5574.61,5574.61
Built-up  Area,Ready To Move,other,3 BHK,2700.0,2,1,260.0,3,9629.63,9629.63
Plot  Area,Ready To Move,other,3 Bedroom,1350.0,2,0,175.0,3,12962.96,12962.96
Built-up  Area,Ready To Move,other,2 BHK,940.0,2,1,56.0,2,5957.45,5957.45
Built-up  Area,Ready To Move,other,3 BHK,1645.0,3,1,95.0,3,5775.08,5775.08
Built-up  Area,Ready To Move,other,2 BHK,1000.0,2,1,63.0,2,6300.0,6300.0
Super built-up  Area,Ready To Move,other,3 BHK,1998.0,3,2,117.0,3,5855.86,5855.86
Super built-up  Area,Ready To Move,other,3 BHK,1804.0,3,2,150.0,3,8314.86,8314.86
Super built-up  Area,Ready To Move,other,3 BHK,1350.0,3,2,81.0,3,6000.0,6000.0
Super built-up  Area,18-Dec,other,4 BHK,3000.0,3,3,300.0,4,10000.0,10000.0
Plot  Area,Ready To Move,other,4 Bedroom,1200.0,4,1,110.0,4,9166.67,9166.67
Super built-up  Area,18-Dec,other,2 BHK,1217.0,2,1,164.0,2,13475.76,13475.76
Super built-up  Area,Ready To Move,other,1 BHK,600.0,1,0,45.0,1,7500.0,7500.0
Plot  Area,Ready To Move,other,1 Bedroom,672.0,1,1,27.0,1,4017.86,4017.86
Plot  Area,Ready To Move,other,3 Bedroom,1280.0,3,0,87.0,3,6796.88,6796.88
Super built-up  Area,Ready To Move,other,3 BHK,1567.0,3,1,100.0,3,6381.62,6381.62
Built-up  Area,18-Mar,other,3 BHK,2350.0,3,2,210.0,3,8936.17,8936.17
Super built-up  Area,Ready To Move,other,1 BHK,560.0,1,0,19.0,1,3392.86,3392.86
Plot  Area,Ready To Move,other,1 Bedroom,520.0,2,0,29.0,1,5576.92,5576.92
Built-up  Area,Ready To Move,other,3 BHK,1950.0,3,3,230.0,3,11794.87,11794.87
Plot  Area,Ready To Move,other,1 Bedroom,600.0,1,0,58.0,1,9666.67,9666.67
Super built-up  Area,Ready To Move,other,1 BHK,1000.0,1,1,19.0,1,1900.0,1900.0
Plot  Area,Ready To Move,other,1 Bedroom,375.0,1,0,40.0,1,10666.67,10666.67
Plot  Area,Immediate Possession,other,2 BHK,2000.0,2,1,120.0,2,6000.0,6000.0
Super built-up  Area,Ready To Move,other,2 BHK,1130.0,2,1,74.0,2,6548.67,6548.67
Super built-up  Area,Ready To Move,other,2 BHK,1407.0,2,1,83.87,2,5960.91,5960.91
Plot  Area,Ready To Move,other,4 Bedroom,1350.0,4,2,160.0,4,11851.85,11851.85
Super built-up  Area,Ready To Move,other,4 BHK,2375.0,3,1,260.0,4,10947.37,10947.37
Super built-up  Area,Ready To Move,other,2 BHK,1200.0,2,1,67.0,2,5583.33,5583.33
Built-up  Area,Ready To Move,other,3 BHK,1872.0,3,2,152.0,3,8119.66,8119.66
Super built-up  Area,Ready To Move,other,3 BHK,1400.0,3,2,90.0,3,6428.57,6428.57
Plot  Area,Ready To Move,other,1 Bedroom,812.0,1,1,26.0,1,3201.97,3201.97
Super built-up  Area,Ready To Move,other,1 BHK,600.0,2,1,35.0,1,5833.33,5833.33
Built-up  Area,Ready To Move,other,3 BHK,1800.0,4,3,115.0,3,6388.89,6388.89
Super built-up  Area,Ready To Move,other,3 BHK,1499.0,3,2,89.0,3,5937.29,5937.29
Built-up  Area,Ready To Move,other,2 BHK,1050.0,2,2,65.0,2,6190.48,6190.48
Super built-up  Area,Ready To Move,other,2 BHK,905.0,2,2,50.0,2,5524.86,5524.86
Super built-up  Area,Ready To Move,other,3 BHK,3155.0,3,2,315.0,3,9984.15,9984.15
Super built-up  Area,Ready To Move,other,3 BHK,1464.0,2,1,135.0,3,9221.31,9221.31
Super built-up  Area,18-Apr,other,2 BHK,1200.0,2,2,75.0,2,6250.0,6250.0
Super built-up  Area,Ready To Move,other,3 BHK,1707.0,3,2,171.0,3,10017.57,10017.57
Super built-up  Area,Ready To Move,other,1 BHK,565.0,1,1,33.0,1,5840.71,5840.71
Plot  Area,Ready To Move,other,1 Bedroom,630.0,2,1,70.0,1,11111.11,11111.11
Plot  Area,18-Apr,other,2 Bedroom,1000.0,2,1,55.0,2,5500.0,5500.0
Plot  Area,Ready To Move,other,3 Bedroom,2400.0,4,1,130.0,3,5416.67,5416.67
Carpet  Area,Ready To Move,other,2 BHK,1100.0,2,2,70.0,2,6363.64,6363.64
Built-up  Area,Ready To Move,other,1 BHK,420.0,1,1,23.5,1,5595.24,5595.24
Super built-up  Area,Ready To Move,other,2 BHK,1225.0,2,2,71.05,2,5800.0,5800.0
Plot  Area,Ready To Move,other,4 Bedroom,1350.0,4,1,90.0,4,6666.67,6666.67
Super built-up  Area,Ready To Move,other,3 BHK,1732.5,3,0,91.855,3,5301.88,5301.88
Plot  Area,Ready To Move,other,2 Bedroom,3760.0,2,0,280.0,2,7446.81,7446.81
Super built-up  Area,Ready To Move,other,3 BHK,3071.0,4,1,300.0,3,9768.8,9768.8
Super built-up  Area,Ready To Move,other,3 BHK,1620.0,3,3,95.0,3,5864.2,5864.2
Built-up  Area,Ready To Move,other,1 BHK,560.0,1,1,21.0,1,3750.0,3750.0
Built-up  Area,Ready To Move,other,3 BHK,2250.0,3,1,180.0,3,8000.0,8000.0
Plot  Area,Ready To Move,other,1 Bedroom,1350.0,2,0,45.0,1,3333.33,3333.33
Super built-up  Area,Ready To Move,other,2 BHK,1209.0,2,2,100.0,2,8271.3,8271.3
Super built-up  Area,18-Jan,other,3 BHK,1500.0,3,1,95.0,3,6333.33,6333.33
Super built-up  Area,Ready To Move,other,2 BHK,1000.0,2,2,60.0,2,6000.0,6000.0
Plot  Area,Ready To Move,other,4 Bedroom,1200.0,4,2,130.0,4,10833.33,10833.33
Built-up  Area,Ready To Move,other,3 BHK,2250.0,3,2,199.0,3,8844.44,8844.44
Super built-up  Area,Ready To Move,other,4 BHK,3700.0,4,2,314.0,4,8486.49,8486.49
Built-up  Area,Ready To Move,other,3 BHK,1405.0,3,0,169.0,3,12028.47,12028.47
Super built-up  Area,Ready To Move,other,1 BHK,500.0,1,1,16.0,1,3200.0,3200.0
Built-up  Area,Ready To Move,other,3 BHK,1600.0,3,2,180.0,3,11250.0,11250.0
Super built-up  Area,18-Jun,other,1 BHK,648.0,1,1,34.0,1,5246.91,5246.91
Super built-up  Area,Ready To Move,other,3 BHK,1720.0,2,2,126.0,3,7325.58,7325.58
Built-up  Area,Ready To Move,other,2 BHK,1080.0,2,3,64.0,2,5925.93,5925.93
Super built-up  Area,Ready To Move,other,2 BHK,1100.0,2,1,61.0,2,5545.45,5545.45
Super built-up  Area,Ready To Move,other,1 BHK,535.0,1,1,35.0,1,6542.06,6542.06
Super built-up  Area,Ready To Move,other,3 BHK,1465.0,2,2,88.0,3,6006.83,6006.83
Super built-up  Area,Ready To Move,other,2 BHK,1145.0,2,1,63.0,2,5502.18,5502.18
Built-up  Area,Ready To Move,other,4 BHK,3420.0,3,2,410.0,4,11988.3,11988.3
Super built-up  Area,Ready To Move,other,2 BHK,1280.0,2,2,75.0,2,5859.38,5859.38
Plot  Area,18-May,other,2 Bedroom,680.0,3,2,60.0,2,8823.53,8823.53
Built-up  Area,Ready To Move,other,3 BHK,1738.0,3,0,110.0,3,6329.11,6329.11
Plot  Area,Ready To Move,other,3 Bedroom,1500.0,3,1,90.0,3,6000.0,6000.0
Plot  Area,Ready To Move,other,2 Bedroom,1050.0,2,1,110.0,2,10476.19,10476.19
Super built-up  Area,Ready To Move,other,2 BHK,1541.0,2,1,181.0,2,11745.62,11745.62
Super built-up  Area,Ready To Move,other,2 BHK,1275.0,2,1,105.0,2,8235.29,8235.29
Super built-up  Area,21-May,other,3 BHK,2048.0,3,2,206.0,3,10058.59,10058.59
Plot  Area,Ready To Move,other,3 Bedroom,2320.0,2,0,160.0,3,6896.55,6896.55
Super built-up  Area,Ready To Move,other,3 BHK,1237.0,3,2,78.0,3,6305.58,6305.58
Plot  Area,Ready To Move,other,4 Bedroom,1200.0,2,1,140.0,4,11666.67,11666.67
Super built-up  Area,Ready To Move,other,2 BHK,1160.0,2,2,75.0,2,6465.52,6465.52
Super built-up  Area,Ready To Move,other,2 BHK,1155.0,2,1,65.0,2,5627.71,5627.71
Built-up  Area,Ready To Move,other,2 Bedroom,984.0,2,2,125.0,2,12703.25,12703.25
Super built-up  Area,Ready To Move,other,2 BHK,1148.0,2,2,69.0,2,6010.45,6010.45
Super built-up  Area,Ready To Move,other,3 BHK,1719.0,3,2,110.0,3,6399.07,6399.07
Plot  Area,18-Aug,other,4 Bedroom,3000.0,4,3,264.0,4,8800.0,8800.0
Built-up  Area,Ready To Move,other,2 BHK,1320.0,2,3,90.0,2,6818.18,6818.18
Plot  Area,Ready To Move,other,2 Bedroom,1230.0,2,0,68.0,2,5528.46,5528.46
Plot  Area,Ready To Move,other,4 Bedroom,4560.0,5,1,430.0,4,9429.82,9429.82
Built-up  Area,Ready To Move,other,5 BHK,3000.0,4,0,300.0,5,10000.0,10000.0
Super built-up  Area,Ready To Move,other,3 BHK,1560.0,2,2,125.0,3,8012.82,8012.82
Built-up  Area,Ready To Move,other,2 BHK,1012.0,2,2,59.0,2,5830.04,5830.04
Plot  Area,Ready To Move,other,2 Bedroom,1245.0,2,1,120.0,2,9638.55,9638.55
Super built-up  Area,Ready To Move,other,3 BHK,1485.0,2,3,110.0,3,7407.41,7407.41
Carpet  Area,Ready To Move,other,2 BHK,1489.0,2,0,101.0,2,6783.08,6783.08
Super built-up  Area,Ready To Move,other,4 BHK,2800.0,4,3,365.0,4,13035.71,13035.71
Super built-up  Area,Ready To Move,other,3 BHK,1600.0,2,1,90.0,3,5625.0,5625.0
Built-up  Area,Ready To Move,other,6 Bedroom,3000.0,6,3,300.0,6,10000.0,10000.0
Super built-up  Area,Ready To Move,other,3 BHK,1903.0,3,2,165.0,3,8670.52,8670.52
Super built-up  Area,Ready To Move,other,4 BHK,2996.0,4,3,200.0,4,6675.57,6675.57
Super built-up  Area,22-Jan,other,1 BHK,551.0,1,1,30.0,1,5444.65,5444.65
Super built-up  Area,Ready To Move,other,1 BHK,550.0,1,1,16.0,1,2909.09,2909.09
Super built-up  Area,Ready To Move,other,3 BHK,1780.0,3,1,100.0,3,5617.98,5617.98
Built-up  Area,Ready To Move,other,3 BHK,1310.0,3,3,90.0,3,6870.23,6870.23
Built-up  Area,Ready To Move,other,3 BHK,1603.0,2,0,125.0,3,7797.88,7797.88
Super built-up  Area,Ready To Move,other,3 BHK,2180.0,3,1,285.0,3,13073.39,13073.39
Plot  Area,Ready To Move,other,1 Bedroom,450.0,1,0,30.0,1,6666.67,6666.67
Super built-up  Area,Ready To Move,other,4 BHK,3000.0,4,2,301.0,4,10033.33,10033.33
Built-up  Area,Ready To Move,other,2 BHK,1275.0,2,3,69.0,2,5411.76,5411.76
Super built-up  Area,Ready To Move,other,3 BHK,1623.0,3,3,155.0,3,9550.22,9550.22
Built-up  Area,Ready To Move,other,1 Bedroom,900.0,1,1,52.3,1,5811.11,5811.11
Built-up  Area,Ready To Move,other,2 Bedroom,1200.0,2,1,110.0,2,9166.67,9166.67
Plot  Area,18-Apr,other,3 Bedroom,1400.0,2,1,78.0,3,5571.43,5571.43
Super built-up  Area,Ready To Move,other,3 BHK,2648.0,3,3,238.0,3,8987.92,8987.92
Super built-up  Area,22-Jan,other,3 BHK,1475.0,3,1,80.0,3,5423.73,5423.73
Super built-up  Area,Ready To Move,other,3 BHK,1721.0,3,2,93.0,3,5403.83,5403.83
Built-up  Area,Ready To Move,other,4 Bedroom,4800.0,4,3,420.0,4,8750.0,8750.0
Built-up  Area,Ready To Move,other,2 BHK,1163.0,2,2,68.0,2,5846.95,5846.95
Super built-up  Area,18-Apr,other,1 BHK,801.0,1,0,33.645,1,4200.37,4200.37
Built-up  Area,Ready To Move,other,3 BHK,1300.0,2,1,80.0,3,6153.85,6153.85
Super built-up  Area,Ready To Move,other,2 BHK,998.0,2,2,65.0,2,6513.03,6513.03
Plot  Area,Ready To Move,other,10 Bedroom,3300.0,9,1,450.0,10,13636.36,13636.36
Built-up  Area,Ready To Move,other,2 BHK,1040.0,2,2,78.0,2,7500.0,7500.0
Built-up  Area,Ready To Move,other,3 BHK,1907.0,2,1,200.0,3,10487.68,10487.68
Super built-up  Area,Ready To Move,other,2 BHK,1330.0,2,2,80.0,2,6015.04,6015.04
Plot  Area,Ready To Move,other,3 Bedroom,4446.0,3,2,410.0,3,9221.77,9221.77
Plot  Area,Ready To Move,other,3 Bedroom,1320.0,2,1,95.0,3,7196.97,7196.97
Plot  Area,Ready To Move,other,4 Bedroom,2200.0,2,0,150.0,4,6818.18,6818.18
Plot  Area,Ready To Move,other,3 Bedroom,1092.0,3,1,95.0,3,8699.63,8699.63
Built-up  Area,Ready To Move,other,2 BHK,1130.0,2,1,75.0,2,6637.17,6637.17
Super built-up  Area,Ready To Move,other,3 BHK,1900.0,3,2,190.0,3,10000.0,10000.0
Plot  Area,Ready To Move,other,4 Bedroom,1200.0,4,1,110.0,4,9166.67,9166.67
Super built-up  Area,18-May,other,3 BHK,1630.0,3,2,131.0,3,8036.81,8036.81
Built-up  Area,Ready To Move,other,1 BHK,1050.0,2,2,41.0,1,3904.76,3904.76
Plot  Area,19-Jan,other,3 Bedroom,3210.0,4,2,380.0,3,11838.01,11838.01
Super built-up  Area,Ready To Move,other,13 BHK,5425.0,13,0,275.0,13,5069.12,5069.12
Plot  Area,Ready To Move,other,4 Bedroom,1200.0,4,2,135.0,4,11250.0,11250.0
Built-up  Area,Ready To Move,other,4 BHK,4041.0,4,2,345.0,4,8537.49,8537.49
Super built-up  Area,19-Oct,other,1 BHK,620.0,1,1,25.0,1,4032.26,4032.26
Built-up  Area,Ready To Move,other,2 BHK,1210.0,2,0,75.0,2,6198.35,6198.35
Plot  Area,Ready To Move,other,2 Bedroom,1200.0,1,0,70.0,2,5833.33,5833.33
Plot  Area,Ready To Move,other,2 Bedroom,1200.0,3,1,70.0,2,5833.33,5833.33
Built-up  Area,Ready To Move,other,2 BHK,1130.0,2,2,68.0,2,6017.7,6017.7
Built-up  Area,Ready To Move,other,2 BHK,800.0,2,2,55.0,2,6875.0,6875.0
Super built-up  Area,Ready To Move,other,2 BHK,1244.0,2,2,95.0,2,7636.66,7636.66
Plot  Area,Ready To Move,other,3 Bedroom,1500.0,4,2,180.0,3,12000.0,12000.0
Built-up  Area,Ready To Move,other,2 Bedroom,1200.0,2,1,75.0,2,6250.0,6250.0
Plot  Area,Ready To Move,other,1 Bedroom,400.0,2,1,50.0,1,12500.0,12500.0
Super built-up  Area,Ready To Move,other,3 BHK,2159.0,3,2,120.0,3,5558.13,5558.13
Built-up  Area,Ready To Move,other,1 Bedroom,1200.0,1,0,48.0,1,4000.0,4000.0
Built-up  Area,Ready To Move,other,2 BHK,1450.0,2,2,90.0,2,6206.9,6206.9
Plot  Area,Ready To Move,other,1 Bedroom,10030.0,1,1,150.0,1,1495.51,1495.51
Super built-up  Area,Ready To Move,other,3 BHK,2300.0,3,2,280.0,3,12173.91,12173.91
Super built-up  Area,Ready To Move,other,2 BHK,925.0,2,1,55.0,2,5945.95,5945.95
Plot  Area,Ready To Move,other,3 Bedroom,3900.0,3,3,250.0,3,6410.26,6410.26
Plot  Area,Ready To Move,other,2 Bedroom,1400.0,2,2,160.0,2,11428.57,11428.57
Super built-up  Area,Ready To Move,other,3 BHK,1715.0,3,2,95.0,3,5539.36,5539.36
Super built-up  Area,Ready To Move,other,2 BHK,703.0,2,1,60.0,2,8534.85,8534.85
Plot  Area,Ready To Move,other,1 Bedroom,600.0,1,0,20.0,1,3333.33,3333.33
Plot  Area,Ready To Move,other,4 Bedroom,4382.0,4,3,400.0,4,9128.25,9128.25
Super built-up  Area,Ready To Move,other,3 BHK,1030.0,2,2,77.25,3,7500.0,7500.0
Super built-up  Area,22-Jan,other,3 BHK,1254.0,2,1,70.0,3,5582.14,5582.14
Super built-up  Area,Ready To Move,other,2 BHK,1293.0,2,2,80.0,2,6187.16,6187.16
Plot  Area,18-May,other,2 Bedroom,1000.0,2,0,66.0,2,6600.0,6600.0
Super built-up  Area,Ready To Move,other,3 BHK,1864.0,3,3,115.0,3,6169.53,6169.53
Plot  Area,Ready To Move,other,2 Bedroom,1200.0,2,3,135.0,2,11250.0,11250.0
Super built-up  Area,Ready To Move,other,3 BHK,1525.0,2,2,91.48,3,5998.69,5998.69
Super built-up  Area,Ready To Move,other,2 BHK,975.0,2,1,60.0,2,6153.85,6153.85
Plot  Area,Ready To Move,other,1 Bedroom,1500.0,2,0,85.0,1,5666.67,5666.67
Built-up  Area,Ready To Move,other,2 BHK,1100.0,2,2,68.0,2,6181.82,6181.82
Plot  Area,Ready To Move,other,6 Bedroom,4000.0,6,2,460.0,6,11500.0,11500.0
Super built-up  Area,Ready To Move,other,4 BHK,2950.0,4,2,250.0,4,8474.58,8474.58
Built-up  Area,Ready To Move,other,3 BHK,1464.0,2,2,115.0,3,7855.19,7855.19
Super built-up  Area,Ready To Move,other,3 BHK,1385.0,3,3,90.0,3,6498.19,6498.19
Super built-up  Area,Ready To Move,other,2 BHK,1415.0,2,2,120.0,2,8480.57,8480.57
Plot  Area,Ready To Move,other,3 Bedroom,2400.0,2,2,185.0,3,7708.33,7708.33
Super built-up  Area,Ready To Move,other,2 BHK,1025.0,2,1,65.0,2,6341.46,6341.46
Built-up  Area,Ready To Move,other,2 BHK,1020.0,2,1,70.0,2,6862.75,6862.75
Super built-up  Area,Ready To Move,other,2 BHK,1155.0,2,2,69.0,2,5974.03,5974.03
Super built-up  Area,Ready To Move,other,3 BHK,2030.0,2,1,182.0,3,8965.52,8965.52
Super built-up  Area,Ready To Move,other,3 BHK,2900.0,3,2,325.0,3,11206.9,11206.9
Built-up  Area,Ready To Move,other,2 Bedroom,1500.0,2,0,145.0,2,9666.67,9666.67
Built-up  Area,Ready To Move,other,4 BHK,2597.0,4,3,189.0,4,7277.63,7277.63
Super built-up  Area,Ready To Move,other,2 BHK,1201.0,2,1,65.0,2,5412.16,5412.16
Super built-up  Area,Ready To Move,other,1 BHK,660.0,1,0,30.0,1,4545.45,4545.45
Super built-up  Area,Ready To Move,other,3 BHK,2735.0,4,2,340.0,3,12431.44,12431.44
Built-up  Area,Ready To Move,other,2 BHK,950.0,2,0,65.0,2,6842.11,6842.11
Plot  Area,Ready To Move,other,3 Bedroom,980.0,3,1,80.0,3,8163.27,8163.27
Super built-up  Area,Ready To Move,other,2 BHK,1265.0,2,2,68.0,2,5375.49,5375.49
Super built-up  Area,20-Apr,other,1 BHK,660.0,1,1,35.0,1,5303.03,5303.03
Super built-up  Area,Ready To Move,other,3 BHK,1458.0,2,2,87.0,3,5967.08,5967.08
Super built-up  Area,Ready To Move,other,2 BHK,1178.0,2,1,80.0,2,6791.17,6791.17
Built-up  Area,Ready To Move,other,4 Bedroom,2700.0,4,3,295.0,4,10925.93,10925.93
Plot  Area,Ready To Move,other,2 Bedroom,1300.0,2,2,95.0,2,7307.69,7307.69
Built-up  Area,19-Mar,other,1 BHK,936.0,1,0,53.0,1,5662.39,5662.39
Super built-up  Area,Ready To Move,other,2 BHK,1277.0,2,2,92.0,2,7204.39,7204.39
Plot  Area,Ready To Move,other,2 Bedroom,1600.0,2,1,160.0,2,10000.0,10000.0
Super built-up  Area,Ready To Move,other,3 BHK,1839.0,3,3,160.0,3,8700.38,8700.38
Super built-up  Area,Ready To Move,other,2 BHK,925.0,2,1,100.0,2,10810.81,10810.81
Super built-up  Area,18-Aug,other,1 BHK,650.0,1,1,50.0,1,7692.31,7692.31
Super built-up  Area,18-Apr,other,1 BHK,720.0,1,0,32.39,1,4498.61,4498.61
Super built-up  Area,Ready To Move,other,3 BHK,1600.0,3,2,130.0,3,8125.0,8125.0
Super built-up  Area,Ready To Move,other,2 BHK,1296.0,2,2,70.0,2,5401.23,5401.23
Built-up  Area,Ready To Move,other,4 Bedroom,2200.0,3,1,225.0,4,10227.27,10227.27
Built-up  Area,18-Apr,other,3 BHK,1626.6,3,1,133.0,3,8176.56,8176.56
Super built-up  Area,Ready To Move,other,2 BHK,1100.0,2,1,60.0,2,5454.55,5454.55
Plot  Area,Ready To Move,other,2 Bedroom,1348.0,2,0,100.0,2,7418.4,7418.4
Plot  Area,Ready To Move,other,4 Bedroom,1350.0,4,0,175.0,4,12962.96,12962.96
Super built-up  Area,Ready To Move,other,3 BHK,1410.0,3,3,90.0,3,6382.98,6382.98
Super built-up  Area,Ready To Move,other,3 BHK,1460.0,2,2,87.0,3,5958.9,5958.9
Super built-up  Area,19-Jan,other,3 BHK,1260.0,2,2,85.05,3,6750.0,6750.0
Super built-up  Area,Ready To Move,other,3 BHK,3000.0,3,1,265.0,3,8833.33,8833.33
Super built-up  Area,Ready To Move,other,3 BHK,1200.0,2,2,120.0,3,10000.0,10000.0
Super built-up  Area,Ready To Move,other,3 BHK,1800.0,3,2,150.0,3,8333.33,8333.33
Super built-up  Area,Ready To Move,other,3 BHK,2098.0,3,1,210.0,3,10009.53,10009.53
Super built-up  Area,Ready To Move,other,3 BHK,2400.0,3,1,270.0,3,11250.0,11250.0
Super built-up  Area,Ready To Move,other,3 BHK,1800.0,3,3,192.0,3,10666.67,10666.67
Super built-up  Area,19-Jan,other,1 BHK,509.0,1,1,20.0,1,3929.27,3929.27
Plot  Area,Ready To Move,other,5 Bedroom,2350.0,5,1,325.0,5,13829.79,13829.79
Carpet  Area,Ready To Move,other,3 BHK,2050.0,3,2,135.0,3,6585.37,6585.37
Plot  Area,Ready To Move,other,2 Bedroom,2100.0,1,1,200.0,2,9523.81,9523.81
Super built-up  Area,Ready To Move,other,2 BHK,1276.0,2,0,146.0,2,11442.01,11442.01
Super built-up  Area,Ready To Move,other,3 BHK,1600.0,3,2,100.0,3,6250.0,6250.0
Built-up  Area,Ready To Move,other,4 BHK,2100.0,3,2,280.0,4,13333.33,13333.33
Super built-up  Area,Ready To Move,other,3 BHK,2100.0,3,1,270.0,3,12857.14,12857.14
Built-up  Area,Ready To Move,other,4 BHK,3500.0,4,3,320.0,4,9142.86,9142.86
Super built-up  Area,Ready To Move,other,3 BHK,1540.0,3,2,150.0,3,9740.26,9740.26
Built-up  Area,Ready To Move,other,4 Bedroom,3200.0,4,0,270.0,4,8437.5,8437.5
Super built-up  Area,Ready To Move,other,2 BHK,1165.0,2,1,65.0,2,5579.4,5579.4
Built-up  Area,Ready To Move,other,2 BHK,800.0,1,3,95.0,2,11875.0,11875.0
Plot  Area,Ready To Move,other,4 Bedroom,1650.0,2,1,140.0,4,8484.85,8484.85
Plot  Area,Ready To Move,other,3 Bedroom,4395.0,3,3,240.0,3,5460.75,5460.75
Built-up  Area,Ready To Move,other,3 BHK,1936.0,3,2,139.0,3,7179.75,7179.75
Super built-up  Area,Ready To Move,other,1 BHK,1200.0,1,0,65.0,1,5416.67,5416.67
Super built-up  Area,Ready To Move,other,2 BHK,1310.0,2,1,88.0,2,6717.56,6717.56
Built-up  Area,Ready To Move,other,5 Bedroom,2000.0,5,2,240.0,5,12000.0,12000.0
Built-up  Area,Ready To Move,other,4 BHK,4500.0,4,3,345.0,4,7666.67,7666.67
Built-up  Area,Ready To Move,other,3 BHK,3155.0,4,1,316.0,3,10015.85,10015.85
Super built-up  Area,Ready To Move,other,2 BHK,1441.0,2,1,115.0,2,7980.57,7980.57
Super built-up  Area,Ready To Move,other,1 BHK,418.0,1,1,17.0,1,4066.99,4066.99
Plot  Area,Ready To Move,other,3 Bedroom,1200.0,3,1,80.0,3,6666.67,6666.67
Plot  Area,Ready To Move,other,3 Bedroom,1500.0,2,1,200.0,3,13333.33,13333.33
Super built-up  Area,19-Dec,other,1 BHK,610.0,1,0,28.0,1,4590.16,4590.16
Built-up  Area,Ready To Move,other,3 BHK,1864.0,3,2,120.0,3,6437.77,6437.77
Built-up  Area,Ready To Move,other,2 BHK,950.0,2,3,57.0,2,6000.0,6000.0
Super built-up  Area,18-May,other,2 BHK,1100.0,2,1,62.0,2,5636.36,5636.36
Plot  Area,Ready To Move,other,4 Bedroom,1200.0,4,2,165.0,4,13750.0,13750.0
Plot  Area,Ready To Move,other,3 Bedroom,1200.0,2,0,90.0,3,7500.0,7500.0
Super built-up  Area,Ready To Move,other,2 BHK,1279.0,2,3,100.0,2,7818.61,7818.61
Plot  Area,Ready To Move,other,4 Bedroom,3600.0,4,2,300.0,4,8333.33,8333.33
Plot  Area,Ready To Move,other,3 Bedroom,1600.0,4,1,120.0,3,7500.0,7500.0
Built-up  Area,Ready To Move,other,2 BHK,1308.0,2,1,86.0,2,6574.92,6574.92
Built-up  Area,Ready To Move,other,4 BHK,2170.0,3,2,265.0,4,12211.98,12211.98
Super built-up  Area,Ready To Move,other,2 BHK,1225.0,2,2,71.05,2,5800.0,5800.0
Plot  Area,18-Apr,other,2 Bedroom,1200.0,3,0,78.0,2,6500.0,6500.0
Super built-up  Area,Ready To Move,other,3 BHK,2180.0,3,3,273.0,3,12522.94,12522.94
Super built-up  Area,Ready To Move,other,8 BHK,3300.0,8,3,310.0,8,9393.94,9393.94
Built-up  Area,Ready To Move,other,2 BHK,1300.0,2,3,95.0,2,7307.69,7307.69
Super built-up  Area,Ready To Move,other,2 BHK,1350.0,2,2,89.5,2,6629.63,6629.63
Built-up  Area,Ready To Move,other,3 BHK,2312.0,3,2,156.0,3,6747.4,6747.4
Built-up  Area,Ready To Move,other,2 BHK,1175.0,2,1,70.0,2,5957.45,5957.45
Built-up  Area,Ready To Move,other,3 BHK,2150.0,3,3,240.0,3,11162.79,11162.79
Plot  Area,Ready To Move,other,4 Bedroom,1386.0,3,2,93.0,4,6709.96,6709.96
Plot  Area,Ready To Move,other,3 Bedroom,2500.0,2,1,300.0,3,12000.0,12000.0
Super built-up  Area,Ready To Move,other,3 BHK,1500.0,2,2,120.0,3,8000.0,8000.0
Built-up  Area,Ready To Move,other,1 Bedroom,1200.0,1,0,39.82,1,3318.33,3318.33
Built-up  Area,Ready To Move,other,5 Bedroom,3520.0,6,1,460.0,5,13068.18,13068.18
Built-up  Area,Ready To Move,other,3 Bedroom,1200.0,3,1,68.0,3,5666.67,5666.67
Super built-up  Area,Ready To Move,other,6 BHK,3800.0,6,1,390.0,6,10263.16,10263.16
Plot  Area,Ready To Move,other,1 Bedroom,410.0,1,1,48.0,1,11707.32,11707.32
Super built-up  Area,Ready To Move,other,3 BHK,1717.0,3,2,200.0,3,11648.22,11648.22
Plot  Area,Ready To Move,other,2 Bedroom,880.0,1,0,90.0,2,10227.27,10227.27
Super built-up  Area,Ready To Move,other,2 BHK,1293.0,2,2,80.0,2,6187.16,6187.16
Plot  Area,Ready To Move,other,3 Bedroom,1065.0,3,1,72.0,3,6760.56,6760.56
Built-up  Area,Ready To Move,other,3 BHK,1250.0,2,1,77.13,3,6170.4,6170.4
Carpet  Area,Ready To Move,other,4 Bedroom,2100.0,3,0,210.0,4,10000.0,10000.0
Plot  Area,Ready To Move,other,6 Bedroom,7000.0,6,2,560.0,6,8000.0,8000.0
Built-up  Area,Ready To Move,other,2 BHK,1220.0,2,2,72.0,2,5901.64,5901.64
Built-up  Area,Ready To Move,other,2 BHK,1100.0,2,2,75.0,2,6818.18,6818.18
Plot  Area,Ready To Move,other,2 Bedroom,1350.0,2,0,90.0,2,6666.67,6666.67
Plot  Area,Ready To Move,other,4 Bedroom,4800.0,5,2,350.0,4,7291.67,7291.67
Plot  Area,Ready To Move,other,3 Bedroom,1200.0,3,2,110.0,3,9166.67,9166.67
Super built-up  Area,Ready To Move,other,1 BHK,705.0,1,1,65.0,1,9219.86,9219.86
Built-up  Area,Ready To Move,other,2 BHK,1250.0,2,3,75.0,2,6000.0,6000.0
Super built-up  Area,18-Jun,other,1 BHK,648.0,1,1,40.0,1,6172.84,6172.84
Plot  Area,Ready To Move,other,4 Bedroom,1200.0,5,1,150.0,4,12500.0,12500.0
Super built-up  Area,Ready To Move,other,1 BHK,500.0,1,1,13.0,1,2600.0,2600.0
Plot  Area,Ready To Move,other,5 Bedroom,2400.0,4,1,325.0,5,13541.67,13541.67
Super built-up  Area,Ready To Move,other,2 BHK,1180.0,2,2,65.0,2,5508.47,5508.47
Super built-up  Area,Ready To Move,other,2 BHK,975.0,2,1,55.0,2,5641.03,5641.03
Built-up  Area,Ready To Move,other,2 BHK,1115.0,2,1,115.0,2,10313.9,10313.9
Super built-up  Area,Ready To Move,other,3 BHK,1495.0,3,2,90.0,3,6020.07,6020.07
Built-up  Area,Ready To Move,other,2 BHK,1000.0,2,2,60.0,2,6000.0,6000.0
Built-up  Area,Ready To Move,other,2 Bedroom,660.0,2,0,76.0,2,11515.15,11515.15
Built-up  Area,Ready To Move,other,2 BHK,1275.0,2,1,76.0,2,5960.78,5960.78
Built-up  Area,20-Dec,other,1 BHK,793.0,1,1,40.0,1,5044.14,5044.14
Super built-up  Area,Ready To Move,other,3 BHK,1630.0,2,2,130.0,3,7975.46,7975.46
Super built-up  Area,Ready To Move,other,3 BHK,3000.0,3,2,400.0,3,13333.33,13333.33
Plot  Area,Ready To Move,other,2 Bedroom,1200.0,2,0,82.0,2,6833.33,6833.33
Super built-up  Area,Ready To Move,other,3 BHK,1419.0,3,2,85.0,3,5990.13,5990.13
Built-up  Area,Ready To Move,other,3 Bedroom,2020.0,3,3,270.0,3,13366.34,13366.34
Built-up  Area,Ready To Move,other,1 BHK,850.0,1,0,50.0,1,5882.35,5882.35
Built-up  Area,Ready To Move,other,2 BHK,933.0,2,0,55.0,2,5894.96,5894.96
Super built-up  Area,Ready To Move,other,2 BHK,823.0,2,1,80.0,2,9720.53,9720.53
Plot  Area,Ready To Move,other,3 Bedroom,1750.0,3,2,120.0,3,6857.14,6857.14
Super built-up  Area,Ready To Move,other,3 BHK,2150.0,3,0,170.0,3,7906.98,7906.98
Super built-up  Area,Ready To Move,other,3 BHK,2200.0,2,1,190.0,3,8636.36,8636.36
Super built-up  Area,Ready To Move,other,2 BHK,1368.0,2,3,87.0,2,6359.65,6359.65
Built-up  Area,Ready To Move,other,3 BHK,1507.0,3,1,80.0,3,5308.56,5308.56
Plot  Area,Ready To Move,other,3 Bedroom,1200.0,3,1,70.0,3,5833.33,5833.33
Super built-up  Area,Ready To Move,other,2 BHK,1175.0,2,2,83.0,2,7063.83,7063.83
Super built-up  Area,Ready To Move,other,3 BHK,6729.0,4,1,900.0,3,13374.94,13374.94
Built-up  Area,Ready To Move,other,3 BHK,1400.0,3,2,98.0,3,7000.0,7000.0
Super built-up  Area,18-May,other,3 BHK,2240.0,3,2,300.0,3,13392.86,13392.86
Plot  Area,Ready To Move,other,3 Bedroom,1520.0,3,1,165.0,3,10855.26,10855.26
Super built-up  Area,Ready To Move,other,4 BHK,2360.0,3,2,185.0,4,7838.98,7838.98
Plot  Area,Ready To Move,other,2 Bedroom,800.0,1,0,45.0,2,5625.0,5625.0
Plot  Area,17-Dec,other,4 Bedroom,1200.0,4,0,120.0,4,10000.0,10000.0
Plot  Area,Ready To Move,other,3 Bedroom,1892.0,3,2,200.0,3,10570.82,10570.82
Super built-up  Area,Ready To Move,other,2 BHK,1050.0,2,2,65.0,2,6190.48,6190.48
Super built-up  Area,Ready To Move,other,3 BHK,1625.0,3,3,92.0,3,5661.54,5661.54
Super built-up  Area,Ready To Move,other,2 BHK,1269.0,2,2,97.0,2,7643.81,7643.81
Super built-up  Area,Ready To Move,other,3 BHK,1270.0,2,2,95.25,3,7500.0,7500.0
Super built-up  Area,Ready To Move,other,3 BHK,1353.0,2,2,110.0,3,8130.08,8130.08
Plot  Area,18-Feb,other,2 Bedroom,1200.0,2,1,68.0,2,5666.67,5666.67
Super built-up  Area,Ready To Move,other,3 BHK,1250.0,2,1,70.0,3,5600.0,5600.0
Super built-up  Area,19-Mar,other,3 BHK,1950.2,3,2,261.0,3,13383.24,13383.24
Super built-up  Area,Ready To Move,other,2 BHK,1040.0,2,1,68.0,2,6538.46,6538.46
Super built-up  Area,19-Mar,other,3 BHK,2171.66,3,2,298.0,3,13722.22,13722.22
Super built-up  Area,18-May,other,3 BHK,1600.0,3,1,100.0,3,6250.0,6250.0
Plot  Area,Ready To Move,other,1 Bedroom,540.0,1,0,22.0,1,4074.07,4074.07
Super built-up  Area,18-Dec,other,3 BHK,1950.2,3,2,193.0,3,9896.42,9896.42
Super built-up  Area,Ready To Move,other,2 BHK,1013.0,2,2,60.0,2,5923.0,5923.0
Super built-up  Area,Ready To Move,other,3 BHK,2100.0,3,3,220.0,3,10476.19,10476.19
Super built-up  Area,Ready To Move,other,3 BHK,1625.0,3,2,95.0,3,5846.15,5846.15
Plot  Area,Ready To Move,other,5 Bedroom,1600.0,5,2,140.0,5,8750.0,8750.0
Super built-up  Area,Ready To Move,other,2 BHK,930.0,1,1,55.0,2,5913.98,5913.98
Built-up  Area,Ready To Move,other,4 Bedroom,2400.0,3,0,185.0,4,7708.33,7708.33
Built-up  Area,Ready To Move,other,3 BHK,1427.0,2,1,85.0,3,5956.55,5956.55
Super built-up  Area,Ready To Move,other,2 BHK,2031.0,2,2,200.0,2,9847.37,9847.37
Plot  Area,Ready To Move,other,4 Bedroom,2000.0,3,1,180.0,4,9000.0,9000.0
Super built-up  Area,Ready To Move,other,1 BHK,700.0,1,1,25.5,1,3642.86,3642.86
Plot  Area,Ready To Move,other,3 Bedroom,1200.0,3,2,120.0,3,10000.0,10000.0
Super built-up  Area,Ready To Move,other,2 BHK,1200.0,2,1,115.0,2,9583.33,9583.33
Plot  Area,Ready To Move,other,5 Bedroom,1650.0,6,1,200.0,5,12121.21,12121.21
Super built-up  Area,Ready To Move,other,3 BHK,2000.0,3,3,200.0,3,10000.0,10000.0
Super built-up  Area,Ready To Move,other,2 BHK,1150.0,2,2,90.0,2,7826.09,7826.09
Super built-up  Area,20-Dec,other,1 BHK,595.0,1,1,40.0,1,6722.69,6722.69
Plot  Area,Ready To Move,other,3 Bedroom,5480.0,4,2,400.0,3,7299.27,7299.27
Plot  Area,Ready To Move,other,4 Bedroom,3700.0,4,2,400.0,4,10810.81,10810.81
Carpet  Area,Ready To Move,other,3 BHK,1625.0,3,1,150.0,3,9230.77,9230.77
Super built-up  Area,Ready To Move,other,3 BHK,1515.0,3,3,80.5,3,5313.53,5313.53
Super built-up  Area,Ready To Move,other,3 BHK,2505.0,3,1,165.0,3,6586.83,6586.83
Super built-up  Area,Ready To Move,other,3 BHK,1650.0,3,2,135.0,3,8181.82,8181.82
Super built-up  Area,Ready To Move,other,2 BHK,925.0,2,1,68.0,2,7351.35,7351.35
Built-up  Area,Ready To Move,other,3 BHK,1750.0,3,2,100.0,3,5714.29,5714.29
Super built-up  Area,Ready To Move,other,1 BHK,747.0,1,2,27.0,1,3614.46,3614.46
Super built-up  Area,Ready To Move,other,3 BHK,1738.0,3,2,110.0,3,6329.11,6329.11
Super built-up  Area,Ready To Move,other,3 BHK,1720.0,3,1,95.0,3,5523.26,5523.26
Super built-up  Area,Ready To Move,other,1 BHK,500.0,1,2,51.0,1,10200.0,10200.0
Super built-up  Area,Ready To Move,other,2 BHK,1290.0,2,2,71.95,2,5577.52,5577.52
Built-up  Area,Ready To Move,other,3 BHK,1650.0,3,2,140.0,3,8484.85,8484.85
Super built-up  Area,Ready To Move,other,1 BHK,2559.0,1,1,55.0,1,2149.28,2149.28
Super built-up  Area,Ready To Move,other,1 BHK,720.0,1,2,28.0,1,3888.89,3888.89
Built-up  Area,Ready To Move,other,2 BHK,1100.0,2,1,90.0,2,8181.82,8181.82
Super built-up  Area,Ready To Move,other,1 BHK,600.0,1,1,22.8,1,3800.0,3800.0
Super built-up  Area,Ready To Move,other,1 BHK,540.0,1,2,24.0,1,4444.44,4444.44
Plot  Area,18-May,other,4 Bedroom,1200.0,4,1,85.0,4,7083.33,7083.33
Super built-up  Area,Ready To Move,other,3 BHK,2400.0,3,2,185.0,3,7708.33,7708.33
Super built-up  Area,22-Jan,other,3 BHK,1432.0,3,2,79.0,3,5516.76,5516.76
Super built-up  Area,Ready To Move,other,3 BHK,1500.0,3,3,90.0,3,6000.0,6000.0
Super built-up  Area,Ready To Move,other,4 BHK,3500.0,3,3,425.0,4,12142.86,12142.86
Built-up  Area,Ready To Move,other,4 Bedroom,3100.0,5,0,425.0,4,13709.68,13709.68
Plot  Area,Ready To Move,other,4 Bedroom,1200.0,4,1,110.0,4,9166.67,9166.67
Plot  Area,Ready To Move,other,1 Bedroom,600.0,1,0,24.0,1,4000.0,4000.0
Super built-up  Area,Ready To Move,other,3 BHK,1770.0,3,2,99.0,3,5593.22,5593.22
Super built-up  Area,Ready To Move,other,3 BHK,1800.0,3,1,130.0,3,7222.22,7222.22
Super built-up  Area,Ready To Move,other,3 BHK,1570.0,2,2,95.0,3,6050.96,6050.96
Super built-up  Area,Ready To Move,other,3 BHK,2250.0,3,0,180.0,3,8000.0,8000.0
Built-up  Area,Ready To Move,other,2 BHK,1270.0,2,1,172.0,2,13543.31,13543.31
Built-up  Area,18-Mar,other,5 Bedroom,3210.0,5,1,353.0,5,10996.88,10996.88
Super built-up  Area,Ready To Move,other,3 BHK,1950.0,3,3,132.0,3,6769.23,6769.23
Plot  Area,Ready To Move,other,3 Bedroom,1200.0,2,2,130.0,3,10833.33,10833.33
Super built-up  Area,Ready To Move,other,3 BHK,1600.0,3,2,102.0,3,6375.0,6375.0
Carpet  Area,Ready To Move,other,2 BHK,1100.0,2,1,65.0,2,5909.09,5909.09
Super built-up  Area,Ready To Move,other,2 BHK,600.0,3,2,72.0,2,12000.0,12000.0
Super built-up  Area,Ready To Move,other,3 BHK,1200.0,3,3,75.0,3,6250.0,6250.0
Super built-up  Area,Ready To Move,other,1 BHK,450.0,1,1,20.0,1,4444.44,4444.44
Super built-up  Area,Ready To Move,other,3 BHK,1719.0,3,3,95.0,3,5526.47,5526.47
Super built-up  Area,Ready To Move,other,1 BHK,540.0,1,1,22.5,1,4166.67,4166.67
Super built-up  Area,Ready To Move,other,3 BHK,1500.0,3,2,85.0,3,5666.67,5666.67
Super built-up  Area,Ready To Move,other,3 BHK,1360.0,2,2,73.0,3,5367.65,5367.65
Built-up  Area,Ready To Move,other,2 BHK,1182.0,2,1,64.0,2,5414.55,5414.55
Plot  Area,Ready To Move,other,3 Bedroom,1350.0,1,0,120.0,3,8888.89,8888.89
Super built-up  Area,Ready To Move,other,3 BHK,1500.0,3,1,90.0,3,6000.0,6000.0
Super built-up  Area,Ready To Move,other,3 BHK,2292.0,2,1,285.0,3,12434.55,12434.55
Super built-up  Area,Ready To Move,other,3 BHK,1945.0,3,2,135.0,3,6940.87,6940.87
Super built-up  Area,Ready To Move,other,2 BHK,1075.0,2,2,58.0,2,5395.35,5395.35
Super built-up  Area,Ready To Move,other,2 BHK,1035.0,2,2,60.0,2,5797.1,5797.1
Super built-up  Area,18-Apr,other,2 BHK,1232.0,2,1,94.28,2,7652.6,7652.6
Built-up  Area,Ready To Move,other,4 Bedroom,2700.0,3,2,230.0,4,8518.52,8518.52
Built-up  Area,Ready To Move,other,4 BHK,2872.0,4,3,183.0,4,6371.87,6371.87
Super built-up  Area,19-Jun,other,2 BHK,1100.0,2,2,64.08,2,5825.45,5825.45
Built-up  Area,Ready To Move,other,2 Bedroom,1600.0,2,1,90.0,2,5625.0,5625.0
Super built-up  Area,Ready To Move,other,1 BHK,530.0,1,1,18.0,1,3396.23,3396.23
Plot  Area,Ready To Move,other,6 Bedroom,1800.0,5,1,140.0,6,7777.78,7777.78
Super built-up  Area,Ready To Move,other,2 BHK,1012.0,2,1,62.0,2,6126.48,6126.48
Built-up  Area,Ready To Move,other,3 BHK,1490.0,3,0,140.0,3,9395.97,9395.97
Built-up  Area,Ready To Move,other,2 BHK,1650.0,1,1,130.0,2,7878.79,7878.79
Super built-up  Area,Ready To Move,other,2 BHK,1155.0,2,1,64.0,2,5541.13,5541.13
Carpet  Area,19-Jan,other,2 BHK,1200.0,2,3,70.0,2,5833.33,5833.33
Super built-up  Area,Ready To Move,other,1 BHK,1800.0,1,1,200.0,1,11111.11,11111.11
Super built-up  Area,Ready To Move,other,2 BHK,1353.0,2,2,110.0,2,8130.08,8130.08
Plot  Area,18-Jan,other,1 Bedroom,812.0,1,0,26.0,1,3201.97,3201.97
Super built-up  Area,Ready To Move,other,4 BHK,3600.0,5,1,400.0,4,11111.11,11111.11
